....
----------------------------------------------------------------------
Ran 4 tests in 3.805s

OK
{
  "checks": {
    "approved_source_identities": {
      "actual": {
        "core_mirror_sha256": "890268af81a53815b8e11c238e4a1694eabb79664a1ca087fd7fe22b9fabe5d7",
        "pack_sha256": "890268af81a53815b8e11c238e4a1694eabb79664a1ca087fd7fe22b9fabe5d7",
        "protocol_sha256": "22bbaada0e757b0c1ffd5a914ca4835c12ebc6af2c61eb971c48f6e36150983e",
        "source_review_sha256": "4d316aacee158dbcc36daf4bd191d84ee7c511d471555ec3084115dabaeefd64",
        "source_xml_sha256": "7c08a6cb64d21e082ecf62a94fc3ef0be42c64fb68443658eff393ddc0bc0864"
      },
      "expected": {
        "core_mirror_sha256": "890268af81a53815b8e11c238e4a1694eabb79664a1ca087fd7fe22b9fabe5d7",
        "pack_sha256": "890268af81a53815b8e11c238e4a1694eabb79664a1ca087fd7fe22b9fabe5d7",
        "protocol_sha256": "22bbaada0e757b0c1ffd5a914ca4835c12ebc6af2c61eb971c48f6e36150983e",
        "source_review_sha256": "4d316aacee158dbcc36daf4bd191d84ee7c511d471555ec3084115dabaeefd64",
        "source_xml_sha256": "7c08a6cb64d21e082ecf62a94fc3ef0be42c64fb68443658eff393ddc0bc0864"
      },
      "pass": true
    },
    "core_mirror_bytes": {
      "identical": true,
      "pass": true,
      "sha256": "890268af81a53815b8e11c238e4a1694eabb79664a1ca087fd7fe22b9fabe5d7"
    },
    "pack_identity_and_units": {
      "ci_bq": 37000000000,
      "ecfr_source_url": "https://www.ecfr.gov/current/title-10/chapter-I/part-61/subpart-D/section-61.55",
      "id": "us-nrc-10cfr61.55-v1",
      "pass": true,
      "schema": "actinv-waste-rules-1",
      "source_as_of": "2026-10-01",
      "source_sha256_matches_xml": true,
      "source_url": "https://www.govinfo.gov/content/pkg/CFR-2025-title10-vol2/xml/CFR-2025-title10-vol2-sec61-55.xml",
      "version": 1,
      "year_s": 31557600
    },
    "persisted_seal": {
      "pass": true,
      "same_inputs": true,
      "same_result": true,
      "sealed": true,
      "verdict": "P103-G0-SEALED"
    },
    "source_footnotes": {
      "pass": true,
      "table1_nci_g_note_present": true,
      "table1_units_note": "1 Units are nanocuries per gram.",
      "table2_default_class_b_note_present": true,
      "table2_no_class_b_c_limit_note_present": true,
      "table2_no_limit_note": "1 There are no limits established for these radionuclides in Class B or C wastes. Practical considerations such as the effects of external radiation and internal heat generation on transportation, handling, and disposal will limit the concentrations for these wastes. These wastes shall be Class B unless the concentrations of other nuclides in Table 2 determine the waste to be Class C independent of these nuclides.",
      "table2_unbounded_rows_have_footnote_markers": true
    },
    "source_review_decisions": {
      "decisions": {
        "cm242_table2_aggregate": "including Cm-242 even though it has a Table 1 row",
        "equal_five_year_boundary": "exactly five is neither",
        "external_tritium_no_implicit_zero": "No implicit zero",
        "metal_variants_replace_general": "Metal variants replace their general rows",
        "pu241_dedicated_precedence": "A dedicated nuclide row takes precedence over a generic category",
        "short_lived_named_row_precedence": "without a dedicated Table 2 row",
        "single_component_volume_basis": "declared single component under (a)(8); it does not qualify full CA BTP conformity",
        "unknown_metadata_fails_closed": "Missing metadata on any active nuclide yields an unknown class"
      },
      "pass": true,
      "protocol_anchors_present": {
        "cm242_table2_aggregate": true,
        "equal_five_year_boundary": true,
        "external_tritium_no_implicit_zero": true,
        "metal_variants_replace_general": true,
        "pu241_dedicated_precedence": true,
        "short_lived_named_row_precedence": true,
        "single_component_volume_basis": true,
        "unknown_metadata_fails_closed": true
      }
    },
    "source_table_rows": {
      "expected_row_count": 16,
      "pack_matches_independent_transcription": true,
      "pass": true,
      "rows_match_independent_transcription": true,
      "source_row_count": 16
    }
  },
  "input_sha256": {
    "core_mirror_sha256": "890268af81a53815b8e11c238e4a1694eabb79664a1ca087fd7fe22b9fabe5d7",
    "pack_sha256": "890268af81a53815b8e11c238e4a1694eabb79664a1ca087fd7fe22b9fabe5d7",
    "protocol_sha256": "22bbaada0e757b0c1ffd5a914ca4835c12ebc6af2c61eb971c48f6e36150983e",
    "source_review_sha256": "4d316aacee158dbcc36daf4bd191d84ee7c511d471555ec3084115dabaeefd64",
    "source_xml_sha256": "7c08a6cb64d21e082ecf62a94fc3ef0be42c64fb68443658eff393ddc0bc0864"
  },
  "protocol": "ACTINV-P103",
  "schema": "actinv-p103-g0-seal-1",
  "sealed": true,
  "verdict": "P103-G0-SEALED"
}
{
  "amendment_sha256": "b83a177adcd2614b771da62726a0e3d941f9e986c62cd218f8baea3a7ec8bf54",
  "checks": {
    "inherited_p103_source_seal": {
      "pass": true,
      "read_only": true,
      "result_path": "results/g0_p103_seals.json"
    },
    "persisted_successor_seal": {
      "pass": true,
      "same_result": true
    },
    "phase_repair_amendment_registered": {
      "actual_sha256": "023766635d97829284705d485848657e38065a6da3dec95e982811cb62f30b40",
      "expected_sha256": "023766635d97829284705d485848657e38065a6da3dec95e982811cb62f30b40",
      "pass": true,
      "registered": true
    },
    "protocol_registered": {
      "actual_sha256": "f38b973532010f4a7e4dc644faaffe6c8c420e42aa2e27c898e029ecef035075",
      "expected_sha256": "f38b973532010f4a7e4dc644faaffe6c8c420e42aa2e27c898e029ecef035075",
      "pass": true,
      "registered": true
    },
    "repair_amendment_registered": {
      "actual_sha256": "b83a177adcd2614b771da62726a0e3d941f9e986c62cd218f8baea3a7ec8bf54",
      "expected_sha256": "b83a177adcd2614b771da62726a0e3d941f9e986c62cd218f8baea3a7ec8bf54",
      "pass": true,
      "registered": true
    }
  },
  "control_hashes": {
    "budget_helper_sha256": "b9b69dc424a37d45b41b165276884c3d032d32ea968e3fd0f4c85add653c41bb",
    "checker_sha256": "fad7a5e78f3f4b29941a3f4c340f875f5a31095ba429fa6c7857a47084810ef1",
    "child_regression_sha256": "adcbe6d06a2e39b7e45e17b59728f35788d9104dfc8b24e8a85669babcb6c4ce"
  },
  "inherited_protocol_sha256": "22bbaada0e757b0c1ffd5a914ca4835c12ebc6af2c61eb971c48f6e36150983e",
  "inherited_source_seal_sha256": "31a87b130be75f290569d0bea083ec4e687e498a0627eeed25cf8c0209e38367",
  "inherited_vector_fixture_sha256": "bfefb655b2df52da7ccb7a93cfd7c22bdc18762917e900e828ebd97d58b2bb42",
  "inherited_vector_seal_sha256": "a3a846da215940f66bb5f428a0aa4931b9a26250ea14a12d0bc5c5369cfd9293",
  "phase": "P105",
  "protocol": "ACTINV-P105",
  "protocol_sha256": "f38b973532010f4a7e4dc644faaffe6c8c420e42aa2e27c898e029ecef035075",
  "schema": "actinv-p105-successor-g0-1",
  "sealed": true,
  "verdict": "P105-G0-SEALED"
}
{
  "component_checks": {
    "1": {
      "displaced_volume_cm3": true,
      "mass_g": true,
      "status": true,
      "waste_type": true
    },
    "2": {
      "displaced_volume_cm3": true,
      "mass_g": true,
      "status": true,
      "waste_type": true
    },
    "3": {
      "displaced_volume_cm3": true,
      "mass_g": true,
      "status": true,
      "waste_type": true
    },
    "4": {
      "displaced_volume_cm3": true,
      "mass_g": true,
      "status": true,
      "waste_type": true
    }
  },
  "declared_h3_relocation": {
    "errors": [],
    "external_h3_activity_bq": 1480000.000148,
    "pass": true,
    "source_vector": "t2-H-3-col1-above",
    "zero_activation_calculated_only_class": "A"
  },
  "fixture": {
    "fixture_sha256": "bfefb655b2df52da7ccb7a93cfd7c22bdc18762917e900e828ebd97d58b2bb42",
    "generator_sha256": "89c05549d8a9b71c256e3688f64b56cb62f24b2e59b7d5ab4a7e79ff6adbd284",
    "vector_count": 126
  },
  "invalid_inputs": {
    "absent_mesh_cell": {
      "output_published": false,
      "pass": true,
      "returncode": 1,
      "stderr_tail": "component p105-invalid-input-component references missing mesh cell absent"
    },
    "conflicting_geometry": {
      "output_published": false,
      "pass": true,
      "returncode": 1,
      "stderr_tail": "component p105-invalid-input-component declares both displaced_volume_cm3 and density_g_cm3"
    },
    "duplicate_alias": {
      "output_published": false,
      "pass": true,
      "returncode": 1,
      "stderr_tail": "duplicate nuclide properties after identity normalization: 'Nb94'"
    },
    "duplicate_component_ids": {
      "output_published": false,
      "pass": true,
      "returncode": 1,
      "stderr_tail": "component id 'component-a' is empty or duplicated"
    },
    "duplicate_mesh_cell_id": {
      "output_published": false,
      "pass": true,
      "returncode": 1,
      "stderr_tail": "mesh input repeats cell id cell-a"
    },
    "duplicate_targets": {
      "output_published": false,
      "pass": true,
      "returncode": 1,
      "stderr_tail": "targets must not contain duplicate step numbers"
    },
    "empty_component_cells": {
      "output_published": false,
      "pass": true,
      "returncode": 1,
      "stderr_tail": "mesh component p105-invalid-input-component must declare cells"
    },
    "empty_components": {
      "output_published": false,
      "pass": true,
      "returncode": 1,
      "stderr_tail": "components must contain at least one component"
    },
    "empty_mesh_cell_id": {
      "output_published": false,
      "pass": true,
      "returncode": 1,
      "stderr_tail": "mesh cell id must not be empty"
    },
    "empty_targets": {
      "output_published": false,
      "pass": true,
      "returncode": 1,
      "stderr_tail": "targets must contain positive one-based step numbers"
    },
    "false_h3_attestation": {
      "output_published": false,
      "pass": true,
      "returncode": 1,
      "stderr_tail": "declared external_tritium needs a source and excludes_activation:true"
    },
    "mesh_footer_count": {
      "output_published": false,
      "pass": true,
      "returncode": 1,
      "stderr_tail": "mesh footer cell_count Some(2) does not match 1 cell records"
    },
    "mesh_header_schema": {
      "output_published": false,
      "pass": true,
      "returncode": 1,
      "stderr_tail": "mesh input has duplicate or unsupported header"
    },
    "missing_declared_h3_step": {
      "output_published": false,
      "pass": true,
      "returncode": 1,
      "stderr_tail": "external_tritium has no activity_bq for selected step 1"
    },
    "missing_target_step": {
      "output_published": false,
      "pass": true,
      "returncode": 1,
      "stderr_tail": "component p105-invalid-input-component input has no selected step 2"
    },
    "native_cells": {
      "output_published": false,
      "pass": true,
      "returncode": 1,
      "stderr_tail": "native run input requires exactly one component and no cells"
    },
    "nonpositive_geometry": {
      "output_published": false,
      "pass": true,
      "returncode": 1,
      "stderr_tail": "component p105-invalid-input-component displaced_volume_cm3 must be finite and positive"
    },
    "overlapping_component_cell_membership": {
      "output_published": false,
      "pass": true,
      "returncode": 1,
      "stderr_tail": "mesh cell cell-a overlaps component membership"
    },
    "run_schema": {
      "output_published": false,
      "pass": true,
      "returncode": 1,
      "stderr_tail": "input: native run results have no schema field; unsupported explicit schema"
    },
    "unequal_cell_masses": {
      "output_published": false,
      "pass": true,
      "returncode": 1,
      "stderr_tail": "component p105-invalid-input-component cell masses do not close to component mass (relative error 0.5)"
    },
    "unequal_cell_timestamps": {
      "output_published": false,
      "pass": true,
      "returncode": 1,
      "stderr_tail": "component p105-invalid-input-component cells have unequal timestamps at step 1"
    }
  },
  "mutations_rejected": {
    "class": true,
    "constraint_sum": true,
    "row_limit": true
  },
  "pass": true,
  "persisted_result_matches": true,
  "repeated_classification_byte_identity": {
    "1": true
  },
  "schema": "actinv-p105-g1-classes-1",
  "successor_protocol_sha256": "f38b973532010f4a7e4dc644faaffe6c8c420e42aa2e27c898e029ecef035075",
  "unequal_mass_mesh_aggregation": {
    "cell_masses_g": [
      0.25,
      0.75
    ],
    "errors": [],
    "pass": true,
    "source_vector": "activated-metal-c14-substitution",
    "transformation": "0.25 g at 2x plus 0.75 g at 2/3x preserves the frozen 1 g component activity"
  },
  "vectors": {
    "activated-metal-c14-substitution": {
      "calculated_only_class": "C",
      "class": "C",
      "coverage": "complete",
      "errors": [],
      "expected_class": "C",
      "expected_constraints": [
        {
          "column": null,
          "contributor_count": 1,
          "contributors": [
            "C14"
          ],
          "normalized_sum": 10.0,
          "passes": false,
          "source_sum_fraction": 1.0,
          "strict": false,
          "table": 1,
          "target_class": "A"
        },
        {
          "column": 1,
          "contributor_count": 0,
          "contributors": [],
          "normalized_sum": 0.0,
          "passes": true,
          "source_sum_fraction": 0.0,
          "strict": false,
          "table": 2,
          "target_class": "A"
        },
        {
          "column": null,
          "contributor_count": 1,
          "contributors": [
            "C14"
          ],
          "normalized_sum": 10.0,
          "passes": false,
          "source_sum_fraction": 1.0,
          "strict": false,
          "table": 1,
          "target_class": "B"
        },
        {
          "column": 2,
          "contributor_count": 0,
          "contributors": [],
          "normalized_sum": 0.0,
          "passes": true,
          "source_sum_fraction": 0.0,
          "strict": false,
          "table": 2,
          "target_class": "B"
        },
        {
          "column": null,
          "contributor_count": 1,
          "contributors": [
            "C14"
          ],
          "normalized_sum": 1.0,
          "passes": true,
          "source_sum_fraction": 1.0,
          "strict": false,
          "table": 1,
          "target_class": "C"
        },
        {
          "column": 3,
          "contributor_count": 0,
          "contributors": [],
          "normalized_sum": 0.0,
          "passes": true,
          "source_sum_fraction": 0.0,
          "strict": false,
          "table": 2,
          "target_class": "C"
        }
      ],
      "expected_row_fractions": {
        "T1:C-14_activated_metal": 1.0
      },
      "pass": true
    },
    "activated-metal-ni63-substitution": {
      "calculated_only_class": "A",
      "class": "A",
      "coverage": "complete",
      "errors": [],
      "expected_class": "A",
      "expected_constraints": [
        {
          "column": null,
          "contributor_count": 0,
          "contributors": [],
          "normalized_sum": 0.0,
          "passes": true,
          "source_sum_fraction": 0.0,
          "strict": false,
          "table": 1,
          "target_class": "A"
        },
        {
          "column": 1,
          "contributor_count": 1,
          "contributors": [
            "Ni63"
          ],
          "normalized_sum": 1.0,
          "passes": true,
          "source_sum_fraction": 1.0,
          "strict": false,
          "table": 2,
          "target_class": "A"
        },
        {
          "column": null,
          "contributor_count": 0,
          "contributors": [],
          "normalized_sum": 0.0,
          "passes": true,
          "source_sum_fraction": 0.0,
          "strict": false,
          "table": 1,
          "target_class": "B"
        },
        {
          "column": 2,
          "contributor_count": 1,
          "contributors": [
            "Ni63"
          ],
          "normalized_sum": 0.05,
          "passes": true,
          "source_sum_fraction": 0.05,
          "strict": false,
          "table": 2,
          "target_class": "B"
        },
        {
          "column": null,
          "contributor_count": 0,
          "contributors": [],
          "normalized_sum": 0.0,
          "passes": true,
          "source_sum_fraction": 0.0,
          "strict": false,
          "table": 1,
          "target_class": "C"
        },
        {
          "column": 3,
          "contributor_count": 1,
          "contributors": [
            "Ni63"
          ],
          "normalized_sum": 0.005,
          "passes": true,
          "source_sum_fraction": 0.005,
          "strict": false,
          "table": 2,
          "target_class": "C"
        }
      ],
      "expected_row_fractions": {
        "T2:Ni-63_activated_metal:col1": 1.0,
        "T2:Ni-63_activated_metal:col2": 0.05,
        "T2:Ni-63_activated_metal:col3": 0.005
      },
      "pass": true
    },
    "aggregate-short-lived": {
      "calculated_only_class": "A",
      "class": "A",
      "coverage": "complete",
      "errors": [],
      "expected_class": "A",
      "expected_constraints": [
        {
          "column": null,
          "contributor_count": 0,
          "contributors": [],
          "normalized_sum": 0.0,
          "passes": true,
          "source_sum_fraction": 0.0,
          "strict": false,
          "table": 1,
          "target_class": "A"
        },
        {
          "column": 1,
          "contributor_count": 1,
          "contributors": [
            "Xe135"
          ],
          "normalized_sum": 1.0,
          "passes": true,
          "source_sum_fraction": 1.0,
          "strict": false,
          "table": 2,
          "target_class": "A"
        },
        {
          "column": null,
          "contributor_count": 0,
          "contributors": [],
          "normalized_sum": 0.0,
          "passes": true,
          "source_sum_fraction": 0.0,
          "strict": false,
          "table": 1,
          "target_class": "B"
        },
        {
          "column": 2,
          "contributor_count": 0,
          "contributors": [],
          "normalized_sum": 0.0,
          "passes": true,
          "source_sum_fraction": 0.0,
          "strict": false,
          "table": 2,
          "target_class": "B"
        },
        {
          "column": null,
          "contributor_count": 0,
          "contributors": [],
          "normalized_sum": 0.0,
          "passes": true,
          "source_sum_fraction": 0.0,
          "strict": false,
          "table": 1,
          "target_class": "C"
        },
        {
          "column": 3,
          "contributor_count": 0,
          "contributors": [],
          "normalized_sum": 0.0,
          "passes": true,
          "source_sum_fraction": 0.0,
          "strict": false,
          "table": 2,
          "target_class": "C"
        }
      ],
      "expected_row_fractions": {
        "T2:half_life_lt5y:col1": 1.0
      },
      "pass": true
    },
    "alpha-transuranic-aggregate": {
      "calculated_only_class": "C",
      "class": "C",
      "coverage": "complete",
      "errors": [],
      "expected_class": "C",
      "expected_constraints": [
        {
          "column": null,
          "contributor_count": 1,
          "contributors": [
            "Am241"
          ],
          "normalized_sum": 10.0,
          "passes": false,
          "source_sum_fraction": 1.0,
          "strict": false,
          "table": 1,
          "target_class": "A"
        },
        {
          "column": 1,
          "contributor_count": 0,
          "contributors": [],
          "normalized_sum": 0.0,
          "passes": true,
          "source_sum_fraction": 0.0,
          "strict": false,
          "table": 2,
          "target_class": "A"
        },
        {
          "column": null,
          "contributor_count": 1,
          "contributors": [
            "Am241"
          ],
          "normalized_sum": 10.0,
          "passes": false,
          "source_sum_fraction": 1.0,
          "strict": false,
          "table": 1,
          "target_class": "B"
        },
        {
          "column": 2,
          "contributor_count": 0,
          "contributors": [],
          "normalized_sum": 0.0,
          "passes": true,
          "source_sum_fraction": 0.0,
          "strict": false,
          "table": 2,
          "target_class": "B"
        },
        {
          "column": null,
          "contributor_count": 1,
          "contributors": [
            "Am241"
          ],
          "normalized_sum": 1.0,
          "passes": true,
          "source_sum_fraction": 1.0,
          "strict": false,
          "table": 1,
          "target_class": "C"
        },
        {
          "column": 3,
          "contributor_count": 0,
          "contributors": [],
          "normalized_sum": 0.0,
          "passes": true,
          "source_sum_fraction": 0.0,
          "strict": false,
          "table": 2,
          "target_class": "C"
        }
      ],
      "expected_row_fractions": {
        "T1:alpha_transuranic_gt5y": 1.0
      },
      "pass": true
    },
    "cm242-both-tables": {
      "calculated_only_class": "C",
      "class": "C",
      "coverage": "complete",
      "errors": [],
      "expected_class": "C",
      "expected_constraints": [
        {
          "column": null,
          "contributor_count": 1,
          "contributors": [
            "Cm242"
          ],
          "normalized_sum": 10.0,
          "passes": false,
          "source_sum_fraction": 1.0,
          "strict": false,
          "table": 1,
          "target_class": "A"
        },
        {
          "column": 1,
          "contributor_count": 1,
          "contributors": [
            "Cm242"
          ],
          "normalized_sum": 0.02857142857142857,
          "passes": true,
          "source_sum_fraction": 0.02857142857142857,
          "strict": false,
          "table": 2,
          "target_class": "A"
        },
        {
          "column": null,
          "contributor_count": 1,
          "contributors": [
            "Cm242"
          ],
          "normalized_sum": 10.0,
          "passes": false,
          "source_sum_fraction": 1.0,
          "strict": false,
          "table": 1,
          "target_class": "B"
        },
        {
          "column": 2,
          "contributor_count": 0,
          "contributors": [],
          "normalized_sum": 0.0,
          "passes": true,
          "source_sum_fraction": 0.0,
          "strict": false,
          "table": 2,
          "target_class": "B"
        },
        {
          "column": null,
          "contributor_count": 1,
          "contributors": [
            "Cm242"
          ],
          "normalized_sum": 1.0,
          "passes": true,
          "source_sum_fraction": 1.0,
          "strict": false,
          "table": 1,
          "target_class": "C"
        },
        {
          "column": 3,
          "contributor_count": 0,
          "contributors": [],
          "normalized_sum": 0.0,
          "passes": true,
          "source_sum_fraction": 0.0,
          "strict": false,
          "table": 2,
          "target_class": "C"
        }
      ],
      "expected_row_fractions": {
        "T1:Cm-242": 1.0,
        "T2:half_life_lt5y:col1": 0.02857142857142857
      },
      "pass": true
    },
    "h3-named-table2-precedence": {
      "calculated_only_class": "A",
      "class": "A",
      "coverage": "complete",
      "errors": [],
      "expected_class": "A",
      "expected_constraints": [
        {
          "column": null,
          "contributor_count": 0,
          "contributors": [],
          "normalized_sum": 0.0,
          "passes": true,
          "source_sum_fraction": 0.0,
          "strict": false,
          "table": 1,
          "target_class": "A"
        },
        {
          "column": 1,
          "contributor_count": 1,
          "contributors": [
            "H3"
          ],
          "normalized_sum": 1.0,
          "passes": true,
          "source_sum_fraction": 1.0,
          "strict": false,
          "table": 2,
          "target_class": "A"
        },
        {
          "column": null,
          "contributor_count": 0,
          "contributors": [],
          "normalized_sum": 0.0,
          "passes": true,
          "source_sum_fraction": 0.0,
          "strict": false,
          "table": 1,
          "target_class": "B"
        },
        {
          "column": 2,
          "contributor_count": 0,
          "contributors": [],
          "normalized_sum": 0.0,
          "passes": true,
          "source_sum_fraction": 0.0,
          "strict": false,
          "table": 2,
          "target_class": "B"
        },
        {
          "column": null,
          "contributor_count": 0,
          "contributors": [],
          "normalized_sum": 0.0,
          "passes": true,
          "source_sum_fraction": 0.0,
          "strict": false,
          "table": 1,
          "target_class": "C"
        },
        {
          "column": 3,
          "contributor_count": 0,
          "contributors": [],
          "normalized_sum": 0.0,
          "passes": true,
          "source_sum_fraction": 0.0,
          "strict": false,
          "table": 2,
          "target_class": "C"
        }
      ],
      "expected_row_fractions": {
        "T2:H-3:col1": 1.0
      },
      "pass": true
    },
    "missing-required-external-h3": {
      "calculated_only_class": "A",
      "class": "unknown",
      "coverage": "complete",
      "errors": [],
      "expected_class": "unknown",
      "expected_constraints": [
        {
          "column": null,
          "contributor_count": 0,
          "contributors": [],
          "normalized_sum": 0.0,
          "passes": true,
          "source_sum_fraction": 0.0,
          "strict": false,
          "table": 1,
          "target_class": "A"
        },
        {
          "column": 1,
          "contributor_count": 0,
          "contributors": [],
          "normalized_sum": 0.0,
          "passes": true,
          "source_sum_fraction": 0.0,
          "strict": false,
          "table": 2,
          "target_class": "A"
        },
        {
          "column": null,
          "contributor_count": 0,
          "contributors": [],
          "normalized_sum": 0.0,
          "passes": true,
          "source_sum_fraction": 0.0,
          "strict": false,
          "table": 1,
          "target_class": "B"
        },
        {
          "column": 2,
          "contributor_count": 0,
          "contributors": [],
          "normalized_sum": 0.0,
          "passes": true,
          "source_sum_fraction": 0.0,
          "strict": false,
          "table": 2,
          "target_class": "B"
        },
        {
          "column": null,
          "contributor_count": 0,
          "contributors": [],
          "normalized_sum": 0.0,
          "passes": true,
          "source_sum_fraction": 0.0,
          "strict": false,
          "table": 1,
          "target_class": "C"
        },
        {
          "column": 3,
          "contributor_count": 0,
          "contributors": [],
          "normalized_sum": 0.0,
          "passes": true,
          "source_sum_fraction": 0.0,
          "strict": false,
          "table": 2,
          "target_class": "C"
        }
      ],
      "expected_row_fractions": {},
      "pass": true
    },
    "mixed-tables-table1-a-table2-b": {
      "calculated_only_class": "B",
      "class": "B",
      "coverage": "complete",
      "errors": [],
      "expected_class": "B",
      "expected_constraints": [
        {
          "column": null,
          "contributor_count": 1,
          "contributors": [
            "Tc99"
          ],
          "normalized_sum": 1.0,
          "passes": true,
          "source_sum_fraction": 0.1,
          "strict": false,
          "table": 1,
          "target_class": "A"
        },
        {
          "column": 1,
          "contributor_count": 1,
          "contributors": [
            "Sr90"
          ],
          "normalized_sum": 2.0,
          "passes": false,
          "source_sum_fraction": 2.0,
          "strict": false,
          "table": 2,
          "target_class": "A"
        },
        {
          "column": null,
          "contributor_count": 1,
          "contributors": [
            "Tc99"
          ],
          "normalized_sum": 1.0,
          "passes": true,
          "source_sum_fraction": 0.1,
          "strict": false,
          "table": 1,
          "target_class": "B"
        },
        {
          "column": 2,
          "contributor_count": 1,
          "contributors": [
            "Sr90"
          ],
          "normalized_sum": 0.0005333333333333334,
          "passes": true,
          "source_sum_fraction": 0.0005333333333333334,
          "strict": false,
          "table": 2,
          "target_class": "B"
        },
        {
          "column": null,
          "contributor_count": 1,
          "contributors": [
            "Tc99"
          ],
          "normalized_sum": 0.1,
          "passes": true,
          "source_sum_fraction": 0.1,
          "strict": false,
          "table": 1,
          "target_class": "C"
        },
        {
          "column": 3,
          "contributor_count": 1,
          "contributors": [
            "Sr90"
          ],
          "normalized_sum": 1.1428571428571429e-05,
          "passes": true,
          "source_sum_fraction": 1.1428571428571429e-05,
          "strict": false,
          "table": 2,
          "target_class": "C"
        }
      ],
      "expected_row_fractions": {
        "T1:Tc-99": 0.1,
        "T2:Sr-90:col1": 2.0,
        "T2:Sr-90:col2": 0.0005333333333333334,
        "T2:Sr-90:col3": 1.1428571428571429e-05
      },
      "pass": true
    },
    "mixed-unit-t1": {
      "calculated_only_class": "above_class_c",
      "class": "above_class_c",
      "coverage": "complete",
      "errors": [],
      "expected_class": "above_class_c",
      "expected_constraints": [
        {
          "column": null,
          "contributor_count": 2,
          "contributors": [
            "Pu241",
            "Tc99"
          ],
          "normalized_sum": 10.0,
          "passes": false,
          "source_sum_fraction": 1.0,
          "strict": true,
          "table": 1,
          "target_class": "A"
        },
        {
          "column": 1,
          "contributor_count": 0,
          "contributors": [],
          "normalized_sum": 0.0,
          "passes": true,
          "source_sum_fraction": 0.0,
          "strict": false,
          "table": 2,
          "target_class": "A"
        },
        {
          "column": null,
          "contributor_count": 2,
          "contributors": [
            "Pu241",
            "Tc99"
          ],
          "normalized_sum": 10.0,
          "passes": false,
          "source_sum_fraction": 1.0,
          "strict": true,
          "table": 1,
          "target_class": "B"
        },
        {
          "column": 2,
          "contributor_count": 0,
          "contributors": [],
          "normalized_sum": 0.0,
          "passes": true,
          "source_sum_fraction": 0.0,
          "strict": false,
          "table": 2,
          "target_class": "B"
        },
        {
          "column": null,
          "contributor_count": 2,
          "contributors": [
            "Pu241",
            "Tc99"
          ],
          "normalized_sum": 1.0,
          "passes": false,
          "source_sum_fraction": 1.0,
          "strict": true,
          "table": 1,
          "target_class": "C"
        },
        {
          "column": 3,
          "contributor_count": 0,
          "contributors": [],
          "normalized_sum": 0.0,
          "passes": true,
          "source_sum_fraction": 0.0,
          "strict": false,
          "table": 2,
          "target_class": "C"
        }
      ],
      "expected_row_fractions": {
        "T1:Pu-241": 0.5,
        "T1:Tc-99": 0.5
      },
      "pass": true
    },
    "no-covered-rows": {
      "calculated_only_class": "A",
      "class": "A",
      "coverage": "complete",
      "errors": [],
      "expected_class": "A",
      "expected_constraints": [
        {
          "column": null,
          "contributor_count": 0,
          "contributors": [],
          "normalized_sum": 0.0,
          "passes": true,
          "source_sum_fraction": 0.0,
          "strict": false,
          "table": 1,
          "target_class": "A"
        },
        {
          "column": 1,
          "contributor_count": 0,
          "contributors": [],
          "normalized_sum": 0.0,
          "passes": true,
          "source_sum_fraction": 0.0,
          "strict": false,
          "table": 2,
          "target_class": "A"
        },
        {
          "column": null,
          "contributor_count": 0,
          "contributors": [],
          "normalized_sum": 0.0,
          "passes": true,
          "source_sum_fraction": 0.0,
          "strict": false,
          "table": 1,
          "target_class": "B"
        },
        {
          "column": 2,
          "contributor_count": 0,
          "contributors": [],
          "normalized_sum": 0.0,
          "passes": true,
          "source_sum_fraction": 0.0,
          "strict": false,
          "table": 2,
          "target_class": "B"
        },
        {
          "column": null,
          "contributor_count": 0,
          "contributors": [],
          "normalized_sum": 0.0,
          "passes": true,
          "source_sum_fraction": 0.0,
          "strict": false,
          "table": 1,
          "target_class": "C"
        },
        {
          "column": 3,
          "contributor_count": 0,
          "contributors": [],
          "normalized_sum": 0.0,
          "passes": true,
          "source_sum_fraction": 0.0,
          "strict": false,
          "table": 2,
          "target_class": "C"
        }
      ],
      "expected_row_fractions": {},
      "pass": true
    },
    "pu241-dedicated-precedence": {
      "calculated_only_class": "C",
      "class": "C",
      "coverage": "complete",
      "errors": [],
      "expected_class": "C",
      "expected_constraints": [
        {
          "column": null,
          "contributor_count": 1,
          "contributors": [
            "Pu241"
          ],
          "normalized_sum": 10.0,
          "passes": false,
          "source_sum_fraction": 1.0,
          "strict": false,
          "table": 1,
          "target_class": "A"
        },
        {
          "column": 1,
          "contributor_count": 0,
          "contributors": [],
          "normalized_sum": 0.0,
          "passes": true,
          "source_sum_fraction": 0.0,
          "strict": false,
          "table": 2,
          "target_class": "A"
        },
        {
          "column": null,
          "contributor_count": 1,
          "contributors": [
            "Pu241"
          ],
          "normalized_sum": 10.0,
          "passes": false,
          "source_sum_fraction": 1.0,
          "strict": false,
          "table": 1,
          "target_class": "B"
        },
        {
          "column": 2,
          "contributor_count": 0,
          "contributors": [],
          "normalized_sum": 0.0,
          "passes": true,
          "source_sum_fraction": 0.0,
          "strict": false,
          "table": 2,
          "target_class": "B"
        },
        {
          "column": null,
          "contributor_count": 1,
          "contributors": [
            "Pu241"
          ],
          "normalized_sum": 1.0,
          "passes": true,
          "source_sum_fraction": 1.0,
          "strict": false,
          "table": 1,
          "target_class": "C"
        },
        {
          "column": 3,
          "contributor_count": 0,
          "contributors": [],
          "normalized_sum": 0.0,
          "passes": true,
          "source_sum_fraction": 0.0,
          "strict": false,
          "table": 2,
          "target_class": "C"
        }
      ],
      "expected_row_fractions": {
        "T1:Pu-241": 1.0
      },
      "pass": true
    },
    "t1-C-14-0.1-above": {
      "calculated_only_class": "C",
      "class": "C",
      "coverage": "complete",
      "errors": [],
      "expected_class": "C",
      "expected_constraints": [
        {
          "column": null,
          "contributor_count": 1,
          "contributors": [
            "C14"
          ],
          "normalized_sum": 1.0000000001,
          "passes": false,
          "source_sum_fraction": 0.10000000001,
          "strict": false,
          "table": 1,
          "target_class": "A"
        },
        {
          "column": 1,
          "contributor_count": 0,
          "contributors": [],
          "normalized_sum": 0.0,
          "passes": true,
          "source_sum_fraction": 0.0,
          "strict": false,
          "table": 2,
          "target_class": "A"
        },
        {
          "column": null,
          "contributor_count": 1,
          "contributors": [
            "C14"
          ],
          "normalized_sum": 1.0000000001,
          "passes": false,
          "source_sum_fraction": 0.10000000001,
          "strict": false,
          "table": 1,
          "target_class": "B"
        },
        {
          "column": 2,
          "contributor_count": 0,
          "contributors": [],
          "normalized_sum": 0.0,
          "passes": true,
          "source_sum_fraction": 0.0,
          "strict": false,
          "table": 2,
          "target_class": "B"
        },
        {
          "column": null,
          "contributor_count": 1,
          "contributors": [
            "C14"
          ],
          "normalized_sum": 0.10000000001,
          "passes": true,
          "source_sum_fraction": 0.10000000001,
          "strict": false,
          "table": 1,
          "target_class": "C"
        },
        {
          "column": 3,
          "contributor_count": 0,
          "contributors": [],
          "normalized_sum": 0.0,
          "passes": true,
          "source_sum_fraction": 0.0,
          "strict": false,
          "table": 2,
          "target_class": "C"
        }
      ],
      "expected_row_fractions": {
        "T1:C-14": 0.10000000001
      },
      "pass": true
    },
    "t1-C-14-0.1-below": {
      "calculated_only_class": "A",
      "class": "A",
      "coverage": "complete",
      "errors": [],
      "expected_class": "A",
      "expected_constraints": [
        {
          "column": null,
          "contributor_count": 1,
          "contributors": [
            "C14"
          ],
          "normalized_sum": 0.9999999998999999,
          "passes": true,
          "source_sum_fraction": 0.09999999998999999,
          "strict": false,
          "table": 1,
          "target_class": "A"
        },
        {
          "column": 1,
          "contributor_count": 0,
          "contributors": [],
          "normalized_sum": 0.0,
          "passes": true,
          "source_sum_fraction": 0.0,
          "strict": false,
          "table": 2,
          "target_class": "A"
        },
        {
          "column": null,
          "contributor_count": 1,
          "contributors": [
            "C14"
          ],
          "normalized_sum": 0.9999999998999999,
          "passes": true,
          "source_sum_fraction": 0.09999999998999999,
          "strict": false,
          "table": 1,
          "target_class": "B"
        },
        {
          "column": 2,
          "contributor_count": 0,
          "contributors": [],
          "normalized_sum": 0.0,
          "passes": true,
          "source_sum_fraction": 0.0,
          "strict": false,
          "table": 2,
          "target_class": "B"
        },
        {
          "column": null,
          "contributor_count": 1,
          "contributors": [
            "C14"
          ],
          "normalized_sum": 0.09999999998999999,
          "passes": true,
          "source_sum_fraction": 0.09999999998999999,
          "strict": false,
          "table": 1,
          "target_class": "C"
        },
        {
          "column": 3,
          "contributor_count": 0,
          "contributors": [],
          "normalized_sum": 0.0,
          "passes": true,
          "source_sum_fraction": 0.0,
          "strict": false,
          "table": 2,
          "target_class": "C"
        }
      ],
      "expected_row_fractions": {
        "T1:C-14": 0.09999999998999999
      },
      "pass": true
    },
    "t1-C-14-0.1-equal": {
      "calculated_only_class": "A",
      "class": "A",
      "coverage": "complete",
      "errors": [],
      "expected_class": "A",
      "expected_constraints": [
        {
          "column": null,
          "contributor_count": 1,
          "contributors": [
            "C14"
          ],
          "normalized_sum": 1.0,
          "passes": true,
          "source_sum_fraction": 0.1,
          "strict": false,
          "table": 1,
          "target_class": "A"
        },
        {
          "column": 1,
          "contributor_count": 0,
          "contributors": [],
          "normalized_sum": 0.0,
          "passes": true,
          "source_sum_fraction": 0.0,
          "strict": false,
          "table": 2,
          "target_class": "A"
        },
        {
          "column": null,
          "contributor_count": 1,
          "contributors": [
            "C14"
          ],
          "normalized_sum": 1.0,
          "passes": true,
          "source_sum_fraction": 0.1,
          "strict": false,
          "table": 1,
          "target_class": "B"
        },
        {
          "column": 2,
          "contributor_count": 0,
          "contributors": [],
          "normalized_sum": 0.0,
          "passes": true,
          "source_sum_fraction": 0.0,
          "strict": false,
          "table": 2,
          "target_class": "B"
        },
        {
          "column": null,
          "contributor_count": 1,
          "contributors": [
            "C14"
          ],
          "normalized_sum": 0.1,
          "passes": true,
          "source_sum_fraction": 0.1,
          "strict": false,
          "table": 1,
          "target_class": "C"
        },
        {
          "column": 3,
          "contributor_count": 0,
          "contributors": [],
          "normalized_sum": 0.0,
          "passes": true,
          "source_sum_fraction": 0.0,
          "strict": false,
          "table": 2,
          "target_class": "C"
        }
      ],
      "expected_row_fractions": {
        "T1:C-14": 0.1
      },
      "pass": true
    },
    "t1-C-14-1-above": {
      "calculated_only_class": "above_class_c",
      "class": "above_class_c",
      "coverage": "complete",
      "errors": [],
      "expected_class": "above_class_c",
      "expected_constraints": [
        {
          "column": null,
          "contributor_count": 1,
          "contributors": [
            "C14"
          ],
          "normalized_sum": 10.000000001,
          "passes": false,
          "source_sum_fraction": 1.0000000001,
          "strict": false,
          "table": 1,
          "target_class": "A"
        },
        {
          "column": 1,
          "contributor_count": 0,
          "contributors": [],
          "normalized_sum": 0.0,
          "passes": true,
          "source_sum_fraction": 0.0,
          "strict": false,
          "table": 2,
          "target_class": "A"
        },
        {
          "column": null,
          "contributor_count": 1,
          "contributors": [
            "C14"
          ],
          "normalized_sum": 10.000000001,
          "passes": false,
          "source_sum_fraction": 1.0000000001,
          "strict": false,
          "table": 1,
          "target_class": "B"
        },
        {
          "column": 2,
          "contributor_count": 0,
          "contributors": [],
          "normalized_sum": 0.0,
          "passes": true,
          "source_sum_fraction": 0.0,
          "strict": false,
          "table": 2,
          "target_class": "B"
        },
        {
          "column": null,
          "contributor_count": 1,
          "contributors": [
            "C14"
          ],
          "normalized_sum": 1.0000000001,
          "passes": false,
          "source_sum_fraction": 1.0000000001,
          "strict": false,
          "table": 1,
          "target_class": "C"
        },
        {
          "column": 3,
          "contributor_count": 0,
          "contributors": [],
          "normalized_sum": 0.0,
          "passes": true,
          "source_sum_fraction": 0.0,
          "strict": false,
          "table": 2,
          "target_class": "C"
        }
      ],
      "expected_row_fractions": {
        "T1:C-14": 1.0000000001
      },
      "pass": true
    },
    "t1-C-14-1-below": {
      "calculated_only_class": "C",
      "class": "C",
      "coverage": "complete",
      "errors": [],
      "expected_class": "C",
      "expected_constraints": [
        {
          "column": null,
          "contributor_count": 1,
          "contributors": [
            "C14"
          ],
          "normalized_sum": 9.999999999,
          "passes": false,
          "source_sum_fraction": 0.9999999999,
          "strict": false,
          "table": 1,
          "target_class": "A"
        },
        {
          "column": 1,
          "contributor_count": 0,
          "contributors": [],
          "normalized_sum": 0.0,
          "passes": true,
          "source_sum_fraction": 0.0,
          "strict": false,
          "table": 2,
          "target_class": "A"
        },
        {
          "column": null,
          "contributor_count": 1,
          "contributors": [
            "C14"
          ],
          "normalized_sum": 9.999999999,
          "passes": false,
          "source_sum_fraction": 0.9999999999,
          "strict": false,
          "table": 1,
          "target_class": "B"
        },
        {
          "column": 2,
          "contributor_count": 0,
          "contributors": [],
          "normalized_sum": 0.0,
          "passes": true,
          "source_sum_fraction": 0.0,
          "strict": false,
          "table": 2,
          "target_class": "B"
        },
        {
          "column": null,
          "contributor_count": 1,
          "contributors": [
            "C14"
          ],
          "normalized_sum": 0.9999999999,
          "passes": true,
          "source_sum_fraction": 0.9999999999,
          "strict": false,
          "table": 1,
          "target_class": "C"
        },
        {
          "column": 3,
          "contributor_count": 0,
          "contributors": [],
          "normalized_sum": 0.0,
          "passes": true,
          "source_sum_fraction": 0.0,
          "strict": false,
          "table": 2,
          "target_class": "C"
        }
      ],
      "expected_row_fractions": {
        "T1:C-14": 0.9999999999
      },
      "pass": true
    },
    "t1-C-14-1-equal": {
      "calculated_only_class": "C",
      "class": "C",
      "coverage": "complete",
      "errors": [],
      "expected_class": "C",
      "expected_constraints": [
        {
          "column": null,
          "contributor_count": 1,
          "contributors": [
            "C14"
          ],
          "normalized_sum": 10.0,
          "passes": false,
          "source_sum_fraction": 1.0,
          "strict": false,
          "table": 1,
          "target_class": "A"
        },
        {
          "column": 1,
          "contributor_count": 0,
          "contributors": [],
          "normalized_sum": 0.0,
          "passes": true,
          "source_sum_fraction": 0.0,
          "strict": false,
          "table": 2,
          "target_class": "A"
        },
        {
          "column": null,
          "contributor_count": 1,
          "contributors": [
            "C14"
          ],
          "normalized_sum": 10.0,
          "passes": false,
          "source_sum_fraction": 1.0,
          "strict": false,
          "table": 1,
          "target_class": "B"
        },
        {
          "column": 2,
          "contributor_count": 0,
          "contributors": [],
          "normalized_sum": 0.0,
          "passes": true,
          "source_sum_fraction": 0.0,
          "strict": false,
          "table": 2,
          "target_class": "B"
        },
        {
          "column": null,
          "contributor_count": 1,
          "contributors": [
            "C14"
          ],
          "normalized_sum": 1.0,
          "passes": true,
          "source_sum_fraction": 1.0,
          "strict": false,
          "table": 1,
          "target_class": "C"
        },
        {
          "column": 3,
          "contributor_count": 0,
          "contributors": [],
          "normalized_sum": 0.0,
          "passes": true,
          "source_sum_fraction": 0.0,
          "strict": false,
          "table": 2,
          "target_class": "C"
        }
      ],
      "expected_row_fractions": {
        "T1:C-14": 1.0
      },
      "pass": true
    },
    "t1-C-14_activated_metal-0.1-above": {
      "calculated_only_class": "C",
      "class": "C",
      "coverage": "complete",
      "errors": [],
      "expected_class": "C",
      "expected_constraints": [
        {
          "column": null,
          "contributor_count": 1,
          "contributors": [
            "C14"
          ],
          "normalized_sum": 1.0000000000999998,
          "passes": false,
          "source_sum_fraction": 0.10000000000999999,
          "strict": false,
          "table": 1,
          "target_class": "A"
        },
        {
          "column": 1,
          "contributor_count": 0,
          "contributors": [],
          "normalized_sum": 0.0,
          "passes": true,
          "source_sum_fraction": 0.0,
          "strict": false,
          "table": 2,
          "target_class": "A"
        },
        {
          "column": null,
          "contributor_count": 1,
          "contributors": [
            "C14"
          ],
          "normalized_sum": 1.0000000000999998,
          "passes": false,
          "source_sum_fraction": 0.10000000000999999,
          "strict": false,
          "table": 1,
          "target_class": "B"
        },
        {
          "column": 2,
          "contributor_count": 0,
          "contributors": [],
          "normalized_sum": 0.0,
          "passes": true,
          "source_sum_fraction": 0.0,
          "strict": false,
          "table": 2,
          "target_class": "B"
        },
        {
          "column": null,
          "contributor_count": 1,
          "contributors": [
            "C14"
          ],
          "normalized_sum": 0.10000000000999999,
          "passes": true,
          "source_sum_fraction": 0.10000000000999999,
          "strict": false,
          "table": 1,
          "target_class": "C"
        },
        {
          "column": 3,
          "contributor_count": 0,
          "contributors": [],
          "normalized_sum": 0.0,
          "passes": true,
          "source_sum_fraction": 0.0,
          "strict": false,
          "table": 2,
          "target_class": "C"
        }
      ],
      "expected_row_fractions": {
        "T1:C-14_activated_metal": 0.10000000000999999
      },
      "pass": true
    },
    "t1-C-14_activated_metal-0.1-below": {
      "calculated_only_class": "A",
      "class": "A",
      "coverage": "complete",
      "errors": [],
      "expected_class": "A",
      "expected_constraints": [
        {
          "column": null,
          "contributor_count": 1,
          "contributors": [
            "C14"
          ],
          "normalized_sum": 0.9999999999,
          "passes": true,
          "source_sum_fraction": 0.09999999999,
          "strict": false,
          "table": 1,
          "target_class": "A"
        },
        {
          "column": 1,
          "contributor_count": 0,
          "contributors": [],
          "normalized_sum": 0.0,
          "passes": true,
          "source_sum_fraction": 0.0,
          "strict": false,
          "table": 2,
          "target_class": "A"
        },
        {
          "column": null,
          "contributor_count": 1,
          "contributors": [
            "C14"
          ],
          "normalized_sum": 0.9999999999,
          "passes": true,
          "source_sum_fraction": 0.09999999999,
          "strict": false,
          "table": 1,
          "target_class": "B"
        },
        {
          "column": 2,
          "contributor_count": 0,
          "contributors": [],
          "normalized_sum": 0.0,
          "passes": true,
          "source_sum_fraction": 0.0,
          "strict": false,
          "table": 2,
          "target_class": "B"
        },
        {
          "column": null,
          "contributor_count": 1,
          "contributors": [
            "C14"
          ],
          "normalized_sum": 0.09999999999,
          "passes": true,
          "source_sum_fraction": 0.09999999999,
          "strict": false,
          "table": 1,
          "target_class": "C"
        },
        {
          "column": 3,
          "contributor_count": 0,
          "contributors": [],
          "normalized_sum": 0.0,
          "passes": true,
          "source_sum_fraction": 0.0,
          "strict": false,
          "table": 2,
          "target_class": "C"
        }
      ],
      "expected_row_fractions": {
        "T1:C-14_activated_metal": 0.09999999999
      },
      "pass": true
    },
    "t1-C-14_activated_metal-0.1-equal": {
      "calculated_only_class": "A",
      "class": "A",
      "coverage": "complete",
      "errors": [],
      "expected_class": "A",
      "expected_constraints": [
        {
          "column": null,
          "contributor_count": 1,
          "contributors": [
            "C14"
          ],
          "normalized_sum": 1.0,
          "passes": true,
          "source_sum_fraction": 0.1,
          "strict": false,
          "table": 1,
          "target_class": "A"
        },
        {
          "column": 1,
          "contributor_count": 0,
          "contributors": [],
          "normalized_sum": 0.0,
          "passes": true,
          "source_sum_fraction": 0.0,
          "strict": false,
          "table": 2,
          "target_class": "A"
        },
        {
          "column": null,
          "contributor_count": 1,
          "contributors": [
            "C14"
          ],
          "normalized_sum": 1.0,
          "passes": true,
          "source_sum_fraction": 0.1,
          "strict": false,
          "table": 1,
          "target_class": "B"
        },
        {
          "column": 2,
          "contributor_count": 0,
          "contributors": [],
          "normalized_sum": 0.0,
          "passes": true,
          "source_sum_fraction": 0.0,
          "strict": false,
          "table": 2,
          "target_class": "B"
        },
        {
          "column": null,
          "contributor_count": 1,
          "contributors": [
            "C14"
          ],
          "normalized_sum": 0.1,
          "passes": true,
          "source_sum_fraction": 0.1,
          "strict": false,
          "table": 1,
          "target_class": "C"
        },
        {
          "column": 3,
          "contributor_count": 0,
          "contributors": [],
          "normalized_sum": 0.0,
          "passes": true,
          "source_sum_fraction": 0.0,
          "strict": false,
          "table": 2,
          "target_class": "C"
        }
      ],
      "expected_row_fractions": {
        "T1:C-14_activated_metal": 0.1
      },
      "pass": true
    },
    "t1-C-14_activated_metal-1-above": {
      "calculated_only_class": "above_class_c",
      "class": "above_class_c",
      "coverage": "complete",
      "errors": [],
      "expected_class": "above_class_c",
      "expected_constraints": [
        {
          "column": null,
          "contributor_count": 1,
          "contributors": [
            "C14"
          ],
          "normalized_sum": 10.000000001,
          "passes": false,
          "source_sum_fraction": 1.0000000001,
          "strict": false,
          "table": 1,
          "target_class": "A"
        },
        {
          "column": 1,
          "contributor_count": 0,
          "contributors": [],
          "normalized_sum": 0.0,
          "passes": true,
          "source_sum_fraction": 0.0,
          "strict": false,
          "table": 2,
          "target_class": "A"
        },
        {
          "column": null,
          "contributor_count": 1,
          "contributors": [
            "C14"
          ],
          "normalized_sum": 10.000000001,
          "passes": false,
          "source_sum_fraction": 1.0000000001,
          "strict": false,
          "table": 1,
          "target_class": "B"
        },
        {
          "column": 2,
          "contributor_count": 0,
          "contributors": [],
          "normalized_sum": 0.0,
          "passes": true,
          "source_sum_fraction": 0.0,
          "strict": false,
          "table": 2,
          "target_class": "B"
        },
        {
          "column": null,
          "contributor_count": 1,
          "contributors": [
            "C14"
          ],
          "normalized_sum": 1.0000000001,
          "passes": false,
          "source_sum_fraction": 1.0000000001,
          "strict": false,
          "table": 1,
          "target_class": "C"
        },
        {
          "column": 3,
          "contributor_count": 0,
          "contributors": [],
          "normalized_sum": 0.0,
          "passes": true,
          "source_sum_fraction": 0.0,
          "strict": false,
          "table": 2,
          "target_class": "C"
        }
      ],
      "expected_row_fractions": {
        "T1:C-14_activated_metal": 1.0000000001
      },
      "pass": true
    },
    "t1-C-14_activated_metal-1-below": {
      "calculated_only_class": "C",
      "class": "C",
      "coverage": "complete",
      "errors": [],
      "expected_class": "C",
      "expected_constraints": [
        {
          "column": null,
          "contributor_count": 1,
          "contributors": [
            "C14"
          ],
          "normalized_sum": 9.999999999,
          "passes": false,
          "source_sum_fraction": 0.9999999999,
          "strict": false,
          "table": 1,
          "target_class": "A"
        },
        {
          "column": 1,
          "contributor_count": 0,
          "contributors": [],
          "normalized_sum": 0.0,
          "passes": true,
          "source_sum_fraction": 0.0,
          "strict": false,
          "table": 2,
          "target_class": "A"
        },
        {
          "column": null,
          "contributor_count": 1,
          "contributors": [
            "C14"
          ],
          "normalized_sum": 9.999999999,
          "passes": false,
          "source_sum_fraction": 0.9999999999,
          "strict": false,
          "table": 1,
          "target_class": "B"
        },
        {
          "column": 2,
          "contributor_count": 0,
          "contributors": [],
          "normalized_sum": 0.0,
          "passes": true,
          "source_sum_fraction": 0.0,
          "strict": false,
          "table": 2,
          "target_class": "B"
        },
        {
          "column": null,
          "contributor_count": 1,
          "contributors": [
            "C14"
          ],
          "normalized_sum": 0.9999999999,
          "passes": true,
          "source_sum_fraction": 0.9999999999,
          "strict": false,
          "table": 1,
          "target_class": "C"
        },
        {
          "column": 3,
          "contributor_count": 0,
          "contributors": [],
          "normalized_sum": 0.0,
          "passes": true,
          "source_sum_fraction": 0.0,
          "strict": false,
          "table": 2,
          "target_class": "C"
        }
      ],
      "expected_row_fractions": {
        "T1:C-14_activated_metal": 0.9999999999
      },
      "pass": true
    },
    "t1-C-14_activated_metal-1-equal": {
      "calculated_only_class": "C",
      "class": "C",
      "coverage": "complete",
      "errors": [],
      "expected_class": "C",
      "expected_constraints": [
        {
          "column": null,
          "contributor_count": 1,
          "contributors": [
            "C14"
          ],
          "normalized_sum": 10.0,
          "passes": false,
          "source_sum_fraction": 1.0,
          "strict": false,
          "table": 1,
          "target_class": "A"
        },
        {
          "column": 1,
          "contributor_count": 0,
          "contributors": [],
          "normalized_sum": 0.0,
          "passes": true,
          "source_sum_fraction": 0.0,
          "strict": false,
          "table": 2,
          "target_class": "A"
        },
        {
          "column": null,
          "contributor_count": 1,
          "contributors": [
            "C14"
          ],
          "normalized_sum": 10.0,
          "passes": false,
          "source_sum_fraction": 1.0,
          "strict": false,
          "table": 1,
          "target_class": "B"
        },
        {
          "column": 2,
          "contributor_count": 0,
          "contributors": [],
          "normalized_sum": 0.0,
          "passes": true,
          "source_sum_fraction": 0.0,
          "strict": false,
          "table": 2,
          "target_class": "B"
        },
        {
          "column": null,
          "contributor_count": 1,
          "contributors": [
            "C14"
          ],
          "normalized_sum": 1.0,
          "passes": true,
          "source_sum_fraction": 1.0,
          "strict": false,
          "table": 1,
          "target_class": "C"
        },
        {
          "column": 3,
          "contributor_count": 0,
          "contributors": [],
          "normalized_sum": 0.0,
          "passes": true,
          "source_sum_fraction": 0.0,
          "strict": false,
          "table": 2,
          "target_class": "C"
        }
      ],
      "expected_row_fractions": {
        "T1:C-14_activated_metal": 1.0
      },
      "pass": true
    },
    "t1-Cm-242-0.1-above": {
      "calculated_only_class": "C",
      "class": "C",
      "coverage": "complete",
      "errors": [],
      "expected_class": "C",
      "expected_constraints": [
        {
          "column": null,
          "contributor_count": 1,
          "contributors": [
            "Cm242"
          ],
          "normalized_sum": 1.0000000000999998,
          "passes": false,
          "source_sum_fraction": 0.10000000000999999,
          "strict": false,
          "table": 1,
          "target_class": "A"
        },
        {
          "column": 1,
          "contributor_count": 1,
          "contributors": [
            "Cm242"
          ],
          "normalized_sum": 0.0028571428574285713,
          "passes": true,
          "source_sum_fraction": 0.0028571428574285713,
          "strict": false,
          "table": 2,
          "target_class": "A"
        },
        {
          "column": null,
          "contributor_count": 1,
          "contributors": [
            "Cm242"
          ],
          "normalized_sum": 1.0000000000999998,
          "passes": false,
          "source_sum_fraction": 0.10000000000999999,
          "strict": false,
          "table": 1,
          "target_class": "B"
        },
        {
          "column": 2,
          "contributor_count": 0,
          "contributors": [],
          "normalized_sum": 0.0,
          "passes": true,
          "source_sum_fraction": 0.0,
          "strict": false,
          "table": 2,
          "target_class": "B"
        },
        {
          "column": null,
          "contributor_count": 1,
          "contributors": [
            "Cm242"
          ],
          "normalized_sum": 0.10000000000999999,
          "passes": true,
          "source_sum_fraction": 0.10000000000999999,
          "strict": false,
          "table": 1,
          "target_class": "C"
        },
        {
          "column": 3,
          "contributor_count": 0,
          "contributors": [],
          "normalized_sum": 0.0,
          "passes": true,
          "source_sum_fraction": 0.0,
          "strict": false,
          "table": 2,
          "target_class": "C"
        }
      ],
      "expected_row_fractions": {
        "T1:Cm-242": 0.10000000000999999,
        "T2:half_life_lt5y:col1": 0.0028571428574285713
      },
      "pass": true
    },
    "t1-Cm-242-0.1-below": {
      "calculated_only_class": "A",
      "class": "A",
      "coverage": "complete",
      "errors": [],
      "expected_class": "A",
      "expected_constraints": [
        {
          "column": null,
          "contributor_count": 1,
          "contributors": [
            "Cm242"
          ],
          "normalized_sum": 0.9999999999,
          "passes": true,
          "source_sum_fraction": 0.09999999999,
          "strict": false,
          "table": 1,
          "target_class": "A"
        },
        {
          "column": 1,
          "contributor_count": 1,
          "contributors": [
            "Cm242"
          ],
          "normalized_sum": 0.002857142856857143,
          "passes": true,
          "source_sum_fraction": 0.002857142856857143,
          "strict": false,
          "table": 2,
          "target_class": "A"
        },
        {
          "column": null,
          "contributor_count": 1,
          "contributors": [
            "Cm242"
          ],
          "normalized_sum": 0.9999999999,
          "passes": true,
          "source_sum_fraction": 0.09999999999,
          "strict": false,
          "table": 1,
          "target_class": "B"
        },
        {
          "column": 2,
          "contributor_count": 0,
          "contributors": [],
          "normalized_sum": 0.0,
          "passes": true,
          "source_sum_fraction": 0.0,
          "strict": false,
          "table": 2,
          "target_class": "B"
        },
        {
          "column": null,
          "contributor_count": 1,
          "contributors": [
            "Cm242"
          ],
          "normalized_sum": 0.09999999999,
          "passes": true,
          "source_sum_fraction": 0.09999999999,
          "strict": false,
          "table": 1,
          "target_class": "C"
        },
        {
          "column": 3,
          "contributor_count": 0,
          "contributors": [],
          "normalized_sum": 0.0,
          "passes": true,
          "source_sum_fraction": 0.0,
          "strict": false,
          "table": 2,
          "target_class": "C"
        }
      ],
      "expected_row_fractions": {
        "T1:Cm-242": 0.09999999999,
        "T2:half_life_lt5y:col1": 0.002857142856857143
      },
      "pass": true
    },
    "t1-Cm-242-0.1-equal": {
      "calculated_only_class": "A",
      "class": "A",
      "coverage": "complete",
      "errors": [],
      "expected_class": "A",
      "expected_constraints": [
        {
          "column": null,
          "contributor_count": 1,
          "contributors": [
            "Cm242"
          ],
          "normalized_sum": 1.0,
          "passes": true,
          "source_sum_fraction": 0.1,
          "strict": false,
          "table": 1,
          "target_class": "A"
        },
        {
          "column": 1,
          "contributor_count": 1,
          "contributors": [
            "Cm242"
          ],
          "normalized_sum": 0.002857142857142857,
          "passes": true,
          "source_sum_fraction": 0.002857142857142857,
          "strict": false,
          "table": 2,
          "target_class": "A"
        },
        {
          "column": null,
          "contributor_count": 1,
          "contributors": [
            "Cm242"
          ],
          "normalized_sum": 1.0,
          "passes": true,
          "source_sum_fraction": 0.1,
          "strict": false,
          "table": 1,
          "target_class": "B"
        },
        {
          "column": 2,
          "contributor_count": 0,
          "contributors": [],
          "normalized_sum": 0.0,
          "passes": true,
          "source_sum_fraction": 0.0,
          "strict": false,
          "table": 2,
          "target_class": "B"
        },
        {
          "column": null,
          "contributor_count": 1,
          "contributors": [
            "Cm242"
          ],
          "normalized_sum": 0.1,
          "passes": true,
          "source_sum_fraction": 0.1,
          "strict": false,
          "table": 1,
          "target_class": "C"
        },
        {
          "column": 3,
          "contributor_count": 0,
          "contributors": [],
          "normalized_sum": 0.0,
          "passes": true,
          "source_sum_fraction": 0.0,
          "strict": false,
          "table": 2,
          "target_class": "C"
        }
      ],
      "expected_row_fractions": {
        "T1:Cm-242": 0.1,
        "T2:half_life_lt5y:col1": 0.002857142857142857
      },
      "pass": true
    },
    "t1-Cm-242-1-above": {
      "calculated_only_class": "above_class_c",
      "class": "above_class_c",
      "coverage": "complete",
      "errors": [],
      "expected_class": "above_class_c",
      "expected_constraints": [
        {
          "column": null,
          "contributor_count": 1,
          "contributors": [
            "Cm242"
          ],
          "normalized_sum": 10.000000001,
          "passes": false,
          "source_sum_fraction": 1.0000000001,
          "strict": false,
          "table": 1,
          "target_class": "A"
        },
        {
          "column": 1,
          "contributor_count": 1,
          "contributors": [
            "Cm242"
          ],
          "normalized_sum": 0.028571428574285712,
          "passes": true,
          "source_sum_fraction": 0.028571428574285712,
          "strict": false,
          "table": 2,
          "target_class": "A"
        },
        {
          "column": null,
          "contributor_count": 1,
          "contributors": [
            "Cm242"
          ],
          "normalized_sum": 10.000000001,
          "passes": false,
          "source_sum_fraction": 1.0000000001,
          "strict": false,
          "table": 1,
          "target_class": "B"
        },
        {
          "column": 2,
          "contributor_count": 0,
          "contributors": [],
          "normalized_sum": 0.0,
          "passes": true,
          "source_sum_fraction": 0.0,
          "strict": false,
          "table": 2,
          "target_class": "B"
        },
        {
          "column": null,
          "contributor_count": 1,
          "contributors": [
            "Cm242"
          ],
          "normalized_sum": 1.0000000001,
          "passes": false,
          "source_sum_fraction": 1.0000000001,
          "strict": false,
          "table": 1,
          "target_class": "C"
        },
        {
          "column": 3,
          "contributor_count": 0,
          "contributors": [],
          "normalized_sum": 0.0,
          "passes": true,
          "source_sum_fraction": 0.0,
          "strict": false,
          "table": 2,
          "target_class": "C"
        }
      ],
      "expected_row_fractions": {
        "T1:Cm-242": 1.0000000001,
        "T2:half_life_lt5y:col1": 0.028571428574285712
      },
      "pass": true
    },
    "t1-Cm-242-1-below": {
      "calculated_only_class": "C",
      "class": "C",
      "coverage": "complete",
      "errors": [],
      "expected_class": "C",
      "expected_constraints": [
        {
          "column": null,
          "contributor_count": 1,
          "contributors": [
            "Cm242"
          ],
          "normalized_sum": 9.999999999,
          "passes": false,
          "source_sum_fraction": 0.9999999999,
          "strict": false,
          "table": 1,
          "target_class": "A"
        },
        {
          "column": 1,
          "contributor_count": 1,
          "contributors": [
            "Cm242"
          ],
          "normalized_sum": 0.02857142856857143,
          "passes": true,
          "source_sum_fraction": 0.02857142856857143,
          "strict": false,
          "table": 2,
          "target_class": "A"
        },
        {
          "column": null,
          "contributor_count": 1,
          "contributors": [
            "Cm242"
          ],
          "normalized_sum": 9.999999999,
          "passes": false,
          "source_sum_fraction": 0.9999999999,
          "strict": false,
          "table": 1,
          "target_class": "B"
        },
        {
          "column": 2,
          "contributor_count": 0,
          "contributors": [],
          "normalized_sum": 0.0,
          "passes": true,
          "source_sum_fraction": 0.0,
          "strict": false,
          "table": 2,
          "target_class": "B"
        },
        {
          "column": null,
          "contributor_count": 1,
          "contributors": [
            "Cm242"
          ],
          "normalized_sum": 0.9999999999,
          "passes": true,
          "source_sum_fraction": 0.9999999999,
          "strict": false,
          "table": 1,
          "target_class": "C"
        },
        {
          "column": 3,
          "contributor_count": 0,
          "contributors": [],
          "normalized_sum": 0.0,
          "passes": true,
          "source_sum_fraction": 0.0,
          "strict": false,
          "table": 2,
          "target_class": "C"
        }
      ],
      "expected_row_fractions": {
        "T1:Cm-242": 0.9999999999,
        "T2:half_life_lt5y:col1": 0.02857142856857143
      },
      "pass": true
    },
    "t1-Cm-242-1-equal": {
      "calculated_only_class": "C",
      "class": "C",
      "coverage": "complete",
      "errors": [],
      "expected_class": "C",
      "expected_constraints": [
        {
          "column": null,
          "contributor_count": 1,
          "contributors": [
            "Cm242"
          ],
          "normalized_sum": 10.0,
          "passes": false,
          "source_sum_fraction": 1.0,
          "strict": false,
          "table": 1,
          "target_class": "A"
        },
        {
          "column": 1,
          "contributor_count": 1,
          "contributors": [
            "Cm242"
          ],
          "normalized_sum": 0.02857142857142857,
          "passes": true,
          "source_sum_fraction": 0.02857142857142857,
          "strict": false,
          "table": 2,
          "target_class": "A"
        },
        {
          "column": null,
          "contributor_count": 1,
          "contributors": [
            "Cm242"
          ],
          "normalized_sum": 10.0,
          "passes": false,
          "source_sum_fraction": 1.0,
          "strict": false,
          "table": 1,
          "target_class": "B"
        },
        {
          "column": 2,
          "contributor_count": 0,
          "contributors": [],
          "normalized_sum": 0.0,
          "passes": true,
          "source_sum_fraction": 0.0,
          "strict": false,
          "table": 2,
          "target_class": "B"
        },
        {
          "column": null,
          "contributor_count": 1,
          "contributors": [
            "Cm242"
          ],
          "normalized_sum": 1.0,
          "passes": true,
          "source_sum_fraction": 1.0,
          "strict": false,
          "table": 1,
          "target_class": "C"
        },
        {
          "column": 3,
          "contributor_count": 0,
          "contributors": [],
          "normalized_sum": 0.0,
          "passes": true,
          "source_sum_fraction": 0.0,
          "strict": false,
          "table": 2,
          "target_class": "C"
        }
      ],
      "expected_row_fractions": {
        "T1:Cm-242": 1.0,
        "T2:half_life_lt5y:col1": 0.02857142857142857
      },
      "pass": true
    },
    "t1-I-129-0.1-above": {
      "calculated_only_class": "C",
      "class": "C",
      "coverage": "complete",
      "errors": [],
      "expected_class": "C",
      "expected_constraints": [
        {
          "column": null,
          "contributor_count": 1,
          "contributors": [
            "I129"
          ],
          "normalized_sum": 1.0000000001,
          "passes": false,
          "source_sum_fraction": 0.10000000001,
          "strict": false,
          "table": 1,
          "target_class": "A"
        },
        {
          "column": 1,
          "contributor_count": 0,
          "contributors": [],
          "normalized_sum": 0.0,
          "passes": true,
          "source_sum_fraction": 0.0,
          "strict": false,
          "table": 2,
          "target_class": "A"
        },
        {
          "column": null,
          "contributor_count": 1,
          "contributors": [
            "I129"
          ],
          "normalized_sum": 1.0000000001,
          "passes": false,
          "source_sum_fraction": 0.10000000001,
          "strict": false,
          "table": 1,
          "target_class": "B"
        },
        {
          "column": 2,
          "contributor_count": 0,
          "contributors": [],
          "normalized_sum": 0.0,
          "passes": true,
          "source_sum_fraction": 0.0,
          "strict": false,
          "table": 2,
          "target_class": "B"
        },
        {
          "column": null,
          "contributor_count": 1,
          "contributors": [
            "I129"
          ],
          "normalized_sum": 0.10000000001,
          "passes": true,
          "source_sum_fraction": 0.10000000001,
          "strict": false,
          "table": 1,
          "target_class": "C"
        },
        {
          "column": 3,
          "contributor_count": 0,
          "contributors": [],
          "normalized_sum": 0.0,
          "passes": true,
          "source_sum_fraction": 0.0,
          "strict": false,
          "table": 2,
          "target_class": "C"
        }
      ],
      "expected_row_fractions": {
        "T1:I-129": 0.10000000001
      },
      "pass": true
    },
    "t1-I-129-0.1-below": {
      "calculated_only_class": "A",
      "class": "A",
      "coverage": "complete",
      "errors": [],
      "expected_class": "A",
      "expected_constraints": [
        {
          "column": null,
          "contributor_count": 1,
          "contributors": [
            "I129"
          ],
          "normalized_sum": 0.9999999998999999,
          "passes": true,
          "source_sum_fraction": 0.09999999998999999,
          "strict": false,
          "table": 1,
          "target_class": "A"
        },
        {
          "column": 1,
          "contributor_count": 0,
          "contributors": [],
          "normalized_sum": 0.0,
          "passes": true,
          "source_sum_fraction": 0.0,
          "strict": false,
          "table": 2,
          "target_class": "A"
        },
        {
          "column": null,
          "contributor_count": 1,
          "contributors": [
            "I129"
          ],
          "normalized_sum": 0.9999999998999999,
          "passes": true,
          "source_sum_fraction": 0.09999999998999999,
          "strict": false,
          "table": 1,
          "target_class": "B"
        },
        {
          "column": 2,
          "contributor_count": 0,
          "contributors": [],
          "normalized_sum": 0.0,
          "passes": true,
          "source_sum_fraction": 0.0,
          "strict": false,
          "table": 2,
          "target_class": "B"
        },
        {
          "column": null,
          "contributor_count": 1,
          "contributors": [
            "I129"
          ],
          "normalized_sum": 0.09999999998999999,
          "passes": true,
          "source_sum_fraction": 0.09999999998999999,
          "strict": false,
          "table": 1,
          "target_class": "C"
        },
        {
          "column": 3,
          "contributor_count": 0,
          "contributors": [],
          "normalized_sum": 0.0,
          "passes": true,
          "source_sum_fraction": 0.0,
          "strict": false,
          "table": 2,
          "target_class": "C"
        }
      ],
      "expected_row_fractions": {
        "T1:I-129": 0.09999999998999999
      },
      "pass": true
    },
    "t1-I-129-0.1-equal": {
      "calculated_only_class": "A",
      "class": "A",
      "coverage": "complete",
      "errors": [],
      "expected_class": "A",
      "expected_constraints": [
        {
          "column": null,
          "contributor_count": 1,
          "contributors": [
            "I129"
          ],
          "normalized_sum": 1.0,
          "passes": true,
          "source_sum_fraction": 0.1,
          "strict": false,
          "table": 1,
          "target_class": "A"
        },
        {
          "column": 1,
          "contributor_count": 0,
          "contributors": [],
          "normalized_sum": 0.0,
          "passes": true,
          "source_sum_fraction": 0.0,
          "strict": false,
          "table": 2,
          "target_class": "A"
        },
        {
          "column": null,
          "contributor_count": 1,
          "contributors": [
            "I129"
          ],
          "normalized_sum": 1.0,
          "passes": true,
          "source_sum_fraction": 0.1,
          "strict": false,
          "table": 1,
          "target_class": "B"
        },
        {
          "column": 2,
          "contributor_count": 0,
          "contributors": [],
          "normalized_sum": 0.0,
          "passes": true,
          "source_sum_fraction": 0.0,
          "strict": false,
          "table": 2,
          "target_class": "B"
        },
        {
          "column": null,
          "contributor_count": 1,
          "contributors": [
            "I129"
          ],
          "normalized_sum": 0.1,
          "passes": true,
          "source_sum_fraction": 0.1,
          "strict": false,
          "table": 1,
          "target_class": "C"
        },
        {
          "column": 3,
          "contributor_count": 0,
          "contributors": [],
          "normalized_sum": 0.0,
          "passes": true,
          "source_sum_fraction": 0.0,
          "strict": false,
          "table": 2,
          "target_class": "C"
        }
      ],
      "expected_row_fractions": {
        "T1:I-129": 0.1
      },
      "pass": true
    },
    "t1-I-129-1-above": {
      "calculated_only_class": "above_class_c",
      "class": "above_class_c",
      "coverage": "complete",
      "errors": [],
      "expected_class": "above_class_c",
      "expected_constraints": [
        {
          "column": null,
          "contributor_count": 1,
          "contributors": [
            "I129"
          ],
          "normalized_sum": 10.000000001,
          "passes": false,
          "source_sum_fraction": 1.0000000001,
          "strict": false,
          "table": 1,
          "target_class": "A"
        },
        {
          "column": 1,
          "contributor_count": 0,
          "contributors": [],
          "normalized_sum": 0.0,
          "passes": true,
          "source_sum_fraction": 0.0,
          "strict": false,
          "table": 2,
          "target_class": "A"
        },
        {
          "column": null,
          "contributor_count": 1,
          "contributors": [
            "I129"
          ],
          "normalized_sum": 10.000000001,
          "passes": false,
          "source_sum_fraction": 1.0000000001,
          "strict": false,
          "table": 1,
          "target_class": "B"
        },
        {
          "column": 2,
          "contributor_count": 0,
          "contributors": [],
          "normalized_sum": 0.0,
          "passes": true,
          "source_sum_fraction": 0.0,
          "strict": false,
          "table": 2,
          "target_class": "B"
        },
        {
          "column": null,
          "contributor_count": 1,
          "contributors": [
            "I129"
          ],
          "normalized_sum": 1.0000000001,
          "passes": false,
          "source_sum_fraction": 1.0000000001,
          "strict": false,
          "table": 1,
          "target_class": "C"
        },
        {
          "column": 3,
          "contributor_count": 0,
          "contributors": [],
          "normalized_sum": 0.0,
          "passes": true,
          "source_sum_fraction": 0.0,
          "strict": false,
          "table": 2,
          "target_class": "C"
        }
      ],
      "expected_row_fractions": {
        "T1:I-129": 1.0000000001
      },
      "pass": true
    },
    "t1-I-129-1-below": {
      "calculated_only_class": "C",
      "class": "C",
      "coverage": "complete",
      "errors": [],
      "expected_class": "C",
      "expected_constraints": [
        {
          "column": null,
          "contributor_count": 1,
          "contributors": [
            "I129"
          ],
          "normalized_sum": 9.999999999,
          "passes": false,
          "source_sum_fraction": 0.9999999999,
          "strict": false,
          "table": 1,
          "target_class": "A"
        },
        {
          "column": 1,
          "contributor_count": 0,
          "contributors": [],
          "normalized_sum": 0.0,
          "passes": true,
          "source_sum_fraction": 0.0,
          "strict": false,
          "table": 2,
          "target_class": "A"
        },
        {
          "column": null,
          "contributor_count": 1,
          "contributors": [
            "I129"
          ],
          "normalized_sum": 9.999999999,
          "passes": false,
          "source_sum_fraction": 0.9999999999,
          "strict": false,
          "table": 1,
          "target_class": "B"
        },
        {
          "column": 2,
          "contributor_count": 0,
          "contributors": [],
          "normalized_sum": 0.0,
          "passes": true,
          "source_sum_fraction": 0.0,
          "strict": false,
          "table": 2,
          "target_class": "B"
        },
        {
          "column": null,
          "contributor_count": 1,
          "contributors": [
            "I129"
          ],
          "normalized_sum": 0.9999999999,
          "passes": true,
          "source_sum_fraction": 0.9999999999,
          "strict": false,
          "table": 1,
          "target_class": "C"
        },
        {
          "column": 3,
          "contributor_count": 0,
          "contributors": [],
          "normalized_sum": 0.0,
          "passes": true,
          "source_sum_fraction": 0.0,
          "strict": false,
          "table": 2,
          "target_class": "C"
        }
      ],
      "expected_row_fractions": {
        "T1:I-129": 0.9999999999
      },
      "pass": true
    },
    "t1-I-129-1-equal": {
      "calculated_only_class": "C",
      "class": "C",
      "coverage": "complete",
      "errors": [],
      "expected_class": "C",
      "expected_constraints": [
        {
          "column": null,
          "contributor_count": 1,
          "contributors": [
            "I129"
          ],
          "normalized_sum": 10.0,
          "passes": false,
          "source_sum_fraction": 1.0,
          "strict": false,
          "table": 1,
          "target_class": "A"
        },
        {
          "column": 1,
          "contributor_count": 0,
          "contributors": [],
          "normalized_sum": 0.0,
          "passes": true,
          "source_sum_fraction": 0.0,
          "strict": false,
          "table": 2,
          "target_class": "A"
        },
        {
          "column": null,
          "contributor_count": 1,
          "contributors": [
            "I129"
          ],
          "normalized_sum": 10.0,
          "passes": false,
          "source_sum_fraction": 1.0,
          "strict": false,
          "table": 1,
          "target_class": "B"
        },
        {
          "column": 2,
          "contributor_count": 0,
          "contributors": [],
          "normalized_sum": 0.0,
          "passes": true,
          "source_sum_fraction": 0.0,
          "strict": false,
          "table": 2,
          "target_class": "B"
        },
        {
          "column": null,
          "contributor_count": 1,
          "contributors": [
            "I129"
          ],
          "normalized_sum": 1.0,
          "passes": true,
          "source_sum_fraction": 1.0,
          "strict": false,
          "table": 1,
          "target_class": "C"
        },
        {
          "column": 3,
          "contributor_count": 0,
          "contributors": [],
          "normalized_sum": 0.0,
          "passes": true,
          "source_sum_fraction": 0.0,
          "strict": false,
          "table": 2,
          "target_class": "C"
        }
      ],
      "expected_row_fractions": {
        "T1:I-129": 1.0
      },
      "pass": true
    },
    "t1-Nb-94_activated_metal-0.1-above": {
      "calculated_only_class": "C",
      "class": "C",
      "coverage": "complete",
      "errors": [],
      "expected_class": "C",
      "expected_constraints": [
        {
          "column": null,
          "contributor_count": 1,
          "contributors": [
            "Nb94"
          ],
          "normalized_sum": 1.0000000001,
          "passes": false,
          "source_sum_fraction": 0.10000000001,
          "strict": false,
          "table": 1,
          "target_class": "A"
        },
        {
          "column": 1,
          "contributor_count": 0,
          "contributors": [],
          "normalized_sum": 0.0,
          "passes": true,
          "source_sum_fraction": 0.0,
          "strict": false,
          "table": 2,
          "target_class": "A"
        },
        {
          "column": null,
          "contributor_count": 1,
          "contributors": [
            "Nb94"
          ],
          "normalized_sum": 1.0000000001,
          "passes": false,
          "source_sum_fraction": 0.10000000001,
          "strict": false,
          "table": 1,
          "target_class": "B"
        },
        {
          "column": 2,
          "contributor_count": 0,
          "contributors": [],
          "normalized_sum": 0.0,
          "passes": true,
          "source_sum_fraction": 0.0,
          "strict": false,
          "table": 2,
          "target_class": "B"
        },
        {
          "column": null,
          "contributor_count": 1,
          "contributors": [
            "Nb94"
          ],
          "normalized_sum": 0.10000000001,
          "passes": true,
          "source_sum_fraction": 0.10000000001,
          "strict": false,
          "table": 1,
          "target_class": "C"
        },
        {
          "column": 3,
          "contributor_count": 0,
          "contributors": [],
          "normalized_sum": 0.0,
          "passes": true,
          "source_sum_fraction": 0.0,
          "strict": false,
          "table": 2,
          "target_class": "C"
        }
      ],
      "expected_row_fractions": {
        "T1:Nb-94_activated_metal": 0.10000000001
      },
      "pass": true
    },
    "t1-Nb-94_activated_metal-0.1-below": {
      "calculated_only_class": "A",
      "class": "A",
      "coverage": "complete",
      "errors": [],
      "expected_class": "A",
      "expected_constraints": [
        {
          "column": null,
          "contributor_count": 1,
          "contributors": [
            "Nb94"
          ],
          "normalized_sum": 0.9999999999,
          "passes": true,
          "source_sum_fraction": 0.09999999999,
          "strict": false,
          "table": 1,
          "target_class": "A"
        },
        {
          "column": 1,
          "contributor_count": 0,
          "contributors": [],
          "normalized_sum": 0.0,
          "passes": true,
          "source_sum_fraction": 0.0,
          "strict": false,
          "table": 2,
          "target_class": "A"
        },
        {
          "column": null,
          "contributor_count": 1,
          "contributors": [
            "Nb94"
          ],
          "normalized_sum": 0.9999999999,
          "passes": true,
          "source_sum_fraction": 0.09999999999,
          "strict": false,
          "table": 1,
          "target_class": "B"
        },
        {
          "column": 2,
          "contributor_count": 0,
          "contributors": [],
          "normalized_sum": 0.0,
          "passes": true,
          "source_sum_fraction": 0.0,
          "strict": false,
          "table": 2,
          "target_class": "B"
        },
        {
          "column": null,
          "contributor_count": 1,
          "contributors": [
            "Nb94"
          ],
          "normalized_sum": 0.09999999999,
          "passes": true,
          "source_sum_fraction": 0.09999999999,
          "strict": false,
          "table": 1,
          "target_class": "C"
        },
        {
          "column": 3,
          "contributor_count": 0,
          "contributors": [],
          "normalized_sum": 0.0,
          "passes": true,
          "source_sum_fraction": 0.0,
          "strict": false,
          "table": 2,
          "target_class": "C"
        }
      ],
      "expected_row_fractions": {
        "T1:Nb-94_activated_metal": 0.09999999999
      },
      "pass": true
    },
    "t1-Nb-94_activated_metal-0.1-equal": {
      "calculated_only_class": "A",
      "class": "A",
      "coverage": "complete",
      "errors": [],
      "expected_class": "A",
      "expected_constraints": [
        {
          "column": null,
          "contributor_count": 1,
          "contributors": [
            "Nb94"
          ],
          "normalized_sum": 1.0,
          "passes": true,
          "source_sum_fraction": 0.1,
          "strict": false,
          "table": 1,
          "target_class": "A"
        },
        {
          "column": 1,
          "contributor_count": 0,
          "contributors": [],
          "normalized_sum": 0.0,
          "passes": true,
          "source_sum_fraction": 0.0,
          "strict": false,
          "table": 2,
          "target_class": "A"
        },
        {
          "column": null,
          "contributor_count": 1,
          "contributors": [
            "Nb94"
          ],
          "normalized_sum": 1.0,
          "passes": true,
          "source_sum_fraction": 0.1,
          "strict": false,
          "table": 1,
          "target_class": "B"
        },
        {
          "column": 2,
          "contributor_count": 0,
          "contributors": [],
          "normalized_sum": 0.0,
          "passes": true,
          "source_sum_fraction": 0.0,
          "strict": false,
          "table": 2,
          "target_class": "B"
        },
        {
          "column": null,
          "contributor_count": 1,
          "contributors": [
            "Nb94"
          ],
          "normalized_sum": 0.1,
          "passes": true,
          "source_sum_fraction": 0.1,
          "strict": false,
          "table": 1,
          "target_class": "C"
        },
        {
          "column": 3,
          "contributor_count": 0,
          "contributors": [],
          "normalized_sum": 0.0,
          "passes": true,
          "source_sum_fraction": 0.0,
          "strict": false,
          "table": 2,
          "target_class": "C"
        }
      ],
      "expected_row_fractions": {
        "T1:Nb-94_activated_metal": 0.1
      },
      "pass": true
    },
    "t1-Nb-94_activated_metal-1-above": {
      "calculated_only_class": "above_class_c",
      "class": "above_class_c",
      "coverage": "complete",
      "errors": [],
      "expected_class": "above_class_c",
      "expected_constraints": [
        {
          "column": null,
          "contributor_count": 1,
          "contributors": [
            "Nb94"
          ],
          "normalized_sum": 10.000000001,
          "passes": false,
          "source_sum_fraction": 1.0000000001,
          "strict": false,
          "table": 1,
          "target_class": "A"
        },
        {
          "column": 1,
          "contributor_count": 0,
          "contributors": [],
          "normalized_sum": 0.0,
          "passes": true,
          "source_sum_fraction": 0.0,
          "strict": false,
          "table": 2,
          "target_class": "A"
        },
        {
          "column": null,
          "contributor_count": 1,
          "contributors": [
            "Nb94"
          ],
          "normalized_sum": 10.000000001,
          "passes": false,
          "source_sum_fraction": 1.0000000001,
          "strict": false,
          "table": 1,
          "target_class": "B"
        },
        {
          "column": 2,
          "contributor_count": 0,
          "contributors": [],
          "normalized_sum": 0.0,
          "passes": true,
          "source_sum_fraction": 0.0,
          "strict": false,
          "table": 2,
          "target_class": "B"
        },
        {
          "column": null,
          "contributor_count": 1,
          "contributors": [
            "Nb94"
          ],
          "normalized_sum": 1.0000000001,
          "passes": false,
          "source_sum_fraction": 1.0000000001,
          "strict": false,
          "table": 1,
          "target_class": "C"
        },
        {
          "column": 3,
          "contributor_count": 0,
          "contributors": [],
          "normalized_sum": 0.0,
          "passes": true,
          "source_sum_fraction": 0.0,
          "strict": false,
          "table": 2,
          "target_class": "C"
        }
      ],
      "expected_row_fractions": {
        "T1:Nb-94_activated_metal": 1.0000000001
      },
      "pass": true
    },
    "t1-Nb-94_activated_metal-1-below": {
      "calculated_only_class": "C",
      "class": "C",
      "coverage": "complete",
      "errors": [],
      "expected_class": "C",
      "expected_constraints": [
        {
          "column": null,
          "contributor_count": 1,
          "contributors": [
            "Nb94"
          ],
          "normalized_sum": 9.999999999,
          "passes": false,
          "source_sum_fraction": 0.9999999999,
          "strict": false,
          "table": 1,
          "target_class": "A"
        },
        {
          "column": 1,
          "contributor_count": 0,
          "contributors": [],
          "normalized_sum": 0.0,
          "passes": true,
          "source_sum_fraction": 0.0,
          "strict": false,
          "table": 2,
          "target_class": "A"
        },
        {
          "column": null,
          "contributor_count": 1,
          "contributors": [
            "Nb94"
          ],
          "normalized_sum": 9.999999999,
          "passes": false,
          "source_sum_fraction": 0.9999999999,
          "strict": false,
          "table": 1,
          "target_class": "B"
        },
        {
          "column": 2,
          "contributor_count": 0,
          "contributors": [],
          "normalized_sum": 0.0,
          "passes": true,
          "source_sum_fraction": 0.0,
          "strict": false,
          "table": 2,
          "target_class": "B"
        },
        {
          "column": null,
          "contributor_count": 1,
          "contributors": [
            "Nb94"
          ],
          "normalized_sum": 0.9999999999,
          "passes": true,
          "source_sum_fraction": 0.9999999999,
          "strict": false,
          "table": 1,
          "target_class": "C"
        },
        {
          "column": 3,
          "contributor_count": 0,
          "contributors": [],
          "normalized_sum": 0.0,
          "passes": true,
          "source_sum_fraction": 0.0,
          "strict": false,
          "table": 2,
          "target_class": "C"
        }
      ],
      "expected_row_fractions": {
        "T1:Nb-94_activated_metal": 0.9999999999
      },
      "pass": true
    },
    "t1-Nb-94_activated_metal-1-equal": {
      "calculated_only_class": "C",
      "class": "C",
      "coverage": "complete",
      "errors": [],
      "expected_class": "C",
      "expected_constraints": [
        {
          "column": null,
          "contributor_count": 1,
          "contributors": [
            "Nb94"
          ],
          "normalized_sum": 10.0,
          "passes": false,
          "source_sum_fraction": 1.0,
          "strict": false,
          "table": 1,
          "target_class": "A"
        },
        {
          "column": 1,
          "contributor_count": 0,
          "contributors": [],
          "normalized_sum": 0.0,
          "passes": true,
          "source_sum_fraction": 0.0,
          "strict": false,
          "table": 2,
          "target_class": "A"
        },
        {
          "column": null,
          "contributor_count": 1,
          "contributors": [
            "Nb94"
          ],
          "normalized_sum": 10.0,
          "passes": false,
          "source_sum_fraction": 1.0,
          "strict": false,
          "table": 1,
          "target_class": "B"
        },
        {
          "column": 2,
          "contributor_count": 0,
          "contributors": [],
          "normalized_sum": 0.0,
          "passes": true,
          "source_sum_fraction": 0.0,
          "strict": false,
          "table": 2,
          "target_class": "B"
        },
        {
          "column": null,
          "contributor_count": 1,
          "contributors": [
            "Nb94"
          ],
          "normalized_sum": 1.0,
          "passes": true,
          "source_sum_fraction": 1.0,
          "strict": false,
          "table": 1,
          "target_class": "C"
        },
        {
          "column": 3,
          "contributor_count": 0,
          "contributors": [],
          "normalized_sum": 0.0,
          "passes": true,
          "source_sum_fraction": 0.0,
          "strict": false,
          "table": 2,
          "target_class": "C"
        }
      ],
      "expected_row_fractions": {
        "T1:Nb-94_activated_metal": 1.0
      },
      "pass": true
    },
    "t1-Ni-59_activated_metal-0.1-above": {
      "calculated_only_class": "C",
      "class": "C",
      "coverage": "complete",
      "errors": [],
      "expected_class": "C",
      "expected_constraints": [
        {
          "column": null,
          "contributor_count": 1,
          "contributors": [
            "Ni59"
          ],
          "normalized_sum": 1.0000000001,
          "passes": false,
          "source_sum_fraction": 0.10000000001,
          "strict": false,
          "table": 1,
          "target_class": "A"
        },
        {
          "column": 1,
          "contributor_count": 0,
          "contributors": [],
          "normalized_sum": 0.0,
          "passes": true,
          "source_sum_fraction": 0.0,
          "strict": false,
          "table": 2,
          "target_class": "A"
        },
        {
          "column": null,
          "contributor_count": 1,
          "contributors": [
            "Ni59"
          ],
          "normalized_sum": 1.0000000001,
          "passes": false,
          "source_sum_fraction": 0.10000000001,
          "strict": false,
          "table": 1,
          "target_class": "B"
        },
        {
          "column": 2,
          "contributor_count": 0,
          "contributors": [],
          "normalized_sum": 0.0,
          "passes": true,
          "source_sum_fraction": 0.0,
          "strict": false,
          "table": 2,
          "target_class": "B"
        },
        {
          "column": null,
          "contributor_count": 1,
          "contributors": [
            "Ni59"
          ],
          "normalized_sum": 0.10000000001,
          "passes": true,
          "source_sum_fraction": 0.10000000001,
          "strict": false,
          "table": 1,
          "target_class": "C"
        },
        {
          "column": 3,
          "contributor_count": 0,
          "contributors": [],
          "normalized_sum": 0.0,
          "passes": true,
          "source_sum_fraction": 0.0,
          "strict": false,
          "table": 2,
          "target_class": "C"
        }
      ],
      "expected_row_fractions": {
        "T1:Ni-59_activated_metal": 0.10000000001
      },
      "pass": true
    },
    "t1-Ni-59_activated_metal-0.1-below": {
      "calculated_only_class": "A",
      "class": "A",
      "coverage": "complete",
      "errors": [],
      "expected_class": "A",
      "expected_constraints": [
        {
          "column": null,
          "contributor_count": 1,
          "contributors": [
            "Ni59"
          ],
          "normalized_sum": 0.9999999998999999,
          "passes": true,
          "source_sum_fraction": 0.09999999998999999,
          "strict": false,
          "table": 1,
          "target_class": "A"
        },
        {
          "column": 1,
          "contributor_count": 0,
          "contributors": [],
          "normalized_sum": 0.0,
          "passes": true,
          "source_sum_fraction": 0.0,
          "strict": false,
          "table": 2,
          "target_class": "A"
        },
        {
          "column": null,
          "contributor_count": 1,
          "contributors": [
            "Ni59"
          ],
          "normalized_sum": 0.9999999998999999,
          "passes": true,
          "source_sum_fraction": 0.09999999998999999,
          "strict": false,
          "table": 1,
          "target_class": "B"
        },
        {
          "column": 2,
          "contributor_count": 0,
          "contributors": [],
          "normalized_sum": 0.0,
          "passes": true,
          "source_sum_fraction": 0.0,
          "strict": false,
          "table": 2,
          "target_class": "B"
        },
        {
          "column": null,
          "contributor_count": 1,
          "contributors": [
            "Ni59"
          ],
          "normalized_sum": 0.09999999998999999,
          "passes": true,
          "source_sum_fraction": 0.09999999998999999,
          "strict": false,
          "table": 1,
          "target_class": "C"
        },
        {
          "column": 3,
          "contributor_count": 0,
          "contributors": [],
          "normalized_sum": 0.0,
          "passes": true,
          "source_sum_fraction": 0.0,
          "strict": false,
          "table": 2,
          "target_class": "C"
        }
      ],
      "expected_row_fractions": {
        "T1:Ni-59_activated_metal": 0.09999999998999999
      },
      "pass": true
    },
    "t1-Ni-59_activated_metal-0.1-equal": {
      "calculated_only_class": "A",
      "class": "A",
      "coverage": "complete",
      "errors": [],
      "expected_class": "A",
      "expected_constraints": [
        {
          "column": null,
          "contributor_count": 1,
          "contributors": [
            "Ni59"
          ],
          "normalized_sum": 1.0,
          "passes": true,
          "source_sum_fraction": 0.1,
          "strict": false,
          "table": 1,
          "target_class": "A"
        },
        {
          "column": 1,
          "contributor_count": 0,
          "contributors": [],
          "normalized_sum": 0.0,
          "passes": true,
          "source_sum_fraction": 0.0,
          "strict": false,
          "table": 2,
          "target_class": "A"
        },
        {
          "column": null,
          "contributor_count": 1,
          "contributors": [
            "Ni59"
          ],
          "normalized_sum": 1.0,
          "passes": true,
          "source_sum_fraction": 0.1,
          "strict": false,
          "table": 1,
          "target_class": "B"
        },
        {
          "column": 2,
          "contributor_count": 0,
          "contributors": [],
          "normalized_sum": 0.0,
          "passes": true,
          "source_sum_fraction": 0.0,
          "strict": false,
          "table": 2,
          "target_class": "B"
        },
        {
          "column": null,
          "contributor_count": 1,
          "contributors": [
            "Ni59"
          ],
          "normalized_sum": 0.1,
          "passes": true,
          "source_sum_fraction": 0.1,
          "strict": false,
          "table": 1,
          "target_class": "C"
        },
        {
          "column": 3,
          "contributor_count": 0,
          "contributors": [],
          "normalized_sum": 0.0,
          "passes": true,
          "source_sum_fraction": 0.0,
          "strict": false,
          "table": 2,
          "target_class": "C"
        }
      ],
      "expected_row_fractions": {
        "T1:Ni-59_activated_metal": 0.1
      },
      "pass": true
    },
    "t1-Ni-59_activated_metal-1-above": {
      "calculated_only_class": "above_class_c",
      "class": "above_class_c",
      "coverage": "complete",
      "errors": [],
      "expected_class": "above_class_c",
      "expected_constraints": [
        {
          "column": null,
          "contributor_count": 1,
          "contributors": [
            "Ni59"
          ],
          "normalized_sum": 10.000000001,
          "passes": false,
          "source_sum_fraction": 1.0000000001,
          "strict": false,
          "table": 1,
          "target_class": "A"
        },
        {
          "column": 1,
          "contributor_count": 0,
          "contributors": [],
          "normalized_sum": 0.0,
          "passes": true,
          "source_sum_fraction": 0.0,
          "strict": false,
          "table": 2,
          "target_class": "A"
        },
        {
          "column": null,
          "contributor_count": 1,
          "contributors": [
            "Ni59"
          ],
          "normalized_sum": 10.000000001,
          "passes": false,
          "source_sum_fraction": 1.0000000001,
          "strict": false,
          "table": 1,
          "target_class": "B"
        },
        {
          "column": 2,
          "contributor_count": 0,
          "contributors": [],
          "normalized_sum": 0.0,
          "passes": true,
          "source_sum_fraction": 0.0,
          "strict": false,
          "table": 2,
          "target_class": "B"
        },
        {
          "column": null,
          "contributor_count": 1,
          "contributors": [
            "Ni59"
          ],
          "normalized_sum": 1.0000000001,
          "passes": false,
          "source_sum_fraction": 1.0000000001,
          "strict": false,
          "table": 1,
          "target_class": "C"
        },
        {
          "column": 3,
          "contributor_count": 0,
          "contributors": [],
          "normalized_sum": 0.0,
          "passes": true,
          "source_sum_fraction": 0.0,
          "strict": false,
          "table": 2,
          "target_class": "C"
        }
      ],
      "expected_row_fractions": {
        "T1:Ni-59_activated_metal": 1.0000000001
      },
      "pass": true
    },
    "t1-Ni-59_activated_metal-1-below": {
      "calculated_only_class": "C",
      "class": "C",
      "coverage": "complete",
      "errors": [],
      "expected_class": "C",
      "expected_constraints": [
        {
          "column": null,
          "contributor_count": 1,
          "contributors": [
            "Ni59"
          ],
          "normalized_sum": 9.999999999,
          "passes": false,
          "source_sum_fraction": 0.9999999999,
          "strict": false,
          "table": 1,
          "target_class": "A"
        },
        {
          "column": 1,
          "contributor_count": 0,
          "contributors": [],
          "normalized_sum": 0.0,
          "passes": true,
          "source_sum_fraction": 0.0,
          "strict": false,
          "table": 2,
          "target_class": "A"
        },
        {
          "column": null,
          "contributor_count": 1,
          "contributors": [
            "Ni59"
          ],
          "normalized_sum": 9.999999999,
          "passes": false,
          "source_sum_fraction": 0.9999999999,
          "strict": false,
          "table": 1,
          "target_class": "B"
        },
        {
          "column": 2,
          "contributor_count": 0,
          "contributors": [],
          "normalized_sum": 0.0,
          "passes": true,
          "source_sum_fraction": 0.0,
          "strict": false,
          "table": 2,
          "target_class": "B"
        },
        {
          "column": null,
          "contributor_count": 1,
          "contributors": [
            "Ni59"
          ],
          "normalized_sum": 0.9999999999,
          "passes": true,
          "source_sum_fraction": 0.9999999999,
          "strict": false,
          "table": 1,
          "target_class": "C"
        },
        {
          "column": 3,
          "contributor_count": 0,
          "contributors": [],
          "normalized_sum": 0.0,
          "passes": true,
          "source_sum_fraction": 0.0,
          "strict": false,
          "table": 2,
          "target_class": "C"
        }
      ],
      "expected_row_fractions": {
        "T1:Ni-59_activated_metal": 0.9999999999
      },
      "pass": true
    },
    "t1-Ni-59_activated_metal-1-equal": {
      "calculated_only_class": "C",
      "class": "C",
      "coverage": "complete",
      "errors": [],
      "expected_class": "C",
      "expected_constraints": [
        {
          "column": null,
          "contributor_count": 1,
          "contributors": [
            "Ni59"
          ],
          "normalized_sum": 10.0,
          "passes": false,
          "source_sum_fraction": 1.0,
          "strict": false,
          "table": 1,
          "target_class": "A"
        },
        {
          "column": 1,
          "contributor_count": 0,
          "contributors": [],
          "normalized_sum": 0.0,
          "passes": true,
          "source_sum_fraction": 0.0,
          "strict": false,
          "table": 2,
          "target_class": "A"
        },
        {
          "column": null,
          "contributor_count": 1,
          "contributors": [
            "Ni59"
          ],
          "normalized_sum": 10.0,
          "passes": false,
          "source_sum_fraction": 1.0,
          "strict": false,
          "table": 1,
          "target_class": "B"
        },
        {
          "column": 2,
          "contributor_count": 0,
          "contributors": [],
          "normalized_sum": 0.0,
          "passes": true,
          "source_sum_fraction": 0.0,
          "strict": false,
          "table": 2,
          "target_class": "B"
        },
        {
          "column": null,
          "contributor_count": 1,
          "contributors": [
            "Ni59"
          ],
          "normalized_sum": 1.0,
          "passes": true,
          "source_sum_fraction": 1.0,
          "strict": false,
          "table": 1,
          "target_class": "C"
        },
        {
          "column": 3,
          "contributor_count": 0,
          "contributors": [],
          "normalized_sum": 0.0,
          "passes": true,
          "source_sum_fraction": 0.0,
          "strict": false,
          "table": 2,
          "target_class": "C"
        }
      ],
      "expected_row_fractions": {
        "T1:Ni-59_activated_metal": 1.0
      },
      "pass": true
    },
    "t1-Pu-241-0.1-above": {
      "calculated_only_class": "C",
      "class": "C",
      "coverage": "complete",
      "errors": [],
      "expected_class": "C",
      "expected_constraints": [
        {
          "column": null,
          "contributor_count": 1,
          "contributors": [
            "Pu241"
          ],
          "normalized_sum": 1.0000000001,
          "passes": false,
          "source_sum_fraction": 0.10000000001,
          "strict": false,
          "table": 1,
          "target_class": "A"
        },
        {
          "column": 1,
          "contributor_count": 0,
          "contributors": [],
          "normalized_sum": 0.0,
          "passes": true,
          "source_sum_fraction": 0.0,
          "strict": false,
          "table": 2,
          "target_class": "A"
        },
        {
          "column": null,
          "contributor_count": 1,
          "contributors": [
            "Pu241"
          ],
          "normalized_sum": 1.0000000001,
          "passes": false,
          "source_sum_fraction": 0.10000000001,
          "strict": false,
          "table": 1,
          "target_class": "B"
        },
        {
          "column": 2,
          "contributor_count": 0,
          "contributors": [],
          "normalized_sum": 0.0,
          "passes": true,
          "source_sum_fraction": 0.0,
          "strict": false,
          "table": 2,
          "target_class": "B"
        },
        {
          "column": null,
          "contributor_count": 1,
          "contributors": [
            "Pu241"
          ],
          "normalized_sum": 0.10000000001,
          "passes": true,
          "source_sum_fraction": 0.10000000001,
          "strict": false,
          "table": 1,
          "target_class": "C"
        },
        {
          "column": 3,
          "contributor_count": 0,
          "contributors": [],
          "normalized_sum": 0.0,
          "passes": true,
          "source_sum_fraction": 0.0,
          "strict": false,
          "table": 2,
          "target_class": "C"
        }
      ],
      "expected_row_fractions": {
        "T1:Pu-241": 0.10000000001
      },
      "pass": true
    },
    "t1-Pu-241-0.1-below": {
      "calculated_only_class": "A",
      "class": "A",
      "coverage": "complete",
      "errors": [],
      "expected_class": "A",
      "expected_constraints": [
        {
          "column": null,
          "contributor_count": 1,
          "contributors": [
            "Pu241"
          ],
          "normalized_sum": 0.9999999998999999,
          "passes": true,
          "source_sum_fraction": 0.09999999998999999,
          "strict": false,
          "table": 1,
          "target_class": "A"
        },
        {
          "column": 1,
          "contributor_count": 0,
          "contributors": [],
          "normalized_sum": 0.0,
          "passes": true,
          "source_sum_fraction": 0.0,
          "strict": false,
          "table": 2,
          "target_class": "A"
        },
        {
          "column": null,
          "contributor_count": 1,
          "contributors": [
            "Pu241"
          ],
          "normalized_sum": 0.9999999998999999,
          "passes": true,
          "source_sum_fraction": 0.09999999998999999,
          "strict": false,
          "table": 1,
          "target_class": "B"
        },
        {
          "column": 2,
          "contributor_count": 0,
          "contributors": [],
          "normalized_sum": 0.0,
          "passes": true,
          "source_sum_fraction": 0.0,
          "strict": false,
          "table": 2,
          "target_class": "B"
        },
        {
          "column": null,
          "contributor_count": 1,
          "contributors": [
            "Pu241"
          ],
          "normalized_sum": 0.09999999998999999,
          "passes": true,
          "source_sum_fraction": 0.09999999998999999,
          "strict": false,
          "table": 1,
          "target_class": "C"
        },
        {
          "column": 3,
          "contributor_count": 0,
          "contributors": [],
          "normalized_sum": 0.0,
          "passes": true,
          "source_sum_fraction": 0.0,
          "strict": false,
          "table": 2,
          "target_class": "C"
        }
      ],
      "expected_row_fractions": {
        "T1:Pu-241": 0.09999999998999999
      },
      "pass": true
    },
    "t1-Pu-241-0.1-equal": {
      "calculated_only_class": "A",
      "class": "A",
      "coverage": "complete",
      "errors": [],
      "expected_class": "A",
      "expected_constraints": [
        {
          "column": null,
          "contributor_count": 1,
          "contributors": [
            "Pu241"
          ],
          "normalized_sum": 1.0,
          "passes": true,
          "source_sum_fraction": 0.1,
          "strict": false,
          "table": 1,
          "target_class": "A"
        },
        {
          "column": 1,
          "contributor_count": 0,
          "contributors": [],
          "normalized_sum": 0.0,
          "passes": true,
          "source_sum_fraction": 0.0,
          "strict": false,
          "table": 2,
          "target_class": "A"
        },
        {
          "column": null,
          "contributor_count": 1,
          "contributors": [
            "Pu241"
          ],
          "normalized_sum": 1.0,
          "passes": true,
          "source_sum_fraction": 0.1,
          "strict": false,
          "table": 1,
          "target_class": "B"
        },
        {
          "column": 2,
          "contributor_count": 0,
          "contributors": [],
          "normalized_sum": 0.0,
          "passes": true,
          "source_sum_fraction": 0.0,
          "strict": false,
          "table": 2,
          "target_class": "B"
        },
        {
          "column": null,
          "contributor_count": 1,
          "contributors": [
            "Pu241"
          ],
          "normalized_sum": 0.1,
          "passes": true,
          "source_sum_fraction": 0.1,
          "strict": false,
          "table": 1,
          "target_class": "C"
        },
        {
          "column": 3,
          "contributor_count": 0,
          "contributors": [],
          "normalized_sum": 0.0,
          "passes": true,
          "source_sum_fraction": 0.0,
          "strict": false,
          "table": 2,
          "target_class": "C"
        }
      ],
      "expected_row_fractions": {
        "T1:Pu-241": 0.1
      },
      "pass": true
    },
    "t1-Pu-241-1-above": {
      "calculated_only_class": "above_class_c",
      "class": "above_class_c",
      "coverage": "complete",
      "errors": [],
      "expected_class": "above_class_c",
      "expected_constraints": [
        {
          "column": null,
          "contributor_count": 1,
          "contributors": [
            "Pu241"
          ],
          "normalized_sum": 10.000000001,
          "passes": false,
          "source_sum_fraction": 1.0000000001,
          "strict": false,
          "table": 1,
          "target_class": "A"
        },
        {
          "column": 1,
          "contributor_count": 0,
          "contributors": [],
          "normalized_sum": 0.0,
          "passes": true,
          "source_sum_fraction": 0.0,
          "strict": false,
          "table": 2,
          "target_class": "A"
        },
        {
          "column": null,
          "contributor_count": 1,
          "contributors": [
            "Pu241"
          ],
          "normalized_sum": 10.000000001,
          "passes": false,
          "source_sum_fraction": 1.0000000001,
          "strict": false,
          "table": 1,
          "target_class": "B"
        },
        {
          "column": 2,
          "contributor_count": 0,
          "contributors": [],
          "normalized_sum": 0.0,
          "passes": true,
          "source_sum_fraction": 0.0,
          "strict": false,
          "table": 2,
          "target_class": "B"
        },
        {
          "column": null,
          "contributor_count": 1,
          "contributors": [
            "Pu241"
          ],
          "normalized_sum": 1.0000000001,
          "passes": false,
          "source_sum_fraction": 1.0000000001,
          "strict": false,
          "table": 1,
          "target_class": "C"
        },
        {
          "column": 3,
          "contributor_count": 0,
          "contributors": [],
          "normalized_sum": 0.0,
          "passes": true,
          "source_sum_fraction": 0.0,
          "strict": false,
          "table": 2,
          "target_class": "C"
        }
      ],
      "expected_row_fractions": {
        "T1:Pu-241": 1.0000000001
      },
      "pass": true
    },
    "t1-Pu-241-1-below": {
      "calculated_only_class": "C",
      "class": "C",
      "coverage": "complete",
      "errors": [],
      "expected_class": "C",
      "expected_constraints": [
        {
          "column": null,
          "contributor_count": 1,
          "contributors": [
            "Pu241"
          ],
          "normalized_sum": 9.999999999,
          "passes": false,
          "source_sum_fraction": 0.9999999999,
          "strict": false,
          "table": 1,
          "target_class": "A"
        },
        {
          "column": 1,
          "contributor_count": 0,
          "contributors": [],
          "normalized_sum": 0.0,
          "passes": true,
          "source_sum_fraction": 0.0,
          "strict": false,
          "table": 2,
          "target_class": "A"
        },
        {
          "column": null,
          "contributor_count": 1,
          "contributors": [
            "Pu241"
          ],
          "normalized_sum": 9.999999999,
          "passes": false,
          "source_sum_fraction": 0.9999999999,
          "strict": false,
          "table": 1,
          "target_class": "B"
        },
        {
          "column": 2,
          "contributor_count": 0,
          "contributors": [],
          "normalized_sum": 0.0,
          "passes": true,
          "source_sum_fraction": 0.0,
          "strict": false,
          "table": 2,
          "target_class": "B"
        },
        {
          "column": null,
          "contributor_count": 1,
          "contributors": [
            "Pu241"
          ],
          "normalized_sum": 0.9999999999,
          "passes": true,
          "source_sum_fraction": 0.9999999999,
          "strict": false,
          "table": 1,
          "target_class": "C"
        },
        {
          "column": 3,
          "contributor_count": 0,
          "contributors": [],
          "normalized_sum": 0.0,
          "passes": true,
          "source_sum_fraction": 0.0,
          "strict": false,
          "table": 2,
          "target_class": "C"
        }
      ],
      "expected_row_fractions": {
        "T1:Pu-241": 0.9999999999
      },
      "pass": true
    },
    "t1-Pu-241-1-equal": {
      "calculated_only_class": "C",
      "class": "C",
      "coverage": "complete",
      "errors": [],
      "expected_class": "C",
      "expected_constraints": [
        {
          "column": null,
          "contributor_count": 1,
          "contributors": [
            "Pu241"
          ],
          "normalized_sum": 10.0,
          "passes": false,
          "source_sum_fraction": 1.0,
          "strict": false,
          "table": 1,
          "target_class": "A"
        },
        {
          "column": 1,
          "contributor_count": 0,
          "contributors": [],
          "normalized_sum": 0.0,
          "passes": true,
          "source_sum_fraction": 0.0,
          "strict": false,
          "table": 2,
          "target_class": "A"
        },
        {
          "column": null,
          "contributor_count": 1,
          "contributors": [
            "Pu241"
          ],
          "normalized_sum": 10.0,
          "passes": false,
          "source_sum_fraction": 1.0,
          "strict": false,
          "table": 1,
          "target_class": "B"
        },
        {
          "column": 2,
          "contributor_count": 0,
          "contributors": [],
          "normalized_sum": 0.0,
          "passes": true,
          "source_sum_fraction": 0.0,
          "strict": false,
          "table": 2,
          "target_class": "B"
        },
        {
          "column": null,
          "contributor_count": 1,
          "contributors": [
            "Pu241"
          ],
          "normalized_sum": 1.0,
          "passes": true,
          "source_sum_fraction": 1.0,
          "strict": false,
          "table": 1,
          "target_class": "C"
        },
        {
          "column": 3,
          "contributor_count": 0,
          "contributors": [],
          "normalized_sum": 0.0,
          "passes": true,
          "source_sum_fraction": 0.0,
          "strict": false,
          "table": 2,
          "target_class": "C"
        }
      ],
      "expected_row_fractions": {
        "T1:Pu-241": 1.0
      },
      "pass": true
    },
    "t1-Tc-99-0.1-above": {
      "calculated_only_class": "C",
      "class": "C",
      "coverage": "complete",
      "errors": [],
      "expected_class": "C",
      "expected_constraints": [
        {
          "column": null,
          "contributor_count": 1,
          "contributors": [
            "Tc99"
          ],
          "normalized_sum": 1.0000000001,
          "passes": false,
          "source_sum_fraction": 0.10000000001,
          "strict": false,
          "table": 1,
          "target_class": "A"
        },
        {
          "column": 1,
          "contributor_count": 0,
          "contributors": [],
          "normalized_sum": 0.0,
          "passes": true,
          "source_sum_fraction": 0.0,
          "strict": false,
          "table": 2,
          "target_class": "A"
        },
        {
          "column": null,
          "contributor_count": 1,
          "contributors": [
            "Tc99"
          ],
          "normalized_sum": 1.0000000001,
          "passes": false,
          "source_sum_fraction": 0.10000000001,
          "strict": false,
          "table": 1,
          "target_class": "B"
        },
        {
          "column": 2,
          "contributor_count": 0,
          "contributors": [],
          "normalized_sum": 0.0,
          "passes": true,
          "source_sum_fraction": 0.0,
          "strict": false,
          "table": 2,
          "target_class": "B"
        },
        {
          "column": null,
          "contributor_count": 1,
          "contributors": [
            "Tc99"
          ],
          "normalized_sum": 0.10000000001,
          "passes": true,
          "source_sum_fraction": 0.10000000001,
          "strict": false,
          "table": 1,
          "target_class": "C"
        },
        {
          "column": 3,
          "contributor_count": 0,
          "contributors": [],
          "normalized_sum": 0.0,
          "passes": true,
          "source_sum_fraction": 0.0,
          "strict": false,
          "table": 2,
          "target_class": "C"
        }
      ],
      "expected_row_fractions": {
        "T1:Tc-99": 0.10000000001
      },
      "pass": true
    },
    "t1-Tc-99-0.1-below": {
      "calculated_only_class": "A",
      "class": "A",
      "coverage": "complete",
      "errors": [],
      "expected_class": "A",
      "expected_constraints": [
        {
          "column": null,
          "contributor_count": 1,
          "contributors": [
            "Tc99"
          ],
          "normalized_sum": 0.9999999999,
          "passes": true,
          "source_sum_fraction": 0.09999999999,
          "strict": false,
          "table": 1,
          "target_class": "A"
        },
        {
          "column": 1,
          "contributor_count": 0,
          "contributors": [],
          "normalized_sum": 0.0,
          "passes": true,
          "source_sum_fraction": 0.0,
          "strict": false,
          "table": 2,
          "target_class": "A"
        },
        {
          "column": null,
          "contributor_count": 1,
          "contributors": [
            "Tc99"
          ],
          "normalized_sum": 0.9999999999,
          "passes": true,
          "source_sum_fraction": 0.09999999999,
          "strict": false,
          "table": 1,
          "target_class": "B"
        },
        {
          "column": 2,
          "contributor_count": 0,
          "contributors": [],
          "normalized_sum": 0.0,
          "passes": true,
          "source_sum_fraction": 0.0,
          "strict": false,
          "table": 2,
          "target_class": "B"
        },
        {
          "column": null,
          "contributor_count": 1,
          "contributors": [
            "Tc99"
          ],
          "normalized_sum": 0.09999999999,
          "passes": true,
          "source_sum_fraction": 0.09999999999,
          "strict": false,
          "table": 1,
          "target_class": "C"
        },
        {
          "column": 3,
          "contributor_count": 0,
          "contributors": [],
          "normalized_sum": 0.0,
          "passes": true,
          "source_sum_fraction": 0.0,
          "strict": false,
          "table": 2,
          "target_class": "C"
        }
      ],
      "expected_row_fractions": {
        "T1:Tc-99": 0.09999999999
      },
      "pass": true
    },
    "t1-Tc-99-0.1-equal": {
      "calculated_only_class": "A",
      "class": "A",
      "coverage": "complete",
      "errors": [],
      "expected_class": "A",
      "expected_constraints": [
        {
          "column": null,
          "contributor_count": 1,
          "contributors": [
            "Tc99"
          ],
          "normalized_sum": 1.0,
          "passes": true,
          "source_sum_fraction": 0.1,
          "strict": false,
          "table": 1,
          "target_class": "A"
        },
        {
          "column": 1,
          "contributor_count": 0,
          "contributors": [],
          "normalized_sum": 0.0,
          "passes": true,
          "source_sum_fraction": 0.0,
          "strict": false,
          "table": 2,
          "target_class": "A"
        },
        {
          "column": null,
          "contributor_count": 1,
          "contributors": [
            "Tc99"
          ],
          "normalized_sum": 1.0,
          "passes": true,
          "source_sum_fraction": 0.1,
          "strict": false,
          "table": 1,
          "target_class": "B"
        },
        {
          "column": 2,
          "contributor_count": 0,
          "contributors": [],
          "normalized_sum": 0.0,
          "passes": true,
          "source_sum_fraction": 0.0,
          "strict": false,
          "table": 2,
          "target_class": "B"
        },
        {
          "column": null,
          "contributor_count": 1,
          "contributors": [
            "Tc99"
          ],
          "normalized_sum": 0.1,
          "passes": true,
          "source_sum_fraction": 0.1,
          "strict": false,
          "table": 1,
          "target_class": "C"
        },
        {
          "column": 3,
          "contributor_count": 0,
          "contributors": [],
          "normalized_sum": 0.0,
          "passes": true,
          "source_sum_fraction": 0.0,
          "strict": false,
          "table": 2,
          "target_class": "C"
        }
      ],
      "expected_row_fractions": {
        "T1:Tc-99": 0.1
      },
      "pass": true
    },
    "t1-Tc-99-1-above": {
      "calculated_only_class": "above_class_c",
      "class": "above_class_c",
      "coverage": "complete",
      "errors": [],
      "expected_class": "above_class_c",
      "expected_constraints": [
        {
          "column": null,
          "contributor_count": 1,
          "contributors": [
            "Tc99"
          ],
          "normalized_sum": 10.000000001,
          "passes": false,
          "source_sum_fraction": 1.0000000001,
          "strict": false,
          "table": 1,
          "target_class": "A"
        },
        {
          "column": 1,
          "contributor_count": 0,
          "contributors": [],
          "normalized_sum": 0.0,
          "passes": true,
          "source_sum_fraction": 0.0,
          "strict": false,
          "table": 2,
          "target_class": "A"
        },
        {
          "column": null,
          "contributor_count": 1,
          "contributors": [
            "Tc99"
          ],
          "normalized_sum": 10.000000001,
          "passes": false,
          "source_sum_fraction": 1.0000000001,
          "strict": false,
          "table": 1,
          "target_class": "B"
        },
        {
          "column": 2,
          "contributor_count": 0,
          "contributors": [],
          "normalized_sum": 0.0,
          "passes": true,
          "source_sum_fraction": 0.0,
          "strict": false,
          "table": 2,
          "target_class": "B"
        },
        {
          "column": null,
          "contributor_count": 1,
          "contributors": [
            "Tc99"
          ],
          "normalized_sum": 1.0000000001,
          "passes": false,
          "source_sum_fraction": 1.0000000001,
          "strict": false,
          "table": 1,
          "target_class": "C"
        },
        {
          "column": 3,
          "contributor_count": 0,
          "contributors": [],
          "normalized_sum": 0.0,
          "passes": true,
          "source_sum_fraction": 0.0,
          "strict": false,
          "table": 2,
          "target_class": "C"
        }
      ],
      "expected_row_fractions": {
        "T1:Tc-99": 1.0000000001
      },
      "pass": true
    },
    "t1-Tc-99-1-below": {
      "calculated_only_class": "C",
      "class": "C",
      "coverage": "complete",
      "errors": [],
      "expected_class": "C",
      "expected_constraints": [
        {
          "column": null,
          "contributor_count": 1,
          "contributors": [
            "Tc99"
          ],
          "normalized_sum": 9.999999999,
          "passes": false,
          "source_sum_fraction": 0.9999999999,
          "strict": false,
          "table": 1,
          "target_class": "A"
        },
        {
          "column": 1,
          "contributor_count": 0,
          "contributors": [],
          "normalized_sum": 0.0,
          "passes": true,
          "source_sum_fraction": 0.0,
          "strict": false,
          "table": 2,
          "target_class": "A"
        },
        {
          "column": null,
          "contributor_count": 1,
          "contributors": [
            "Tc99"
          ],
          "normalized_sum": 9.999999999,
          "passes": false,
          "source_sum_fraction": 0.9999999999,
          "strict": false,
          "table": 1,
          "target_class": "B"
        },
        {
          "column": 2,
          "contributor_count": 0,
          "contributors": [],
          "normalized_sum": 0.0,
          "passes": true,
          "source_sum_fraction": 0.0,
          "strict": false,
          "table": 2,
          "target_class": "B"
        },
        {
          "column": null,
          "contributor_count": 1,
          "contributors": [
            "Tc99"
          ],
          "normalized_sum": 0.9999999999,
          "passes": true,
          "source_sum_fraction": 0.9999999999,
          "strict": false,
          "table": 1,
          "target_class": "C"
        },
        {
          "column": 3,
          "contributor_count": 0,
          "contributors": [],
          "normalized_sum": 0.0,
          "passes": true,
          "source_sum_fraction": 0.0,
          "strict": false,
          "table": 2,
          "target_class": "C"
        }
      ],
      "expected_row_fractions": {
        "T1:Tc-99": 0.9999999999
      },
      "pass": true
    },
    "t1-Tc-99-1-equal": {
      "calculated_only_class": "C",
      "class": "C",
      "coverage": "complete",
      "errors": [],
      "expected_class": "C",
      "expected_constraints": [
        {
          "column": null,
          "contributor_count": 1,
          "contributors": [
            "Tc99"
          ],
          "normalized_sum": 10.0,
          "passes": false,
          "source_sum_fraction": 1.0,
          "strict": false,
          "table": 1,
          "target_class": "A"
        },
        {
          "column": 1,
          "contributor_count": 0,
          "contributors": [],
          "normalized_sum": 0.0,
          "passes": true,
          "source_sum_fraction": 0.0,
          "strict": false,
          "table": 2,
          "target_class": "A"
        },
        {
          "column": null,
          "contributor_count": 1,
          "contributors": [
            "Tc99"
          ],
          "normalized_sum": 10.0,
          "passes": false,
          "source_sum_fraction": 1.0,
          "strict": false,
          "table": 1,
          "target_class": "B"
        },
        {
          "column": 2,
          "contributor_count": 0,
          "contributors": [],
          "normalized_sum": 0.0,
          "passes": true,
          "source_sum_fraction": 0.0,
          "strict": false,
          "table": 2,
          "target_class": "B"
        },
        {
          "column": null,
          "contributor_count": 1,
          "contributors": [
            "Tc99"
          ],
          "normalized_sum": 1.0,
          "passes": true,
          "source_sum_fraction": 1.0,
          "strict": false,
          "table": 1,
          "target_class": "C"
        },
        {
          "column": 3,
          "contributor_count": 0,
          "contributors": [],
          "normalized_sum": 0.0,
          "passes": true,
          "source_sum_fraction": 0.0,
          "strict": false,
          "table": 2,
          "target_class": "C"
        }
      ],
      "expected_row_fractions": {
        "T1:Tc-99": 1.0
      },
      "pass": true
    },
    "t1-alpha_transuranic_gt5y-0.1-above": {
      "calculated_only_class": "C",
      "class": "C",
      "coverage": "complete",
      "errors": [],
      "expected_class": "C",
      "expected_constraints": [
        {
          "column": null,
          "contributor_count": 1,
          "contributors": [
            "Am241"
          ],
          "normalized_sum": 1.0000000001,
          "passes": false,
          "source_sum_fraction": 0.10000000001,
          "strict": false,
          "table": 1,
          "target_class": "A"
        },
        {
          "column": 1,
          "contributor_count": 0,
          "contributors": [],
          "normalized_sum": 0.0,
          "passes": true,
          "source_sum_fraction": 0.0,
          "strict": false,
          "table": 2,
          "target_class": "A"
        },
        {
          "column": null,
          "contributor_count": 1,
          "contributors": [
            "Am241"
          ],
          "normalized_sum": 1.0000000001,
          "passes": false,
          "source_sum_fraction": 0.10000000001,
          "strict": false,
          "table": 1,
          "target_class": "B"
        },
        {
          "column": 2,
          "contributor_count": 0,
          "contributors": [],
          "normalized_sum": 0.0,
          "passes": true,
          "source_sum_fraction": 0.0,
          "strict": false,
          "table": 2,
          "target_class": "B"
        },
        {
          "column": null,
          "contributor_count": 1,
          "contributors": [
            "Am241"
          ],
          "normalized_sum": 0.10000000001,
          "passes": true,
          "source_sum_fraction": 0.10000000001,
          "strict": false,
          "table": 1,
          "target_class": "C"
        },
        {
          "column": 3,
          "contributor_count": 0,
          "contributors": [],
          "normalized_sum": 0.0,
          "passes": true,
          "source_sum_fraction": 0.0,
          "strict": false,
          "table": 2,
          "target_class": "C"
        }
      ],
      "expected_row_fractions": {
        "T1:alpha_transuranic_gt5y": 0.10000000001
      },
      "pass": true
    },
    "t1-alpha_transuranic_gt5y-0.1-below": {
      "calculated_only_class": "A",
      "class": "A",
      "coverage": "complete",
      "errors": [],
      "expected_class": "A",
      "expected_constraints": [
        {
          "column": null,
          "contributor_count": 1,
          "contributors": [
            "Am241"
          ],
          "normalized_sum": 0.9999999999,
          "passes": true,
          "source_sum_fraction": 0.09999999999,
          "strict": false,
          "table": 1,
          "target_class": "A"
        },
        {
          "column": 1,
          "contributor_count": 0,
          "contributors": [],
          "normalized_sum": 0.0,
          "passes": true,
          "source_sum_fraction": 0.0,
          "strict": false,
          "table": 2,
          "target_class": "A"
        },
        {
          "column": null,
          "contributor_count": 1,
          "contributors": [
            "Am241"
          ],
          "normalized_sum": 0.9999999999,
          "passes": true,
          "source_sum_fraction": 0.09999999999,
          "strict": false,
          "table": 1,
          "target_class": "B"
        },
        {
          "column": 2,
          "contributor_count": 0,
          "contributors": [],
          "normalized_sum": 0.0,
          "passes": true,
          "source_sum_fraction": 0.0,
          "strict": false,
          "table": 2,
          "target_class": "B"
        },
        {
          "column": null,
          "contributor_count": 1,
          "contributors": [
            "Am241"
          ],
          "normalized_sum": 0.09999999999,
          "passes": true,
          "source_sum_fraction": 0.09999999999,
          "strict": false,
          "table": 1,
          "target_class": "C"
        },
        {
          "column": 3,
          "contributor_count": 0,
          "contributors": [],
          "normalized_sum": 0.0,
          "passes": true,
          "source_sum_fraction": 0.0,
          "strict": false,
          "table": 2,
          "target_class": "C"
        }
      ],
      "expected_row_fractions": {
        "T1:alpha_transuranic_gt5y": 0.09999999999
      },
      "pass": true
    },
    "t1-alpha_transuranic_gt5y-0.1-equal": {
      "calculated_only_class": "A",
      "class": "A",
      "coverage": "complete",
      "errors": [],
      "expected_class": "A",
      "expected_constraints": [
        {
          "column": null,
          "contributor_count": 1,
          "contributors": [
            "Am241"
          ],
          "normalized_sum": 1.0,
          "passes": true,
          "source_sum_fraction": 0.1,
          "strict": false,
          "table": 1,
          "target_class": "A"
        },
        {
          "column": 1,
          "contributor_count": 0,
          "contributors": [],
          "normalized_sum": 0.0,
          "passes": true,
          "source_sum_fraction": 0.0,
          "strict": false,
          "table": 2,
          "target_class": "A"
        },
        {
          "column": null,
          "contributor_count": 1,
          "contributors": [
            "Am241"
          ],
          "normalized_sum": 1.0,
          "passes": true,
          "source_sum_fraction": 0.1,
          "strict": false,
          "table": 1,
          "target_class": "B"
        },
        {
          "column": 2,
          "contributor_count": 0,
          "contributors": [],
          "normalized_sum": 0.0,
          "passes": true,
          "source_sum_fraction": 0.0,
          "strict": false,
          "table": 2,
          "target_class": "B"
        },
        {
          "column": null,
          "contributor_count": 1,
          "contributors": [
            "Am241"
          ],
          "normalized_sum": 0.1,
          "passes": true,
          "source_sum_fraction": 0.1,
          "strict": false,
          "table": 1,
          "target_class": "C"
        },
        {
          "column": 3,
          "contributor_count": 0,
          "contributors": [],
          "normalized_sum": 0.0,
          "passes": true,
          "source_sum_fraction": 0.0,
          "strict": false,
          "table": 2,
          "target_class": "C"
        }
      ],
      "expected_row_fractions": {
        "T1:alpha_transuranic_gt5y": 0.1
      },
      "pass": true
    },
    "t1-alpha_transuranic_gt5y-1-above": {
      "calculated_only_class": "above_class_c",
      "class": "above_class_c",
      "coverage": "complete",
      "errors": [],
      "expected_class": "above_class_c",
      "expected_constraints": [
        {
          "column": null,
          "contributor_count": 1,
          "contributors": [
            "Am241"
          ],
          "normalized_sum": 10.000000001,
          "passes": false,
          "source_sum_fraction": 1.0000000001,
          "strict": false,
          "table": 1,
          "target_class": "A"
        },
        {
          "column": 1,
          "contributor_count": 0,
          "contributors": [],
          "normalized_sum": 0.0,
          "passes": true,
          "source_sum_fraction": 0.0,
          "strict": false,
          "table": 2,
          "target_class": "A"
        },
        {
          "column": null,
          "contributor_count": 1,
          "contributors": [
            "Am241"
          ],
          "normalized_sum": 10.000000001,
          "passes": false,
          "source_sum_fraction": 1.0000000001,
          "strict": false,
          "table": 1,
          "target_class": "B"
        },
        {
          "column": 2,
          "contributor_count": 0,
          "contributors": [],
          "normalized_sum": 0.0,
          "passes": true,
          "source_sum_fraction": 0.0,
          "strict": false,
          "table": 2,
          "target_class": "B"
        },
        {
          "column": null,
          "contributor_count": 1,
          "contributors": [
            "Am241"
          ],
          "normalized_sum": 1.0000000001,
          "passes": false,
          "source_sum_fraction": 1.0000000001,
          "strict": false,
          "table": 1,
          "target_class": "C"
        },
        {
          "column": 3,
          "contributor_count": 0,
          "contributors": [],
          "normalized_sum": 0.0,
          "passes": true,
          "source_sum_fraction": 0.0,
          "strict": false,
          "table": 2,
          "target_class": "C"
        }
      ],
      "expected_row_fractions": {
        "T1:alpha_transuranic_gt5y": 1.0000000001
      },
      "pass": true
    },
    "t1-alpha_transuranic_gt5y-1-below": {
      "calculated_only_class": "C",
      "class": "C",
      "coverage": "complete",
      "errors": [],
      "expected_class": "C",
      "expected_constraints": [
        {
          "column": null,
          "contributor_count": 1,
          "contributors": [
            "Am241"
          ],
          "normalized_sum": 9.999999999,
          "passes": false,
          "source_sum_fraction": 0.9999999999,
          "strict": false,
          "table": 1,
          "target_class": "A"
        },
        {
          "column": 1,
          "contributor_count": 0,
          "contributors": [],
          "normalized_sum": 0.0,
          "passes": true,
          "source_sum_fraction": 0.0,
          "strict": false,
          "table": 2,
          "target_class": "A"
        },
        {
          "column": null,
          "contributor_count": 1,
          "contributors": [
            "Am241"
          ],
          "normalized_sum": 9.999999999,
          "passes": false,
          "source_sum_fraction": 0.9999999999,
          "strict": false,
          "table": 1,
          "target_class": "B"
        },
        {
          "column": 2,
          "contributor_count": 0,
          "contributors": [],
          "normalized_sum": 0.0,
          "passes": true,
          "source_sum_fraction": 0.0,
          "strict": false,
          "table": 2,
          "target_class": "B"
        },
        {
          "column": null,
          "contributor_count": 1,
          "contributors": [
            "Am241"
          ],
          "normalized_sum": 0.9999999999,
          "passes": true,
          "source_sum_fraction": 0.9999999999,
          "strict": false,
          "table": 1,
          "target_class": "C"
        },
        {
          "column": 3,
          "contributor_count": 0,
          "contributors": [],
          "normalized_sum": 0.0,
          "passes": true,
          "source_sum_fraction": 0.0,
          "strict": false,
          "table": 2,
          "target_class": "C"
        }
      ],
      "expected_row_fractions": {
        "T1:alpha_transuranic_gt5y": 0.9999999999
      },
      "pass": true
    },
    "t1-alpha_transuranic_gt5y-1-equal": {
      "calculated_only_class": "C",
      "class": "C",
      "coverage": "complete",
      "errors": [],
      "expected_class": "C",
      "expected_constraints": [
        {
          "column": null,
          "contributor_count": 1,
          "contributors": [
            "Am241"
          ],
          "normalized_sum": 10.0,
          "passes": false,
          "source_sum_fraction": 1.0,
          "strict": false,
          "table": 1,
          "target_class": "A"
        },
        {
          "column": 1,
          "contributor_count": 0,
          "contributors": [],
          "normalized_sum": 0.0,
          "passes": true,
          "source_sum_fraction": 0.0,
          "strict": false,
          "table": 2,
          "target_class": "A"
        },
        {
          "column": null,
          "contributor_count": 1,
          "contributors": [
            "Am241"
          ],
          "normalized_sum": 10.0,
          "passes": false,
          "source_sum_fraction": 1.0,
          "strict": false,
          "table": 1,
          "target_class": "B"
        },
        {
          "column": 2,
          "contributor_count": 0,
          "contributors": [],
          "normalized_sum": 0.0,
          "passes": true,
          "source_sum_fraction": 0.0,
          "strict": false,
          "table": 2,
          "target_class": "B"
        },
        {
          "column": null,
          "contributor_count": 1,
          "contributors": [
            "Am241"
          ],
          "normalized_sum": 1.0,
          "passes": true,
          "source_sum_fraction": 1.0,
          "strict": false,
          "table": 1,
          "target_class": "C"
        },
        {
          "column": 3,
          "contributor_count": 0,
          "contributors": [],
          "normalized_sum": 0.0,
          "passes": true,
          "source_sum_fraction": 0.0,
          "strict": false,
          "table": 2,
          "target_class": "C"
        }
      ],
      "expected_row_fractions": {
        "T1:alpha_transuranic_gt5y": 1.0
      },
      "pass": true
    },
    "t1-mixture-0.1-above": {
      "calculated_only_class": "C",
      "class": "C",
      "coverage": "complete",
      "errors": [],
      "expected_class": "C",
      "expected_constraints": [
        {
          "column": null,
          "contributor_count": 2,
          "contributors": [
            "I129",
            "Tc99"
          ],
          "normalized_sum": 1.0000000001,
          "passes": false,
          "source_sum_fraction": 0.10000000001,
          "strict": true,
          "table": 1,
          "target_class": "A"
        },
        {
          "column": 1,
          "contributor_count": 0,
          "contributors": [],
          "normalized_sum": 0.0,
          "passes": true,
          "source_sum_fraction": 0.0,
          "strict": false,
          "table": 2,
          "target_class": "A"
        },
        {
          "column": null,
          "contributor_count": 2,
          "contributors": [
            "I129",
            "Tc99"
          ],
          "normalized_sum": 1.0000000001,
          "passes": false,
          "source_sum_fraction": 0.10000000001,
          "strict": true,
          "table": 1,
          "target_class": "B"
        },
        {
          "column": 2,
          "contributor_count": 0,
          "contributors": [],
          "normalized_sum": 0.0,
          "passes": true,
          "source_sum_fraction": 0.0,
          "strict": false,
          "table": 2,
          "target_class": "B"
        },
        {
          "column": null,
          "contributor_count": 2,
          "contributors": [
            "I129",
            "Tc99"
          ],
          "normalized_sum": 0.10000000001,
          "passes": true,
          "source_sum_fraction": 0.10000000001,
          "strict": true,
          "table": 1,
          "target_class": "C"
        },
        {
          "column": 3,
          "contributor_count": 0,
          "contributors": [],
          "normalized_sum": 0.0,
          "passes": true,
          "source_sum_fraction": 0.0,
          "strict": false,
          "table": 2,
          "target_class": "C"
        }
      ],
      "expected_row_fractions": {
        "T1:I-129": 0.050000000005,
        "T1:Tc-99": 0.050000000005
      },
      "pass": true
    },
    "t1-mixture-0.1-below": {
      "calculated_only_class": "A",
      "class": "A",
      "coverage": "complete",
      "errors": [],
      "expected_class": "A",
      "expected_constraints": [
        {
          "column": null,
          "contributor_count": 2,
          "contributors": [
            "I129",
            "Tc99"
          ],
          "normalized_sum": 0.9999999999,
          "passes": true,
          "source_sum_fraction": 0.09999999999,
          "strict": true,
          "table": 1,
          "target_class": "A"
        },
        {
          "column": 1,
          "contributor_count": 0,
          "contributors": [],
          "normalized_sum": 0.0,
          "passes": true,
          "source_sum_fraction": 0.0,
          "strict": false,
          "table": 2,
          "target_class": "A"
        },
        {
          "column": null,
          "contributor_count": 2,
          "contributors": [
            "I129",
            "Tc99"
          ],
          "normalized_sum": 0.9999999999,
          "passes": true,
          "source_sum_fraction": 0.09999999999,
          "strict": true,
          "table": 1,
          "target_class": "B"
        },
        {
          "column": 2,
          "contributor_count": 0,
          "contributors": [],
          "normalized_sum": 0.0,
          "passes": true,
          "source_sum_fraction": 0.0,
          "strict": false,
          "table": 2,
          "target_class": "B"
        },
        {
          "column": null,
          "contributor_count": 2,
          "contributors": [
            "I129",
            "Tc99"
          ],
          "normalized_sum": 0.09999999999,
          "passes": true,
          "source_sum_fraction": 0.09999999999,
          "strict": true,
          "table": 1,
          "target_class": "C"
        },
        {
          "column": 3,
          "contributor_count": 0,
          "contributors": [],
          "normalized_sum": 0.0,
          "passes": true,
          "source_sum_fraction": 0.0,
          "strict": false,
          "table": 2,
          "target_class": "C"
        }
      ],
      "expected_row_fractions": {
        "T1:I-129": 0.049999999994999995,
        "T1:Tc-99": 0.049999999995
      },
      "pass": true
    },
    "t1-mixture-0.1-equal": {
      "calculated_only_class": "C",
      "class": "C",
      "coverage": "complete",
      "errors": [],
      "expected_class": "C",
      "expected_constraints": [
        {
          "column": null,
          "contributor_count": 2,
          "contributors": [
            "I129",
            "Tc99"
          ],
          "normalized_sum": 1.0,
          "passes": false,
          "source_sum_fraction": 0.1,
          "strict": true,
          "table": 1,
          "target_class": "A"
        },
        {
          "column": 1,
          "contributor_count": 0,
          "contributors": [],
          "normalized_sum": 0.0,
          "passes": true,
          "source_sum_fraction": 0.0,
          "strict": false,
          "table": 2,
          "target_class": "A"
        },
        {
          "column": null,
          "contributor_count": 2,
          "contributors": [
            "I129",
            "Tc99"
          ],
          "normalized_sum": 1.0,
          "passes": false,
          "source_sum_fraction": 0.1,
          "strict": true,
          "table": 1,
          "target_class": "B"
        },
        {
          "column": 2,
          "contributor_count": 0,
          "contributors": [],
          "normalized_sum": 0.0,
          "passes": true,
          "source_sum_fraction": 0.0,
          "strict": false,
          "table": 2,
          "target_class": "B"
        },
        {
          "column": null,
          "contributor_count": 2,
          "contributors": [
            "I129",
            "Tc99"
          ],
          "normalized_sum": 0.1,
          "passes": true,
          "source_sum_fraction": 0.1,
          "strict": true,
          "table": 1,
          "target_class": "C"
        },
        {
          "column": 3,
          "contributor_count": 0,
          "contributors": [],
          "normalized_sum": 0.0,
          "passes": true,
          "source_sum_fraction": 0.0,
          "strict": false,
          "table": 2,
          "target_class": "C"
        }
      ],
      "expected_row_fractions": {
        "T1:I-129": 0.05,
        "T1:Tc-99": 0.05
      },
      "pass": true
    },
    "t1-mixture-1-above": {
      "calculated_only_class": "above_class_c",
      "class": "above_class_c",
      "coverage": "complete",
      "errors": [],
      "expected_class": "above_class_c",
      "expected_constraints": [
        {
          "column": null,
          "contributor_count": 2,
          "contributors": [
            "I129",
            "Tc99"
          ],
          "normalized_sum": 10.000000001,
          "passes": false,
          "source_sum_fraction": 1.0000000001,
          "strict": true,
          "table": 1,
          "target_class": "A"
        },
        {
          "column": 1,
          "contributor_count": 0,
          "contributors": [],
          "normalized_sum": 0.0,
          "passes": true,
          "source_sum_fraction": 0.0,
          "strict": false,
          "table": 2,
          "target_class": "A"
        },
        {
          "column": null,
          "contributor_count": 2,
          "contributors": [
            "I129",
            "Tc99"
          ],
          "normalized_sum": 10.000000001,
          "passes": false,
          "source_sum_fraction": 1.0000000001,
          "strict": true,
          "table": 1,
          "target_class": "B"
        },
        {
          "column": 2,
          "contributor_count": 0,
          "contributors": [],
          "normalized_sum": 0.0,
          "passes": true,
          "source_sum_fraction": 0.0,
          "strict": false,
          "table": 2,
          "target_class": "B"
        },
        {
          "column": null,
          "contributor_count": 2,
          "contributors": [
            "I129",
            "Tc99"
          ],
          "normalized_sum": 1.0000000001,
          "passes": false,
          "source_sum_fraction": 1.0000000001,
          "strict": true,
          "table": 1,
          "target_class": "C"
        },
        {
          "column": 3,
          "contributor_count": 0,
          "contributors": [],
          "normalized_sum": 0.0,
          "passes": true,
          "source_sum_fraction": 0.0,
          "strict": false,
          "table": 2,
          "target_class": "C"
        }
      ],
      "expected_row_fractions": {
        "T1:I-129": 0.50000000005,
        "T1:Tc-99": 0.50000000005
      },
      "pass": true
    },
    "t1-mixture-1-below": {
      "calculated_only_class": "C",
      "class": "C",
      "coverage": "complete",
      "errors": [],
      "expected_class": "C",
      "expected_constraints": [
        {
          "column": null,
          "contributor_count": 2,
          "contributors": [
            "I129",
            "Tc99"
          ],
          "normalized_sum": 9.999999999,
          "passes": false,
          "source_sum_fraction": 0.9999999999,
          "strict": true,
          "table": 1,
          "target_class": "A"
        },
        {
          "column": 1,
          "contributor_count": 0,
          "contributors": [],
          "normalized_sum": 0.0,
          "passes": true,
          "source_sum_fraction": 0.0,
          "strict": false,
          "table": 2,
          "target_class": "A"
        },
        {
          "column": null,
          "contributor_count": 2,
          "contributors": [
            "I129",
            "Tc99"
          ],
          "normalized_sum": 9.999999999,
          "passes": false,
          "source_sum_fraction": 0.9999999999,
          "strict": true,
          "table": 1,
          "target_class": "B"
        },
        {
          "column": 2,
          "contributor_count": 0,
          "contributors": [],
          "normalized_sum": 0.0,
          "passes": true,
          "source_sum_fraction": 0.0,
          "strict": false,
          "table": 2,
          "target_class": "B"
        },
        {
          "column": null,
          "contributor_count": 2,
          "contributors": [
            "I129",
            "Tc99"
          ],
          "normalized_sum": 0.9999999999,
          "passes": true,
          "source_sum_fraction": 0.9999999999,
          "strict": true,
          "table": 1,
          "target_class": "C"
        },
        {
          "column": 3,
          "contributor_count": 0,
          "contributors": [],
          "normalized_sum": 0.0,
          "passes": true,
          "source_sum_fraction": 0.0,
          "strict": false,
          "table": 2,
          "target_class": "C"
        }
      ],
      "expected_row_fractions": {
        "T1:I-129": 0.49999999995,
        "T1:Tc-99": 0.49999999995
      },
      "pass": true
    },
    "t1-mixture-1-equal": {
      "calculated_only_class": "above_class_c",
      "class": "above_class_c",
      "coverage": "complete",
      "errors": [],
      "expected_class": "above_class_c",
      "expected_constraints": [
        {
          "column": null,
          "contributor_count": 2,
          "contributors": [
            "I129",
            "Tc99"
          ],
          "normalized_sum": 10.0,
          "passes": false,
          "source_sum_fraction": 1.0,
          "strict": true,
          "table": 1,
          "target_class": "A"
        },
        {
          "column": 1,
          "contributor_count": 0,
          "contributors": [],
          "normalized_sum": 0.0,
          "passes": true,
          "source_sum_fraction": 0.0,
          "strict": false,
          "table": 2,
          "target_class": "A"
        },
        {
          "column": null,
          "contributor_count": 2,
          "contributors": [
            "I129",
            "Tc99"
          ],
          "normalized_sum": 10.0,
          "passes": false,
          "source_sum_fraction": 1.0,
          "strict": true,
          "table": 1,
          "target_class": "B"
        },
        {
          "column": 2,
          "contributor_count": 0,
          "contributors": [],
          "normalized_sum": 0.0,
          "passes": true,
          "source_sum_fraction": 0.0,
          "strict": false,
          "table": 2,
          "target_class": "B"
        },
        {
          "column": null,
          "contributor_count": 2,
          "contributors": [
            "I129",
            "Tc99"
          ],
          "normalized_sum": 1.0,
          "passes": false,
          "source_sum_fraction": 1.0,
          "strict": true,
          "table": 1,
          "target_class": "C"
        },
        {
          "column": 3,
          "contributor_count": 0,
          "contributors": [],
          "normalized_sum": 0.0,
          "passes": true,
          "source_sum_fraction": 0.0,
          "strict": false,
          "table": 2,
          "target_class": "C"
        }
      ],
      "expected_row_fractions": {
        "T1:I-129": 0.5,
        "T1:Tc-99": 0.5
      },
      "pass": true
    },
    "t2-Co-60-col1-above": {
      "calculated_only_class": "B",
      "class": "B",
      "coverage": "complete",
      "errors": [],
      "expected_class": "B",
      "expected_constraints": [
        {
          "column": null,
          "contributor_count": 0,
          "contributors": [],
          "normalized_sum": 0.0,
          "passes": true,
          "source_sum_fraction": 0.0,
          "strict": false,
          "table": 1,
          "target_class": "A"
        },
        {
          "column": 1,
          "contributor_count": 1,
          "contributors": [
            "Co60"
          ],
          "normalized_sum": 1.0000000001,
          "passes": false,
          "source_sum_fraction": 1.0000000001,
          "strict": false,
          "table": 2,
          "target_class": "A"
        },
        {
          "column": null,
          "contributor_count": 0,
          "contributors": [],
          "normalized_sum": 0.0,
          "passes": true,
          "source_sum_fraction": 0.0,
          "strict": false,
          "table": 1,
          "target_class": "B"
        },
        {
          "column": 2,
          "contributor_count": 0,
          "contributors": [],
          "normalized_sum": 0.0,
          "passes": true,
          "source_sum_fraction": 0.0,
          "strict": false,
          "table": 2,
          "target_class": "B"
        },
        {
          "column": null,
          "contributor_count": 0,
          "contributors": [],
          "normalized_sum": 0.0,
          "passes": true,
          "source_sum_fraction": 0.0,
          "strict": false,
          "table": 1,
          "target_class": "C"
        },
        {
          "column": 3,
          "contributor_count": 0,
          "contributors": [],
          "normalized_sum": 0.0,
          "passes": true,
          "source_sum_fraction": 0.0,
          "strict": false,
          "table": 2,
          "target_class": "C"
        }
      ],
      "expected_row_fractions": {
        "T2:Co-60:col1": 1.0000000001
      },
      "pass": true
    },
    "t2-Co-60-col1-below": {
      "calculated_only_class": "A",
      "class": "A",
      "coverage": "complete",
      "errors": [],
      "expected_class": "A",
      "expected_constraints": [
        {
          "column": null,
          "contributor_count": 0,
          "contributors": [],
          "normalized_sum": 0.0,
          "passes": true,
          "source_sum_fraction": 0.0,
          "strict": false,
          "table": 1,
          "target_class": "A"
        },
        {
          "column": 1,
          "contributor_count": 1,
          "contributors": [
            "Co60"
          ],
          "normalized_sum": 0.9999999999,
          "passes": true,
          "source_sum_fraction": 0.9999999999,
          "strict": false,
          "table": 2,
          "target_class": "A"
        },
        {
          "column": null,
          "contributor_count": 0,
          "contributors": [],
          "normalized_sum": 0.0,
          "passes": true,
          "source_sum_fraction": 0.0,
          "strict": false,
          "table": 1,
          "target_class": "B"
        },
        {
          "column": 2,
          "contributor_count": 0,
          "contributors": [],
          "normalized_sum": 0.0,
          "passes": true,
          "source_sum_fraction": 0.0,
          "strict": false,
          "table": 2,
          "target_class": "B"
        },
        {
          "column": null,
          "contributor_count": 0,
          "contributors": [],
          "normalized_sum": 0.0,
          "passes": true,
          "source_sum_fraction": 0.0,
          "strict": false,
          "table": 1,
          "target_class": "C"
        },
        {
          "column": 3,
          "contributor_count": 0,
          "contributors": [],
          "normalized_sum": 0.0,
          "passes": true,
          "source_sum_fraction": 0.0,
          "strict": false,
          "table": 2,
          "target_class": "C"
        }
      ],
      "expected_row_fractions": {
        "T2:Co-60:col1": 0.9999999999
      },
      "pass": true
    },
    "t2-Co-60-col1-equal": {
      "calculated_only_class": "A",
      "class": "A",
      "coverage": "complete",
      "errors": [],
      "expected_class": "A",
      "expected_constraints": [
        {
          "column": null,
          "contributor_count": 0,
          "contributors": [],
          "normalized_sum": 0.0,
          "passes": true,
          "source_sum_fraction": 0.0,
          "strict": false,
          "table": 1,
          "target_class": "A"
        },
        {
          "column": 1,
          "contributor_count": 1,
          "contributors": [
            "Co60"
          ],
          "normalized_sum": 1.0,
          "passes": true,
          "source_sum_fraction": 1.0,
          "strict": false,
          "table": 2,
          "target_class": "A"
        },
        {
          "column": null,
          "contributor_count": 0,
          "contributors": [],
          "normalized_sum": 0.0,
          "passes": true,
          "source_sum_fraction": 0.0,
          "strict": false,
          "table": 1,
          "target_class": "B"
        },
        {
          "column": 2,
          "contributor_count": 0,
          "contributors": [],
          "normalized_sum": 0.0,
          "passes": true,
          "source_sum_fraction": 0.0,
          "strict": false,
          "table": 2,
          "target_class": "B"
        },
        {
          "column": null,
          "contributor_count": 0,
          "contributors": [],
          "normalized_sum": 0.0,
          "passes": true,
          "source_sum_fraction": 0.0,
          "strict": false,
          "table": 1,
          "target_class": "C"
        },
        {
          "column": 3,
          "contributor_count": 0,
          "contributors": [],
          "normalized_sum": 0.0,
          "passes": true,
          "source_sum_fraction": 0.0,
          "strict": false,
          "table": 2,
          "target_class": "C"
        }
      ],
      "expected_row_fractions": {
        "T2:Co-60:col1": 1.0
      },
      "pass": true
    },
    "t2-Cs-137-col1-above": {
      "calculated_only_class": "B",
      "class": "B",
      "coverage": "complete",
      "errors": [],
      "expected_class": "B",
      "expected_constraints": [
        {
          "column": null,
          "contributor_count": 0,
          "contributors": [],
          "normalized_sum": 0.0,
          "passes": true,
          "source_sum_fraction": 0.0,
          "strict": false,
          "table": 1,
          "target_class": "A"
        },
        {
          "column": 1,
          "contributor_count": 1,
          "contributors": [
            "Cs137"
          ],
          "normalized_sum": 1.0000000001,
          "passes": false,
          "source_sum_fraction": 1.0000000001,
          "strict": false,
          "table": 2,
          "target_class": "A"
        },
        {
          "column": null,
          "contributor_count": 0,
          "contributors": [],
          "normalized_sum": 0.0,
          "passes": true,
          "source_sum_fraction": 0.0,
          "strict": false,
          "table": 1,
          "target_class": "B"
        },
        {
          "column": 2,
          "contributor_count": 1,
          "contributors": [
            "Cs137"
          ],
          "normalized_sum": 0.022727272729545455,
          "passes": true,
          "source_sum_fraction": 0.022727272729545455,
          "strict": false,
          "table": 2,
          "target_class": "B"
        },
        {
          "column": null,
          "contributor_count": 0,
          "contributors": [],
          "normalized_sum": 0.0,
          "passes": true,
          "source_sum_fraction": 0.0,
          "strict": false,
          "table": 1,
          "target_class": "C"
        },
        {
          "column": 3,
          "contributor_count": 1,
          "contributors": [
            "Cs137"
          ],
          "normalized_sum": 0.00021739130436956522,
          "passes": true,
          "source_sum_fraction": 0.00021739130436956522,
          "strict": false,
          "table": 2,
          "target_class": "C"
        }
      ],
      "expected_row_fractions": {
        "T2:Cs-137:col1": 1.0000000001,
        "T2:Cs-137:col2": 0.022727272729545455,
        "T2:Cs-137:col3": 0.00021739130436956522
      },
      "pass": true
    },
    "t2-Cs-137-col1-below": {
      "calculated_only_class": "A",
      "class": "A",
      "coverage": "complete",
      "errors": [],
      "expected_class": "A",
      "expected_constraints": [
        {
          "column": null,
          "contributor_count": 0,
          "contributors": [],
          "normalized_sum": 0.0,
          "passes": true,
          "source_sum_fraction": 0.0,
          "strict": false,
          "table": 1,
          "target_class": "A"
        },
        {
          "column": 1,
          "contributor_count": 1,
          "contributors": [
            "Cs137"
          ],
          "normalized_sum": 0.9999999999,
          "passes": true,
          "source_sum_fraction": 0.9999999999,
          "strict": false,
          "table": 2,
          "target_class": "A"
        },
        {
          "column": null,
          "contributor_count": 0,
          "contributors": [],
          "normalized_sum": 0.0,
          "passes": true,
          "source_sum_fraction": 0.0,
          "strict": false,
          "table": 1,
          "target_class": "B"
        },
        {
          "column": 2,
          "contributor_count": 1,
          "contributors": [
            "Cs137"
          ],
          "normalized_sum": 0.022727272725,
          "passes": true,
          "source_sum_fraction": 0.022727272725,
          "strict": false,
          "table": 2,
          "target_class": "B"
        },
        {
          "column": null,
          "contributor_count": 0,
          "contributors": [],
          "normalized_sum": 0.0,
          "passes": true,
          "source_sum_fraction": 0.0,
          "strict": false,
          "table": 1,
          "target_class": "C"
        },
        {
          "column": 3,
          "contributor_count": 1,
          "contributors": [
            "Cs137"
          ],
          "normalized_sum": 0.00021739130432608697,
          "passes": true,
          "source_sum_fraction": 0.00021739130432608697,
          "strict": false,
          "table": 2,
          "target_class": "C"
        }
      ],
      "expected_row_fractions": {
        "T2:Cs-137:col1": 0.9999999999,
        "T2:Cs-137:col2": 0.022727272725,
        "T2:Cs-137:col3": 0.00021739130432608697
      },
      "pass": true
    },
    "t2-Cs-137-col1-equal": {
      "calculated_only_class": "A",
      "class": "A",
      "coverage": "complete",
      "errors": [],
      "expected_class": "A",
      "expected_constraints": [
        {
          "column": null,
          "contributor_count": 0,
          "contributors": [],
          "normalized_sum": 0.0,
          "passes": true,
          "source_sum_fraction": 0.0,
          "strict": false,
          "table": 1,
          "target_class": "A"
        },
        {
          "column": 1,
          "contributor_count": 1,
          "contributors": [
            "Cs137"
          ],
          "normalized_sum": 1.0,
          "passes": true,
          "source_sum_fraction": 1.0,
          "strict": false,
          "table": 2,
          "target_class": "A"
        },
        {
          "column": null,
          "contributor_count": 0,
          "contributors": [],
          "normalized_sum": 0.0,
          "passes": true,
          "source_sum_fraction": 0.0,
          "strict": false,
          "table": 1,
          "target_class": "B"
        },
        {
          "column": 2,
          "contributor_count": 1,
          "contributors": [
            "Cs137"
          ],
          "normalized_sum": 0.022727272727272728,
          "passes": true,
          "source_sum_fraction": 0.022727272727272728,
          "strict": false,
          "table": 2,
          "target_class": "B"
        },
        {
          "column": null,
          "contributor_count": 0,
          "contributors": [],
          "normalized_sum": 0.0,
          "passes": true,
          "source_sum_fraction": 0.0,
          "strict": false,
          "table": 1,
          "target_class": "C"
        },
        {
          "column": 3,
          "contributor_count": 1,
          "contributors": [
            "Cs137"
          ],
          "normalized_sum": 0.0002173913043478261,
          "passes": true,
          "source_sum_fraction": 0.0002173913043478261,
          "strict": false,
          "table": 2,
          "target_class": "C"
        }
      ],
      "expected_row_fractions": {
        "T2:Cs-137:col1": 1.0,
        "T2:Cs-137:col2": 0.022727272727272728,
        "T2:Cs-137:col3": 0.0002173913043478261
      },
      "pass": true
    },
    "t2-Cs-137-col2-above": {
      "calculated_only_class": "C",
      "class": "C",
      "coverage": "complete",
      "errors": [],
      "expected_class": "C",
      "expected_constraints": [
        {
          "column": null,
          "contributor_count": 0,
          "contributors": [],
          "normalized_sum": 0.0,
          "passes": true,
          "source_sum_fraction": 0.0,
          "strict": false,
          "table": 1,
          "target_class": "A"
        },
        {
          "column": 1,
          "contributor_count": 1,
          "contributors": [
            "Cs137"
          ],
          "normalized_sum": 44.0000000044,
          "passes": false,
          "source_sum_fraction": 44.0000000044,
          "strict": false,
          "table": 2,
          "target_class": "A"
        },
        {
          "column": null,
          "contributor_count": 0,
          "contributors": [],
          "normalized_sum": 0.0,
          "passes": true,
          "source_sum_fraction": 0.0,
          "strict": false,
          "table": 1,
          "target_class": "B"
        },
        {
          "column": 2,
          "contributor_count": 1,
          "contributors": [
            "Cs137"
          ],
          "normalized_sum": 1.0000000001,
          "passes": false,
          "source_sum_fraction": 1.0000000001,
          "strict": false,
          "table": 2,
          "target_class": "B"
        },
        {
          "column": null,
          "contributor_count": 0,
          "contributors": [],
          "normalized_sum": 0.0,
          "passes": true,
          "source_sum_fraction": 0.0,
          "strict": false,
          "table": 1,
          "target_class": "C"
        },
        {
          "column": 3,
          "contributor_count": 1,
          "contributors": [
            "Cs137"
          ],
          "normalized_sum": 0.00956521739226087,
          "passes": true,
          "source_sum_fraction": 0.00956521739226087,
          "strict": false,
          "table": 2,
          "target_class": "C"
        }
      ],
      "expected_row_fractions": {
        "T2:Cs-137:col1": 44.0000000044,
        "T2:Cs-137:col2": 1.0000000001,
        "T2:Cs-137:col3": 0.00956521739226087
      },
      "pass": true
    },
    "t2-Cs-137-col2-below": {
      "calculated_only_class": "B",
      "class": "B",
      "coverage": "complete",
      "errors": [],
      "expected_class": "B",
      "expected_constraints": [
        {
          "column": null,
          "contributor_count": 0,
          "contributors": [],
          "normalized_sum": 0.0,
          "passes": true,
          "source_sum_fraction": 0.0,
          "strict": false,
          "table": 1,
          "target_class": "A"
        },
        {
          "column": 1,
          "contributor_count": 1,
          "contributors": [
            "Cs137"
          ],
          "normalized_sum": 43.9999999956,
          "passes": false,
          "source_sum_fraction": 43.9999999956,
          "strict": false,
          "table": 2,
          "target_class": "A"
        },
        {
          "column": null,
          "contributor_count": 0,
          "contributors": [],
          "normalized_sum": 0.0,
          "passes": true,
          "source_sum_fraction": 0.0,
          "strict": false,
          "table": 1,
          "target_class": "B"
        },
        {
          "column": 2,
          "contributor_count": 1,
          "contributors": [
            "Cs137"
          ],
          "normalized_sum": 0.9999999999,
          "passes": true,
          "source_sum_fraction": 0.9999999999,
          "strict": false,
          "table": 2,
          "target_class": "B"
        },
        {
          "column": null,
          "contributor_count": 0,
          "contributors": [],
          "normalized_sum": 0.0,
          "passes": true,
          "source_sum_fraction": 0.0,
          "strict": false,
          "table": 1,
          "target_class": "C"
        },
        {
          "column": 3,
          "contributor_count": 1,
          "contributors": [
            "Cs137"
          ],
          "normalized_sum": 0.009565217390347826,
          "passes": true,
          "source_sum_fraction": 0.009565217390347826,
          "strict": false,
          "table": 2,
          "target_class": "C"
        }
      ],
      "expected_row_fractions": {
        "T2:Cs-137:col1": 43.9999999956,
        "T2:Cs-137:col2": 0.9999999999,
        "T2:Cs-137:col3": 0.009565217390347826
      },
      "pass": true
    },
    "t2-Cs-137-col2-equal": {
      "calculated_only_class": "B",
      "class": "B",
      "coverage": "complete",
      "errors": [],
      "expected_class": "B",
      "expected_constraints": [
        {
          "column": null,
          "contributor_count": 0,
          "contributors": [],
          "normalized_sum": 0.0,
          "passes": true,
          "source_sum_fraction": 0.0,
          "strict": false,
          "table": 1,
          "target_class": "A"
        },
        {
          "column": 1,
          "contributor_count": 1,
          "contributors": [
            "Cs137"
          ],
          "normalized_sum": 44.0,
          "passes": false,
          "source_sum_fraction": 44.0,
          "strict": false,
          "table": 2,
          "target_class": "A"
        },
        {
          "column": null,
          "contributor_count": 0,
          "contributors": [],
          "normalized_sum": 0.0,
          "passes": true,
          "source_sum_fraction": 0.0,
          "strict": false,
          "table": 1,
          "target_class": "B"
        },
        {
          "column": 2,
          "contributor_count": 1,
          "contributors": [
            "Cs137"
          ],
          "normalized_sum": 1.0,
          "passes": true,
          "source_sum_fraction": 1.0,
          "strict": false,
          "table": 2,
          "target_class": "B"
        },
        {
          "column": null,
          "contributor_count": 0,
          "contributors": [],
          "normalized_sum": 0.0,
          "passes": true,
          "source_sum_fraction": 0.0,
          "strict": false,
          "table": 1,
          "target_class": "C"
        },
        {
          "column": 3,
          "contributor_count": 1,
          "contributors": [
            "Cs137"
          ],
          "normalized_sum": 0.009565217391304347,
          "passes": true,
          "source_sum_fraction": 0.009565217391304347,
          "strict": false,
          "table": 2,
          "target_class": "C"
        }
      ],
      "expected_row_fractions": {
        "T2:Cs-137:col1": 44.0,
        "T2:Cs-137:col2": 1.0,
        "T2:Cs-137:col3": 0.009565217391304347
      },
      "pass": true
    },
    "t2-Cs-137-col3-above": {
      "calculated_only_class": "above_class_c",
      "class": "above_class_c",
      "coverage": "complete",
      "errors": [],
      "expected_class": "above_class_c",
      "expected_constraints": [
        {
          "column": null,
          "contributor_count": 0,
          "contributors": [],
          "normalized_sum": 0.0,
          "passes": true,
          "source_sum_fraction": 0.0,
          "strict": false,
          "table": 1,
          "target_class": "A"
        },
        {
          "column": 1,
          "contributor_count": 1,
          "contributors": [
            "Cs137"
          ],
          "normalized_sum": 4600.00000046,
          "passes": false,
          "source_sum_fraction": 4600.00000046,
          "strict": false,
          "table": 2,
          "target_class": "A"
        },
        {
          "column": null,
          "contributor_count": 0,
          "contributors": [],
          "normalized_sum": 0.0,
          "passes": true,
          "source_sum_fraction": 0.0,
          "strict": false,
          "table": 1,
          "target_class": "B"
        },
        {
          "column": 2,
          "contributor_count": 1,
          "contributors": [
            "Cs137"
          ],
          "normalized_sum": 104.54545455590909,
          "passes": false,
          "source_sum_fraction": 104.54545455590909,
          "strict": false,
          "table": 2,
          "target_class": "B"
        },
        {
          "column": null,
          "contributor_count": 0,
          "contributors": [],
          "normalized_sum": 0.0,
          "passes": true,
          "source_sum_fraction": 0.0,
          "strict": false,
          "table": 1,
          "target_class": "C"
        },
        {
          "column": 3,
          "contributor_count": 1,
          "contributors": [
            "Cs137"
          ],
          "normalized_sum": 1.0000000001,
          "passes": false,
          "source_sum_fraction": 1.0000000001,
          "strict": false,
          "table": 2,
          "target_class": "C"
        }
      ],
      "expected_row_fractions": {
        "T2:Cs-137:col1": 4600.00000046,
        "T2:Cs-137:col2": 104.54545455590909,
        "T2:Cs-137:col3": 1.0000000001
      },
      "pass": true
    },
    "t2-Cs-137-col3-below": {
      "calculated_only_class": "C",
      "class": "C",
      "coverage": "complete",
      "errors": [],
      "expected_class": "C",
      "expected_constraints": [
        {
          "column": null,
          "contributor_count": 0,
          "contributors": [],
          "normalized_sum": 0.0,
          "passes": true,
          "source_sum_fraction": 0.0,
          "strict": false,
          "table": 1,
          "target_class": "A"
        },
        {
          "column": 1,
          "contributor_count": 1,
          "contributors": [
            "Cs137"
          ],
          "normalized_sum": 4599.99999954,
          "passes": false,
          "source_sum_fraction": 4599.99999954,
          "strict": false,
          "table": 2,
          "target_class": "A"
        },
        {
          "column": null,
          "contributor_count": 0,
          "contributors": [],
          "normalized_sum": 0.0,
          "passes": true,
          "source_sum_fraction": 0.0,
          "strict": false,
          "table": 1,
          "target_class": "B"
        },
        {
          "column": 2,
          "contributor_count": 1,
          "contributors": [
            "Cs137"
          ],
          "normalized_sum": 104.545454535,
          "passes": false,
          "source_sum_fraction": 104.545454535,
          "strict": false,
          "table": 2,
          "target_class": "B"
        },
        {
          "column": null,
          "contributor_count": 0,
          "contributors": [],
          "normalized_sum": 0.0,
          "passes": true,
          "source_sum_fraction": 0.0,
          "strict": false,
          "table": 1,
          "target_class": "C"
        },
        {
          "column": 3,
          "contributor_count": 1,
          "contributors": [
            "Cs137"
          ],
          "normalized_sum": 0.9999999999000001,
          "passes": true,
          "source_sum_fraction": 0.9999999999000001,
          "strict": false,
          "table": 2,
          "target_class": "C"
        }
      ],
      "expected_row_fractions": {
        "T2:Cs-137:col1": 4599.99999954,
        "T2:Cs-137:col2": 104.545454535,
        "T2:Cs-137:col3": 0.9999999999000001
      },
      "pass": true
    },
    "t2-Cs-137-col3-equal": {
      "calculated_only_class": "C",
      "class": "C",
      "coverage": "complete",
      "errors": [],
      "expected_class": "C",
      "expected_constraints": [
        {
          "column": null,
          "contributor_count": 0,
          "contributors": [],
          "normalized_sum": 0.0,
          "passes": true,
          "source_sum_fraction": 0.0,
          "strict": false,
          "table": 1,
          "target_class": "A"
        },
        {
          "column": 1,
          "contributor_count": 1,
          "contributors": [
            "Cs137"
          ],
          "normalized_sum": 4600.0,
          "passes": false,
          "source_sum_fraction": 4600.0,
          "strict": false,
          "table": 2,
          "target_class": "A"
        },
        {
          "column": null,
          "contributor_count": 0,
          "contributors": [],
          "normalized_sum": 0.0,
          "passes": true,
          "source_sum_fraction": 0.0,
          "strict": false,
          "table": 1,
          "target_class": "B"
        },
        {
          "column": 2,
          "contributor_count": 1,
          "contributors": [
            "Cs137"
          ],
          "normalized_sum": 104.54545454545455,
          "passes": false,
          "source_sum_fraction": 104.54545454545455,
          "strict": false,
          "table": 2,
          "target_class": "B"
        },
        {
          "column": null,
          "contributor_count": 0,
          "contributors": [],
          "normalized_sum": 0.0,
          "passes": true,
          "source_sum_fraction": 0.0,
          "strict": false,
          "table": 1,
          "target_class": "C"
        },
        {
          "column": 3,
          "contributor_count": 1,
          "contributors": [
            "Cs137"
          ],
          "normalized_sum": 1.0,
          "passes": true,
          "source_sum_fraction": 1.0,
          "strict": false,
          "table": 2,
          "target_class": "C"
        }
      ],
      "expected_row_fractions": {
        "T2:Cs-137:col1": 4600.0,
        "T2:Cs-137:col2": 104.54545454545455,
        "T2:Cs-137:col3": 1.0
      },
      "pass": true
    },
    "t2-H-3-col1-above": {
      "calculated_only_class": "B",
      "class": "B",
      "coverage": "complete",
      "errors": [],
      "expected_class": "B",
      "expected_constraints": [
        {
          "column": null,
          "contributor_count": 0,
          "contributors": [],
          "normalized_sum": 0.0,
          "passes": true,
          "source_sum_fraction": 0.0,
          "strict": false,
          "table": 1,
          "target_class": "A"
        },
        {
          "column": 1,
          "contributor_count": 1,
          "contributors": [
            "H3"
          ],
          "normalized_sum": 1.0000000001,
          "passes": false,
          "source_sum_fraction": 1.0000000001,
          "strict": false,
          "table": 2,
          "target_class": "A"
        },
        {
          "column": null,
          "contributor_count": 0,
          "contributors": [],
          "normalized_sum": 0.0,
          "passes": true,
          "source_sum_fraction": 0.0,
          "strict": false,
          "table": 1,
          "target_class": "B"
        },
        {
          "column": 2,
          "contributor_count": 0,
          "contributors": [],
          "normalized_sum": 0.0,
          "passes": true,
          "source_sum_fraction": 0.0,
          "strict": false,
          "table": 2,
          "target_class": "B"
        },
        {
          "column": null,
          "contributor_count": 0,
          "contributors": [],
          "normalized_sum": 0.0,
          "passes": true,
          "source_sum_fraction": 0.0,
          "strict": false,
          "table": 1,
          "target_class": "C"
        },
        {
          "column": 3,
          "contributor_count": 0,
          "contributors": [],
          "normalized_sum": 0.0,
          "passes": true,
          "source_sum_fraction": 0.0,
          "strict": false,
          "table": 2,
          "target_class": "C"
        }
      ],
      "expected_row_fractions": {
        "T2:H-3:col1": 1.0000000001
      },
      "pass": true
    },
    "t2-H-3-col1-below": {
      "calculated_only_class": "A",
      "class": "A",
      "coverage": "complete",
      "errors": [],
      "expected_class": "A",
      "expected_constraints": [
        {
          "column": null,
          "contributor_count": 0,
          "contributors": [],
          "normalized_sum": 0.0,
          "passes": true,
          "source_sum_fraction": 0.0,
          "strict": false,
          "table": 1,
          "target_class": "A"
        },
        {
          "column": 1,
          "contributor_count": 1,
          "contributors": [
            "H3"
          ],
          "normalized_sum": 0.9999999999,
          "passes": true,
          "source_sum_fraction": 0.9999999999,
          "strict": false,
          "table": 2,
          "target_class": "A"
        },
        {
          "column": null,
          "contributor_count": 0,
          "contributors": [],
          "normalized_sum": 0.0,
          "passes": true,
          "source_sum_fraction": 0.0,
          "strict": false,
          "table": 1,
          "target_class": "B"
        },
        {
          "column": 2,
          "contributor_count": 0,
          "contributors": [],
          "normalized_sum": 0.0,
          "passes": true,
          "source_sum_fraction": 0.0,
          "strict": false,
          "table": 2,
          "target_class": "B"
        },
        {
          "column": null,
          "contributor_count": 0,
          "contributors": [],
          "normalized_sum": 0.0,
          "passes": true,
          "source_sum_fraction": 0.0,
          "strict": false,
          "table": 1,
          "target_class": "C"
        },
        {
          "column": 3,
          "contributor_count": 0,
          "contributors": [],
          "normalized_sum": 0.0,
          "passes": true,
          "source_sum_fraction": 0.0,
          "strict": false,
          "table": 2,
          "target_class": "C"
        }
      ],
      "expected_row_fractions": {
        "T2:H-3:col1": 0.9999999999
      },
      "pass": true
    },
    "t2-H-3-col1-equal": {
      "calculated_only_class": "A",
      "class": "A",
      "coverage": "complete",
      "errors": [],
      "expected_class": "A",
      "expected_constraints": [
        {
          "column": null,
          "contributor_count": 0,
          "contributors": [],
          "normalized_sum": 0.0,
          "passes": true,
          "source_sum_fraction": 0.0,
          "strict": false,
          "table": 1,
          "target_class": "A"
        },
        {
          "column": 1,
          "contributor_count": 1,
          "contributors": [
            "H3"
          ],
          "normalized_sum": 1.0,
          "passes": true,
          "source_sum_fraction": 1.0,
          "strict": false,
          "table": 2,
          "target_class": "A"
        },
        {
          "column": null,
          "contributor_count": 0,
          "contributors": [],
          "normalized_sum": 0.0,
          "passes": true,
          "source_sum_fraction": 0.0,
          "strict": false,
          "table": 1,
          "target_class": "B"
        },
        {
          "column": 2,
          "contributor_count": 0,
          "contributors": [],
          "normalized_sum": 0.0,
          "passes": true,
          "source_sum_fraction": 0.0,
          "strict": false,
          "table": 2,
          "target_class": "B"
        },
        {
          "column": null,
          "contributor_count": 0,
          "contributors": [],
          "normalized_sum": 0.0,
          "passes": true,
          "source_sum_fraction": 0.0,
          "strict": false,
          "table": 1,
          "target_class": "C"
        },
        {
          "column": 3,
          "contributor_count": 0,
          "contributors": [],
          "normalized_sum": 0.0,
          "passes": true,
          "source_sum_fraction": 0.0,
          "strict": false,
          "table": 2,
          "target_class": "C"
        }
      ],
      "expected_row_fractions": {
        "T2:H-3:col1": 1.0
      },
      "pass": true
    },
    "t2-Ni-63-col1-above": {
      "calculated_only_class": "B",
      "class": "B",
      "coverage": "complete",
      "errors": [],
      "expected_class": "B",
      "expected_constraints": [
        {
          "column": null,
          "contributor_count": 0,
          "contributors": [],
          "normalized_sum": 0.0,
          "passes": true,
          "source_sum_fraction": 0.0,
          "strict": false,
          "table": 1,
          "target_class": "A"
        },
        {
          "column": 1,
          "contributor_count": 1,
          "contributors": [
            "Ni63"
          ],
          "normalized_sum": 1.0000000001,
          "passes": false,
          "source_sum_fraction": 1.0000000001,
          "strict": false,
          "table": 2,
          "target_class": "A"
        },
        {
          "column": null,
          "contributor_count": 0,
          "contributors": [],
          "normalized_sum": 0.0,
          "passes": true,
          "source_sum_fraction": 0.0,
          "strict": false,
          "table": 1,
          "target_class": "B"
        },
        {
          "column": 2,
          "contributor_count": 1,
          "contributors": [
            "Ni63"
          ],
          "normalized_sum": 0.050000000004999996,
          "passes": true,
          "source_sum_fraction": 0.050000000004999996,
          "strict": false,
          "table": 2,
          "target_class": "B"
        },
        {
          "column": null,
          "contributor_count": 0,
          "contributors": [],
          "normalized_sum": 0.0,
          "passes": true,
          "source_sum_fraction": 0.0,
          "strict": false,
          "table": 1,
          "target_class": "C"
        },
        {
          "column": 3,
          "contributor_count": 1,
          "contributors": [
            "Ni63"
          ],
          "normalized_sum": 0.0050000000004999995,
          "passes": true,
          "source_sum_fraction": 0.0050000000004999995,
          "strict": false,
          "table": 2,
          "target_class": "C"
        }
      ],
      "expected_row_fractions": {
        "T2:Ni-63:col1": 1.0000000001,
        "T2:Ni-63:col2": 0.050000000004999996,
        "T2:Ni-63:col3": 0.0050000000004999995
      },
      "pass": true
    },
    "t2-Ni-63-col1-below": {
      "calculated_only_class": "A",
      "class": "A",
      "coverage": "complete",
      "errors": [],
      "expected_class": "A",
      "expected_constraints": [
        {
          "column": null,
          "contributor_count": 0,
          "contributors": [],
          "normalized_sum": 0.0,
          "passes": true,
          "source_sum_fraction": 0.0,
          "strict": false,
          "table": 1,
          "target_class": "A"
        },
        {
          "column": 1,
          "contributor_count": 1,
          "contributors": [
            "Ni63"
          ],
          "normalized_sum": 0.9999999999,
          "passes": true,
          "source_sum_fraction": 0.9999999999,
          "strict": false,
          "table": 2,
          "target_class": "A"
        },
        {
          "column": null,
          "contributor_count": 0,
          "contributors": [],
          "normalized_sum": 0.0,
          "passes": true,
          "source_sum_fraction": 0.0,
          "strict": false,
          "table": 1,
          "target_class": "B"
        },
        {
          "column": 2,
          "contributor_count": 1,
          "contributors": [
            "Ni63"
          ],
          "normalized_sum": 0.049999999995,
          "passes": true,
          "source_sum_fraction": 0.049999999995,
          "strict": false,
          "table": 2,
          "target_class": "B"
        },
        {
          "column": null,
          "contributor_count": 0,
          "contributors": [],
          "normalized_sum": 0.0,
          "passes": true,
          "source_sum_fraction": 0.0,
          "strict": false,
          "table": 1,
          "target_class": "C"
        },
        {
          "column": 3,
          "contributor_count": 1,
          "contributors": [
            "Ni63"
          ],
          "normalized_sum": 0.0049999999995,
          "passes": true,
          "source_sum_fraction": 0.0049999999995,
          "strict": false,
          "table": 2,
          "target_class": "C"
        }
      ],
      "expected_row_fractions": {
        "T2:Ni-63:col1": 0.9999999999,
        "T2:Ni-63:col2": 0.049999999995,
        "T2:Ni-63:col3": 0.0049999999995
      },
      "pass": true
    },
    "t2-Ni-63-col1-equal": {
      "calculated_only_class": "A",
      "class": "A",
      "coverage": "complete",
      "errors": [],
      "expected_class": "A",
      "expected_constraints": [
        {
          "column": null,
          "contributor_count": 0,
          "contributors": [],
          "normalized_sum": 0.0,
          "passes": true,
          "source_sum_fraction": 0.0,
          "strict": false,
          "table": 1,
          "target_class": "A"
        },
        {
          "column": 1,
          "contributor_count": 1,
          "contributors": [
            "Ni63"
          ],
          "normalized_sum": 1.0,
          "passes": true,
          "source_sum_fraction": 1.0,
          "strict": false,
          "table": 2,
          "target_class": "A"
        },
        {
          "column": null,
          "contributor_count": 0,
          "contributors": [],
          "normalized_sum": 0.0,
          "passes": true,
          "source_sum_fraction": 0.0,
          "strict": false,
          "table": 1,
          "target_class": "B"
        },
        {
          "column": 2,
          "contributor_count": 1,
          "contributors": [
            "Ni63"
          ],
          "normalized_sum": 0.05,
          "passes": true,
          "source_sum_fraction": 0.05,
          "strict": false,
          "table": 2,
          "target_class": "B"
        },
        {
          "column": null,
          "contributor_count": 0,
          "contributors": [],
          "normalized_sum": 0.0,
          "passes": true,
          "source_sum_fraction": 0.0,
          "strict": false,
          "table": 1,
          "target_class": "C"
        },
        {
          "column": 3,
          "contributor_count": 1,
          "contributors": [
            "Ni63"
          ],
          "normalized_sum": 0.005,
          "passes": true,
          "source_sum_fraction": 0.005,
          "strict": false,
          "table": 2,
          "target_class": "C"
        }
      ],
      "expected_row_fractions": {
        "T2:Ni-63:col1": 1.0,
        "T2:Ni-63:col2": 0.05,
        "T2:Ni-63:col3": 0.005
      },
      "pass": true
    },
    "t2-Ni-63-col2-above": {
      "calculated_only_class": "C",
      "class": "C",
      "coverage": "complete",
      "errors": [],
      "expected_class": "C",
      "expected_constraints": [
        {
          "column": null,
          "contributor_count": 0,
          "contributors": [],
          "normalized_sum": 0.0,
          "passes": true,
          "source_sum_fraction": 0.0,
          "strict": false,
          "table": 1,
          "target_class": "A"
        },
        {
          "column": 1,
          "contributor_count": 1,
          "contributors": [
            "Ni63"
          ],
          "normalized_sum": 20.000000002,
          "passes": false,
          "source_sum_fraction": 20.000000002,
          "strict": false,
          "table": 2,
          "target_class": "A"
        },
        {
          "column": null,
          "contributor_count": 0,
          "contributors": [],
          "normalized_sum": 0.0,
          "passes": true,
          "source_sum_fraction": 0.0,
          "strict": false,
          "table": 1,
          "target_class": "B"
        },
        {
          "column": 2,
          "contributor_count": 1,
          "contributors": [
            "Ni63"
          ],
          "normalized_sum": 1.0000000001,
          "passes": false,
          "source_sum_fraction": 1.0000000001,
          "strict": false,
          "table": 2,
          "target_class": "B"
        },
        {
          "column": null,
          "contributor_count": 0,
          "contributors": [],
          "normalized_sum": 0.0,
          "passes": true,
          "source_sum_fraction": 0.0,
          "strict": false,
          "table": 1,
          "target_class": "C"
        },
        {
          "column": 3,
          "contributor_count": 1,
          "contributors": [
            "Ni63"
          ],
          "normalized_sum": 0.10000000000999999,
          "passes": true,
          "source_sum_fraction": 0.10000000000999999,
          "strict": false,
          "table": 2,
          "target_class": "C"
        }
      ],
      "expected_row_fractions": {
        "T2:Ni-63:col1": 20.000000002,
        "T2:Ni-63:col2": 1.0000000001,
        "T2:Ni-63:col3": 0.10000000000999999
      },
      "pass": true
    },
    "t2-Ni-63-col2-below": {
      "calculated_only_class": "B",
      "class": "B",
      "coverage": "complete",
      "errors": [],
      "expected_class": "B",
      "expected_constraints": [
        {
          "column": null,
          "contributor_count": 0,
          "contributors": [],
          "normalized_sum": 0.0,
          "passes": true,
          "source_sum_fraction": 0.0,
          "strict": false,
          "table": 1,
          "target_class": "A"
        },
        {
          "column": 1,
          "contributor_count": 1,
          "contributors": [
            "Ni63"
          ],
          "normalized_sum": 19.999999998,
          "passes": false,
          "source_sum_fraction": 19.999999998,
          "strict": false,
          "table": 2,
          "target_class": "A"
        },
        {
          "column": null,
          "contributor_count": 0,
          "contributors": [],
          "normalized_sum": 0.0,
          "passes": true,
          "source_sum_fraction": 0.0,
          "strict": false,
          "table": 1,
          "target_class": "B"
        },
        {
          "column": 2,
          "contributor_count": 1,
          "contributors": [
            "Ni63"
          ],
          "normalized_sum": 0.9999999999000001,
          "passes": true,
          "source_sum_fraction": 0.9999999999000001,
          "strict": false,
          "table": 2,
          "target_class": "B"
        },
        {
          "column": null,
          "contributor_count": 0,
          "contributors": [],
          "normalized_sum": 0.0,
          "passes": true,
          "source_sum_fraction": 0.0,
          "strict": false,
          "table": 1,
          "target_class": "C"
        },
        {
          "column": 3,
          "contributor_count": 1,
          "contributors": [
            "Ni63"
          ],
          "normalized_sum": 0.09999999999,
          "passes": true,
          "source_sum_fraction": 0.09999999999,
          "strict": false,
          "table": 2,
          "target_class": "C"
        }
      ],
      "expected_row_fractions": {
        "T2:Ni-63:col1": 19.999999998,
        "T2:Ni-63:col2": 0.9999999999000001,
        "T2:Ni-63:col3": 0.09999999999
      },
      "pass": true
    },
    "t2-Ni-63-col2-equal": {
      "calculated_only_class": "B",
      "class": "B",
      "coverage": "complete",
      "errors": [],
      "expected_class": "B",
      "expected_constraints": [
        {
          "column": null,
          "contributor_count": 0,
          "contributors": [],
          "normalized_sum": 0.0,
          "passes": true,
          "source_sum_fraction": 0.0,
          "strict": false,
          "table": 1,
          "target_class": "A"
        },
        {
          "column": 1,
          "contributor_count": 1,
          "contributors": [
            "Ni63"
          ],
          "normalized_sum": 20.0,
          "passes": false,
          "source_sum_fraction": 20.0,
          "strict": false,
          "table": 2,
          "target_class": "A"
        },
        {
          "column": null,
          "contributor_count": 0,
          "contributors": [],
          "normalized_sum": 0.0,
          "passes": true,
          "source_sum_fraction": 0.0,
          "strict": false,
          "table": 1,
          "target_class": "B"
        },
        {
          "column": 2,
          "contributor_count": 1,
          "contributors": [
            "Ni63"
          ],
          "normalized_sum": 1.0,
          "passes": true,
          "source_sum_fraction": 1.0,
          "strict": false,
          "table": 2,
          "target_class": "B"
        },
        {
          "column": null,
          "contributor_count": 0,
          "contributors": [],
          "normalized_sum": 0.0,
          "passes": true,
          "source_sum_fraction": 0.0,
          "strict": false,
          "table": 1,
          "target_class": "C"
        },
        {
          "column": 3,
          "contributor_count": 1,
          "contributors": [
            "Ni63"
          ],
          "normalized_sum": 0.1,
          "passes": true,
          "source_sum_fraction": 0.1,
          "strict": false,
          "table": 2,
          "target_class": "C"
        }
      ],
      "expected_row_fractions": {
        "T2:Ni-63:col1": 20.0,
        "T2:Ni-63:col2": 1.0,
        "T2:Ni-63:col3": 0.1
      },
      "pass": true
    },
    "t2-Ni-63-col3-above": {
      "calculated_only_class": "above_class_c",
      "class": "above_class_c",
      "coverage": "complete",
      "errors": [],
      "expected_class": "above_class_c",
      "expected_constraints": [
        {
          "column": null,
          "contributor_count": 0,
          "contributors": [],
          "normalized_sum": 0.0,
          "passes": true,
          "source_sum_fraction": 0.0,
          "strict": false,
          "table": 1,
          "target_class": "A"
        },
        {
          "column": 1,
          "contributor_count": 1,
          "contributors": [
            "Ni63"
          ],
          "normalized_sum": 200.00000002000002,
          "passes": false,
          "source_sum_fraction": 200.00000002000002,
          "strict": false,
          "table": 2,
          "target_class": "A"
        },
        {
          "column": null,
          "contributor_count": 0,
          "contributors": [],
          "normalized_sum": 0.0,
          "passes": true,
          "source_sum_fraction": 0.0,
          "strict": false,
          "table": 1,
          "target_class": "B"
        },
        {
          "column": 2,
          "contributor_count": 1,
          "contributors": [
            "Ni63"
          ],
          "normalized_sum": 10.000000001,
          "passes": false,
          "source_sum_fraction": 10.000000001,
          "strict": false,
          "table": 2,
          "target_class": "B"
        },
        {
          "column": null,
          "contributor_count": 0,
          "contributors": [],
          "normalized_sum": 0.0,
          "passes": true,
          "source_sum_fraction": 0.0,
          "strict": false,
          "table": 1,
          "target_class": "C"
        },
        {
          "column": 3,
          "contributor_count": 1,
          "contributors": [
            "Ni63"
          ],
          "normalized_sum": 1.0000000001,
          "passes": false,
          "source_sum_fraction": 1.0000000001,
          "strict": false,
          "table": 2,
          "target_class": "C"
        }
      ],
      "expected_row_fractions": {
        "T2:Ni-63:col1": 200.00000002000002,
        "T2:Ni-63:col2": 10.000000001,
        "T2:Ni-63:col3": 1.0000000001
      },
      "pass": true
    },
    "t2-Ni-63-col3-below": {
      "calculated_only_class": "C",
      "class": "C",
      "coverage": "complete",
      "errors": [],
      "expected_class": "C",
      "expected_constraints": [
        {
          "column": null,
          "contributor_count": 0,
          "contributors": [],
          "normalized_sum": 0.0,
          "passes": true,
          "source_sum_fraction": 0.0,
          "strict": false,
          "table": 1,
          "target_class": "A"
        },
        {
          "column": 1,
          "contributor_count": 1,
          "contributors": [
            "Ni63"
          ],
          "normalized_sum": 199.99999997999998,
          "passes": false,
          "source_sum_fraction": 199.99999997999998,
          "strict": false,
          "table": 2,
          "target_class": "A"
        },
        {
          "column": null,
          "contributor_count": 0,
          "contributors": [],
          "normalized_sum": 0.0,
          "passes": true,
          "source_sum_fraction": 0.0,
          "strict": false,
          "table": 1,
          "target_class": "B"
        },
        {
          "column": 2,
          "contributor_count": 1,
          "contributors": [
            "Ni63"
          ],
          "normalized_sum": 9.999999999,
          "passes": false,
          "source_sum_fraction": 9.999999999,
          "strict": false,
          "table": 2,
          "target_class": "B"
        },
        {
          "column": null,
          "contributor_count": 0,
          "contributors": [],
          "normalized_sum": 0.0,
          "passes": true,
          "source_sum_fraction": 0.0,
          "strict": false,
          "table": 1,
          "target_class": "C"
        },
        {
          "column": 3,
          "contributor_count": 1,
          "contributors": [
            "Ni63"
          ],
          "normalized_sum": 0.9999999999,
          "passes": true,
          "source_sum_fraction": 0.9999999999,
          "strict": false,
          "table": 2,
          "target_class": "C"
        }
      ],
      "expected_row_fractions": {
        "T2:Ni-63:col1": 199.99999997999998,
        "T2:Ni-63:col2": 9.999999999,
        "T2:Ni-63:col3": 0.9999999999
      },
      "pass": true
    },
    "t2-Ni-63-col3-equal": {
      "calculated_only_class": "C",
      "class": "C",
      "coverage": "complete",
      "errors": [],
      "expected_class": "C",
      "expected_constraints": [
        {
          "column": null,
          "contributor_count": 0,
          "contributors": [],
          "normalized_sum": 0.0,
          "passes": true,
          "source_sum_fraction": 0.0,
          "strict": false,
          "table": 1,
          "target_class": "A"
        },
        {
          "column": 1,
          "contributor_count": 1,
          "contributors": [
            "Ni63"
          ],
          "normalized_sum": 200.0,
          "passes": false,
          "source_sum_fraction": 200.0,
          "strict": false,
          "table": 2,
          "target_class": "A"
        },
        {
          "column": null,
          "contributor_count": 0,
          "contributors": [],
          "normalized_sum": 0.0,
          "passes": true,
          "source_sum_fraction": 0.0,
          "strict": false,
          "table": 1,
          "target_class": "B"
        },
        {
          "column": 2,
          "contributor_count": 1,
          "contributors": [
            "Ni63"
          ],
          "normalized_sum": 10.0,
          "passes": false,
          "source_sum_fraction": 10.0,
          "strict": false,
          "table": 2,
          "target_class": "B"
        },
        {
          "column": null,
          "contributor_count": 0,
          "contributors": [],
          "normalized_sum": 0.0,
          "passes": true,
          "source_sum_fraction": 0.0,
          "strict": false,
          "table": 1,
          "target_class": "C"
        },
        {
          "column": 3,
          "contributor_count": 1,
          "contributors": [
            "Ni63"
          ],
          "normalized_sum": 1.0,
          "passes": true,
          "source_sum_fraction": 1.0,
          "strict": false,
          "table": 2,
          "target_class": "C"
        }
      ],
      "expected_row_fractions": {
        "T2:Ni-63:col1": 200.0,
        "T2:Ni-63:col2": 10.0,
        "T2:Ni-63:col3": 1.0
      },
      "pass": true
    },
    "t2-Ni-63_activated_metal-col1-above": {
      "calculated_only_class": "B",
      "class": "B",
      "coverage": "complete",
      "errors": [],
      "expected_class": "B",
      "expected_constraints": [
        {
          "column": null,
          "contributor_count": 0,
          "contributors": [],
          "normalized_sum": 0.0,
          "passes": true,
          "source_sum_fraction": 0.0,
          "strict": false,
          "table": 1,
          "target_class": "A"
        },
        {
          "column": 1,
          "contributor_count": 1,
          "contributors": [
            "Ni63"
          ],
          "normalized_sum": 1.0000000001,
          "passes": false,
          "source_sum_fraction": 1.0000000001,
          "strict": false,
          "table": 2,
          "target_class": "A"
        },
        {
          "column": null,
          "contributor_count": 0,
          "contributors": [],
          "normalized_sum": 0.0,
          "passes": true,
          "source_sum_fraction": 0.0,
          "strict": false,
          "table": 1,
          "target_class": "B"
        },
        {
          "column": 2,
          "contributor_count": 1,
          "contributors": [
            "Ni63"
          ],
          "normalized_sum": 0.050000000004999996,
          "passes": true,
          "source_sum_fraction": 0.050000000004999996,
          "strict": false,
          "table": 2,
          "target_class": "B"
        },
        {
          "column": null,
          "contributor_count": 0,
          "contributors": [],
          "normalized_sum": 0.0,
          "passes": true,
          "source_sum_fraction": 0.0,
          "strict": false,
          "table": 1,
          "target_class": "C"
        },
        {
          "column": 3,
          "contributor_count": 1,
          "contributors": [
            "Ni63"
          ],
          "normalized_sum": 0.0050000000004999995,
          "passes": true,
          "source_sum_fraction": 0.0050000000004999995,
          "strict": false,
          "table": 2,
          "target_class": "C"
        }
      ],
      "expected_row_fractions": {
        "T2:Ni-63_activated_metal:col1": 1.0000000001,
        "T2:Ni-63_activated_metal:col2": 0.050000000004999996,
        "T2:Ni-63_activated_metal:col3": 0.0050000000004999995
      },
      "pass": true
    },
    "t2-Ni-63_activated_metal-col1-below": {
      "calculated_only_class": "A",
      "class": "A",
      "coverage": "complete",
      "errors": [],
      "expected_class": "A",
      "expected_constraints": [
        {
          "column": null,
          "contributor_count": 0,
          "contributors": [],
          "normalized_sum": 0.0,
          "passes": true,
          "source_sum_fraction": 0.0,
          "strict": false,
          "table": 1,
          "target_class": "A"
        },
        {
          "column": 1,
          "contributor_count": 1,
          "contributors": [
            "Ni63"
          ],
          "normalized_sum": 0.9999999999000001,
          "passes": true,
          "source_sum_fraction": 0.9999999999000001,
          "strict": false,
          "table": 2,
          "target_class": "A"
        },
        {
          "column": null,
          "contributor_count": 0,
          "contributors": [],
          "normalized_sum": 0.0,
          "passes": true,
          "source_sum_fraction": 0.0,
          "strict": false,
          "table": 1,
          "target_class": "B"
        },
        {
          "column": 2,
          "contributor_count": 1,
          "contributors": [
            "Ni63"
          ],
          "normalized_sum": 0.049999999995,
          "passes": true,
          "source_sum_fraction": 0.049999999995,
          "strict": false,
          "table": 2,
          "target_class": "B"
        },
        {
          "column": null,
          "contributor_count": 0,
          "contributors": [],
          "normalized_sum": 0.0,
          "passes": true,
          "source_sum_fraction": 0.0,
          "strict": false,
          "table": 1,
          "target_class": "C"
        },
        {
          "column": 3,
          "contributor_count": 1,
          "contributors": [
            "Ni63"
          ],
          "normalized_sum": 0.0049999999995,
          "passes": true,
          "source_sum_fraction": 0.0049999999995,
          "strict": false,
          "table": 2,
          "target_class": "C"
        }
      ],
      "expected_row_fractions": {
        "T2:Ni-63_activated_metal:col1": 0.9999999999000001,
        "T2:Ni-63_activated_metal:col2": 0.049999999995,
        "T2:Ni-63_activated_metal:col3": 0.0049999999995
      },
      "pass": true
    },
    "t2-Ni-63_activated_metal-col1-equal": {
      "calculated_only_class": "A",
      "class": "A",
      "coverage": "complete",
      "errors": [],
      "expected_class": "A",
      "expected_constraints": [
        {
          "column": null,
          "contributor_count": 0,
          "contributors": [],
          "normalized_sum": 0.0,
          "passes": true,
          "source_sum_fraction": 0.0,
          "strict": false,
          "table": 1,
          "target_class": "A"
        },
        {
          "column": 1,
          "contributor_count": 1,
          "contributors": [
            "Ni63"
          ],
          "normalized_sum": 1.0,
          "passes": true,
          "source_sum_fraction": 1.0,
          "strict": false,
          "table": 2,
          "target_class": "A"
        },
        {
          "column": null,
          "contributor_count": 0,
          "contributors": [],
          "normalized_sum": 0.0,
          "passes": true,
          "source_sum_fraction": 0.0,
          "strict": false,
          "table": 1,
          "target_class": "B"
        },
        {
          "column": 2,
          "contributor_count": 1,
          "contributors": [
            "Ni63"
          ],
          "normalized_sum": 0.05,
          "passes": true,
          "source_sum_fraction": 0.05,
          "strict": false,
          "table": 2,
          "target_class": "B"
        },
        {
          "column": null,
          "contributor_count": 0,
          "contributors": [],
          "normalized_sum": 0.0,
          "passes": true,
          "source_sum_fraction": 0.0,
          "strict": false,
          "table": 1,
          "target_class": "C"
        },
        {
          "column": 3,
          "contributor_count": 1,
          "contributors": [
            "Ni63"
          ],
          "normalized_sum": 0.005,
          "passes": true,
          "source_sum_fraction": 0.005,
          "strict": false,
          "table": 2,
          "target_class": "C"
        }
      ],
      "expected_row_fractions": {
        "T2:Ni-63_activated_metal:col1": 1.0,
        "T2:Ni-63_activated_metal:col2": 0.05,
        "T2:Ni-63_activated_metal:col3": 0.005
      },
      "pass": true
    },
    "t2-Ni-63_activated_metal-col2-above": {
      "calculated_only_class": "C",
      "class": "C",
      "coverage": "complete",
      "errors": [],
      "expected_class": "C",
      "expected_constraints": [
        {
          "column": null,
          "contributor_count": 0,
          "contributors": [],
          "normalized_sum": 0.0,
          "passes": true,
          "source_sum_fraction": 0.0,
          "strict": false,
          "table": 1,
          "target_class": "A"
        },
        {
          "column": 1,
          "contributor_count": 1,
          "contributors": [
            "Ni63"
          ],
          "normalized_sum": 20.000000002,
          "passes": false,
          "source_sum_fraction": 20.000000002,
          "strict": false,
          "table": 2,
          "target_class": "A"
        },
        {
          "column": null,
          "contributor_count": 0,
          "contributors": [],
          "normalized_sum": 0.0,
          "passes": true,
          "source_sum_fraction": 0.0,
          "strict": false,
          "table": 1,
          "target_class": "B"
        },
        {
          "column": 2,
          "contributor_count": 1,
          "contributors": [
            "Ni63"
          ],
          "normalized_sum": 1.0000000001,
          "passes": false,
          "source_sum_fraction": 1.0000000001,
          "strict": false,
          "table": 2,
          "target_class": "B"
        },
        {
          "column": null,
          "contributor_count": 0,
          "contributors": [],
          "normalized_sum": 0.0,
          "passes": true,
          "source_sum_fraction": 0.0,
          "strict": false,
          "table": 1,
          "target_class": "C"
        },
        {
          "column": 3,
          "contributor_count": 1,
          "contributors": [
            "Ni63"
          ],
          "normalized_sum": 0.10000000001,
          "passes": true,
          "source_sum_fraction": 0.10000000001,
          "strict": false,
          "table": 2,
          "target_class": "C"
        }
      ],
      "expected_row_fractions": {
        "T2:Ni-63_activated_metal:col1": 20.000000002,
        "T2:Ni-63_activated_metal:col2": 1.0000000001,
        "T2:Ni-63_activated_metal:col3": 0.10000000001
      },
      "pass": true
    },
    "t2-Ni-63_activated_metal-col2-below": {
      "calculated_only_class": "B",
      "class": "B",
      "coverage": "complete",
      "errors": [],
      "expected_class": "B",
      "expected_constraints": [
        {
          "column": null,
          "contributor_count": 0,
          "contributors": [],
          "normalized_sum": 0.0,
          "passes": true,
          "source_sum_fraction": 0.0,
          "strict": false,
          "table": 1,
          "target_class": "A"
        },
        {
          "column": 1,
          "contributor_count": 1,
          "contributors": [
            "Ni63"
          ],
          "normalized_sum": 19.999999998,
          "passes": false,
          "source_sum_fraction": 19.999999998,
          "strict": false,
          "table": 2,
          "target_class": "A"
        },
        {
          "column": null,
          "contributor_count": 0,
          "contributors": [],
          "normalized_sum": 0.0,
          "passes": true,
          "source_sum_fraction": 0.0,
          "strict": false,
          "table": 1,
          "target_class": "B"
        },
        {
          "column": 2,
          "contributor_count": 1,
          "contributors": [
            "Ni63"
          ],
          "normalized_sum": 0.9999999999,
          "passes": true,
          "source_sum_fraction": 0.9999999999,
          "strict": false,
          "table": 2,
          "target_class": "B"
        },
        {
          "column": null,
          "contributor_count": 0,
          "contributors": [],
          "normalized_sum": 0.0,
          "passes": true,
          "source_sum_fraction": 0.0,
          "strict": false,
          "table": 1,
          "target_class": "C"
        },
        {
          "column": 3,
          "contributor_count": 1,
          "contributors": [
            "Ni63"
          ],
          "normalized_sum": 0.09999999998999999,
          "passes": true,
          "source_sum_fraction": 0.09999999998999999,
          "strict": false,
          "table": 2,
          "target_class": "C"
        }
      ],
      "expected_row_fractions": {
        "T2:Ni-63_activated_metal:col1": 19.999999998,
        "T2:Ni-63_activated_metal:col2": 0.9999999999,
        "T2:Ni-63_activated_metal:col3": 0.09999999998999999
      },
      "pass": true
    },
    "t2-Ni-63_activated_metal-col2-equal": {
      "calculated_only_class": "B",
      "class": "B",
      "coverage": "complete",
      "errors": [],
      "expected_class": "B",
      "expected_constraints": [
        {
          "column": null,
          "contributor_count": 0,
          "contributors": [],
          "normalized_sum": 0.0,
          "passes": true,
          "source_sum_fraction": 0.0,
          "strict": false,
          "table": 1,
          "target_class": "A"
        },
        {
          "column": 1,
          "contributor_count": 1,
          "contributors": [
            "Ni63"
          ],
          "normalized_sum": 20.0,
          "passes": false,
          "source_sum_fraction": 20.0,
          "strict": false,
          "table": 2,
          "target_class": "A"
        },
        {
          "column": null,
          "contributor_count": 0,
          "contributors": [],
          "normalized_sum": 0.0,
          "passes": true,
          "source_sum_fraction": 0.0,
          "strict": false,
          "table": 1,
          "target_class": "B"
        },
        {
          "column": 2,
          "contributor_count": 1,
          "contributors": [
            "Ni63"
          ],
          "normalized_sum": 1.0,
          "passes": true,
          "source_sum_fraction": 1.0,
          "strict": false,
          "table": 2,
          "target_class": "B"
        },
        {
          "column": null,
          "contributor_count": 0,
          "contributors": [],
          "normalized_sum": 0.0,
          "passes": true,
          "source_sum_fraction": 0.0,
          "strict": false,
          "table": 1,
          "target_class": "C"
        },
        {
          "column": 3,
          "contributor_count": 1,
          "contributors": [
            "Ni63"
          ],
          "normalized_sum": 0.1,
          "passes": true,
          "source_sum_fraction": 0.1,
          "strict": false,
          "table": 2,
          "target_class": "C"
        }
      ],
      "expected_row_fractions": {
        "T2:Ni-63_activated_metal:col1": 20.0,
        "T2:Ni-63_activated_metal:col2": 1.0,
        "T2:Ni-63_activated_metal:col3": 0.1
      },
      "pass": true
    },
    "t2-Ni-63_activated_metal-col3-above": {
      "calculated_only_class": "above_class_c",
      "class": "above_class_c",
      "coverage": "complete",
      "errors": [],
      "expected_class": "above_class_c",
      "expected_constraints": [
        {
          "column": null,
          "contributor_count": 0,
          "contributors": [],
          "normalized_sum": 0.0,
          "passes": true,
          "source_sum_fraction": 0.0,
          "strict": false,
          "table": 1,
          "target_class": "A"
        },
        {
          "column": 1,
          "contributor_count": 1,
          "contributors": [
            "Ni63"
          ],
          "normalized_sum": 200.00000002000002,
          "passes": false,
          "source_sum_fraction": 200.00000002000002,
          "strict": false,
          "table": 2,
          "target_class": "A"
        },
        {
          "column": null,
          "contributor_count": 0,
          "contributors": [],
          "normalized_sum": 0.0,
          "passes": true,
          "source_sum_fraction": 0.0,
          "strict": false,
          "table": 1,
          "target_class": "B"
        },
        {
          "column": 2,
          "contributor_count": 1,
          "contributors": [
            "Ni63"
          ],
          "normalized_sum": 10.000000001,
          "passes": false,
          "source_sum_fraction": 10.000000001,
          "strict": false,
          "table": 2,
          "target_class": "B"
        },
        {
          "column": null,
          "contributor_count": 0,
          "contributors": [],
          "normalized_sum": 0.0,
          "passes": true,
          "source_sum_fraction": 0.0,
          "strict": false,
          "table": 1,
          "target_class": "C"
        },
        {
          "column": 3,
          "contributor_count": 1,
          "contributors": [
            "Ni63"
          ],
          "normalized_sum": 1.0000000001,
          "passes": false,
          "source_sum_fraction": 1.0000000001,
          "strict": false,
          "table": 2,
          "target_class": "C"
        }
      ],
      "expected_row_fractions": {
        "T2:Ni-63_activated_metal:col1": 200.00000002000002,
        "T2:Ni-63_activated_metal:col2": 10.000000001,
        "T2:Ni-63_activated_metal:col3": 1.0000000001
      },
      "pass": true
    },
    "t2-Ni-63_activated_metal-col3-below": {
      "calculated_only_class": "C",
      "class": "C",
      "coverage": "complete",
      "errors": [],
      "expected_class": "C",
      "expected_constraints": [
        {
          "column": null,
          "contributor_count": 0,
          "contributors": [],
          "normalized_sum": 0.0,
          "passes": true,
          "source_sum_fraction": 0.0,
          "strict": false,
          "table": 1,
          "target_class": "A"
        },
        {
          "column": 1,
          "contributor_count": 1,
          "contributors": [
            "Ni63"
          ],
          "normalized_sum": 199.99999997999998,
          "passes": false,
          "source_sum_fraction": 199.99999997999998,
          "strict": false,
          "table": 2,
          "target_class": "A"
        },
        {
          "column": null,
          "contributor_count": 0,
          "contributors": [],
          "normalized_sum": 0.0,
          "passes": true,
          "source_sum_fraction": 0.0,
          "strict": false,
          "table": 1,
          "target_class": "B"
        },
        {
          "column": 2,
          "contributor_count": 1,
          "contributors": [
            "Ni63"
          ],
          "normalized_sum": 9.999999999,
          "passes": false,
          "source_sum_fraction": 9.999999999,
          "strict": false,
          "table": 2,
          "target_class": "B"
        },
        {
          "column": null,
          "contributor_count": 0,
          "contributors": [],
          "normalized_sum": 0.0,
          "passes": true,
          "source_sum_fraction": 0.0,
          "strict": false,
          "table": 1,
          "target_class": "C"
        },
        {
          "column": 3,
          "contributor_count": 1,
          "contributors": [
            "Ni63"
          ],
          "normalized_sum": 0.9999999999,
          "passes": true,
          "source_sum_fraction": 0.9999999999,
          "strict": false,
          "table": 2,
          "target_class": "C"
        }
      ],
      "expected_row_fractions": {
        "T2:Ni-63_activated_metal:col1": 199.99999997999998,
        "T2:Ni-63_activated_metal:col2": 9.999999999,
        "T2:Ni-63_activated_metal:col3": 0.9999999999
      },
      "pass": true
    },
    "t2-Ni-63_activated_metal-col3-equal": {
      "calculated_only_class": "C",
      "class": "C",
      "coverage": "complete",
      "errors": [],
      "expected_class": "C",
      "expected_constraints": [
        {
          "column": null,
          "contributor_count": 0,
          "contributors": [],
          "normalized_sum": 0.0,
          "passes": true,
          "source_sum_fraction": 0.0,
          "strict": false,
          "table": 1,
          "target_class": "A"
        },
        {
          "column": 1,
          "contributor_count": 1,
          "contributors": [
            "Ni63"
          ],
          "normalized_sum": 200.0,
          "passes": false,
          "source_sum_fraction": 200.0,
          "strict": false,
          "table": 2,
          "target_class": "A"
        },
        {
          "column": null,
          "contributor_count": 0,
          "contributors": [],
          "normalized_sum": 0.0,
          "passes": true,
          "source_sum_fraction": 0.0,
          "strict": false,
          "table": 1,
          "target_class": "B"
        },
        {
          "column": 2,
          "contributor_count": 1,
          "contributors": [
            "Ni63"
          ],
          "normalized_sum": 10.0,
          "passes": false,
          "source_sum_fraction": 10.0,
          "strict": false,
          "table": 2,
          "target_class": "B"
        },
        {
          "column": null,
          "contributor_count": 0,
          "contributors": [],
          "normalized_sum": 0.0,
          "passes": true,
          "source_sum_fraction": 0.0,
          "strict": false,
          "table": 1,
          "target_class": "C"
        },
        {
          "column": 3,
          "contributor_count": 1,
          "contributors": [
            "Ni63"
          ],
          "normalized_sum": 1.0,
          "passes": true,
          "source_sum_fraction": 1.0,
          "strict": false,
          "table": 2,
          "target_class": "C"
        }
      ],
      "expected_row_fractions": {
        "T2:Ni-63_activated_metal:col1": 200.0,
        "T2:Ni-63_activated_metal:col2": 10.0,
        "T2:Ni-63_activated_metal:col3": 1.0
      },
      "pass": true
    },
    "t2-Sr-90-col1-above": {
      "calculated_only_class": "B",
      "class": "B",
      "coverage": "complete",
      "errors": [],
      "expected_class": "B",
      "expected_constraints": [
        {
          "column": null,
          "contributor_count": 0,
          "contributors": [],
          "normalized_sum": 0.0,
          "passes": true,
          "source_sum_fraction": 0.0,
          "strict": false,
          "table": 1,
          "target_class": "A"
        },
        {
          "column": 1,
          "contributor_count": 1,
          "contributors": [
            "Sr90"
          ],
          "normalized_sum": 1.0000000001,
          "passes": false,
          "source_sum_fraction": 1.0000000001,
          "strict": false,
          "table": 2,
          "target_class": "A"
        },
        {
          "column": null,
          "contributor_count": 0,
          "contributors": [],
          "normalized_sum": 0.0,
          "passes": true,
          "source_sum_fraction": 0.0,
          "strict": false,
          "table": 1,
          "target_class": "B"
        },
        {
          "column": 2,
          "contributor_count": 1,
          "contributors": [
            "Sr90"
          ],
          "normalized_sum": 0.00026666666669333334,
          "passes": true,
          "source_sum_fraction": 0.00026666666669333334,
          "strict": false,
          "table": 2,
          "target_class": "B"
        },
        {
          "column": null,
          "contributor_count": 0,
          "contributors": [],
          "normalized_sum": 0.0,
          "passes": true,
          "source_sum_fraction": 0.0,
          "strict": false,
          "table": 1,
          "target_class": "C"
        },
        {
          "column": 3,
          "contributor_count": 1,
          "contributors": [
            "Sr90"
          ],
          "normalized_sum": 5.714285714857143e-06,
          "passes": true,
          "source_sum_fraction": 5.714285714857143e-06,
          "strict": false,
          "table": 2,
          "target_class": "C"
        }
      ],
      "expected_row_fractions": {
        "T2:Sr-90:col1": 1.0000000001,
        "T2:Sr-90:col2": 0.00026666666669333334,
        "T2:Sr-90:col3": 5.714285714857143e-06
      },
      "pass": true
    },
    "t2-Sr-90-col1-below": {
      "calculated_only_class": "A",
      "class": "A",
      "coverage": "complete",
      "errors": [],
      "expected_class": "A",
      "expected_constraints": [
        {
          "column": null,
          "contributor_count": 0,
          "contributors": [],
          "normalized_sum": 0.0,
          "passes": true,
          "source_sum_fraction": 0.0,
          "strict": false,
          "table": 1,
          "target_class": "A"
        },
        {
          "column": 1,
          "contributor_count": 1,
          "contributors": [
            "Sr90"
          ],
          "normalized_sum": 0.9999999999,
          "passes": true,
          "source_sum_fraction": 0.9999999999,
          "strict": false,
          "table": 2,
          "target_class": "A"
        },
        {
          "column": null,
          "contributor_count": 0,
          "contributors": [],
          "normalized_sum": 0.0,
          "passes": true,
          "source_sum_fraction": 0.0,
          "strict": false,
          "table": 1,
          "target_class": "B"
        },
        {
          "column": 2,
          "contributor_count": 1,
          "contributors": [
            "Sr90"
          ],
          "normalized_sum": 0.00026666666664,
          "passes": true,
          "source_sum_fraction": 0.00026666666664,
          "strict": false,
          "table": 2,
          "target_class": "B"
        },
        {
          "column": null,
          "contributor_count": 0,
          "contributors": [],
          "normalized_sum": 0.0,
          "passes": true,
          "source_sum_fraction": 0.0,
          "strict": false,
          "table": 1,
          "target_class": "C"
        },
        {
          "column": 3,
          "contributor_count": 1,
          "contributors": [
            "Sr90"
          ],
          "normalized_sum": 5.714285713714286e-06,
          "passes": true,
          "source_sum_fraction": 5.714285713714286e-06,
          "strict": false,
          "table": 2,
          "target_class": "C"
        }
      ],
      "expected_row_fractions": {
        "T2:Sr-90:col1": 0.9999999999,
        "T2:Sr-90:col2": 0.00026666666664,
        "T2:Sr-90:col3": 5.714285713714286e-06
      },
      "pass": true
    },
    "t2-Sr-90-col1-equal": {
      "calculated_only_class": "A",
      "class": "A",
      "coverage": "complete",
      "errors": [],
      "expected_class": "A",
      "expected_constraints": [
        {
          "column": null,
          "contributor_count": 0,
          "contributors": [],
          "normalized_sum": 0.0,
          "passes": true,
          "source_sum_fraction": 0.0,
          "strict": false,
          "table": 1,
          "target_class": "A"
        },
        {
          "column": 1,
          "contributor_count": 1,
          "contributors": [
            "Sr90"
          ],
          "normalized_sum": 1.0,
          "passes": true,
          "source_sum_fraction": 1.0,
          "strict": false,
          "table": 2,
          "target_class": "A"
        },
        {
          "column": null,
          "contributor_count": 0,
          "contributors": [],
          "normalized_sum": 0.0,
          "passes": true,
          "source_sum_fraction": 0.0,
          "strict": false,
          "table": 1,
          "target_class": "B"
        },
        {
          "column": 2,
          "contributor_count": 1,
          "contributors": [
            "Sr90"
          ],
          "normalized_sum": 0.0002666666666666667,
          "passes": true,
          "source_sum_fraction": 0.0002666666666666667,
          "strict": false,
          "table": 2,
          "target_class": "B"
        },
        {
          "column": null,
          "contributor_count": 0,
          "contributors": [],
          "normalized_sum": 0.0,
          "passes": true,
          "source_sum_fraction": 0.0,
          "strict": false,
          "table": 1,
          "target_class": "C"
        },
        {
          "column": 3,
          "contributor_count": 1,
          "contributors": [
            "Sr90"
          ],
          "normalized_sum": 5.7142857142857145e-06,
          "passes": true,
          "source_sum_fraction": 5.7142857142857145e-06,
          "strict": false,
          "table": 2,
          "target_class": "C"
        }
      ],
      "expected_row_fractions": {
        "T2:Sr-90:col1": 1.0,
        "T2:Sr-90:col2": 0.0002666666666666667,
        "T2:Sr-90:col3": 5.7142857142857145e-06
      },
      "pass": true
    },
    "t2-Sr-90-col2-above": {
      "calculated_only_class": "C",
      "class": "C",
      "coverage": "complete",
      "errors": [],
      "expected_class": "C",
      "expected_constraints": [
        {
          "column": null,
          "contributor_count": 0,
          "contributors": [],
          "normalized_sum": 0.0,
          "passes": true,
          "source_sum_fraction": 0.0,
          "strict": false,
          "table": 1,
          "target_class": "A"
        },
        {
          "column": 1,
          "contributor_count": 1,
          "contributors": [
            "Sr90"
          ],
          "normalized_sum": 3750.000000375,
          "passes": false,
          "source_sum_fraction": 3750.000000375,
          "strict": false,
          "table": 2,
          "target_class": "A"
        },
        {
          "column": null,
          "contributor_count": 0,
          "contributors": [],
          "normalized_sum": 0.0,
          "passes": true,
          "source_sum_fraction": 0.0,
          "strict": false,
          "table": 1,
          "target_class": "B"
        },
        {
          "column": 2,
          "contributor_count": 1,
          "contributors": [
            "Sr90"
          ],
          "normalized_sum": 1.0000000001,
          "passes": false,
          "source_sum_fraction": 1.0000000001,
          "strict": false,
          "table": 2,
          "target_class": "B"
        },
        {
          "column": null,
          "contributor_count": 0,
          "contributors": [],
          "normalized_sum": 0.0,
          "passes": true,
          "source_sum_fraction": 0.0,
          "strict": false,
          "table": 1,
          "target_class": "C"
        },
        {
          "column": 3,
          "contributor_count": 1,
          "contributors": [
            "Sr90"
          ],
          "normalized_sum": 0.021428571430714288,
          "passes": true,
          "source_sum_fraction": 0.021428571430714288,
          "strict": false,
          "table": 2,
          "target_class": "C"
        }
      ],
      "expected_row_fractions": {
        "T2:Sr-90:col1": 3750.000000375,
        "T2:Sr-90:col2": 1.0000000001,
        "T2:Sr-90:col3": 0.021428571430714288
      },
      "pass": true
    },
    "t2-Sr-90-col2-below": {
      "calculated_only_class": "B",
      "class": "B",
      "coverage": "complete",
      "errors": [],
      "expected_class": "B",
      "expected_constraints": [
        {
          "column": null,
          "contributor_count": 0,
          "contributors": [],
          "normalized_sum": 0.0,
          "passes": true,
          "source_sum_fraction": 0.0,
          "strict": false,
          "table": 1,
          "target_class": "A"
        },
        {
          "column": 1,
          "contributor_count": 1,
          "contributors": [
            "Sr90"
          ],
          "normalized_sum": 3749.999999625,
          "passes": false,
          "source_sum_fraction": 3749.999999625,
          "strict": false,
          "table": 2,
          "target_class": "A"
        },
        {
          "column": null,
          "contributor_count": 0,
          "contributors": [],
          "normalized_sum": 0.0,
          "passes": true,
          "source_sum_fraction": 0.0,
          "strict": false,
          "table": 1,
          "target_class": "B"
        },
        {
          "column": 2,
          "contributor_count": 1,
          "contributors": [
            "Sr90"
          ],
          "normalized_sum": 0.9999999999,
          "passes": true,
          "source_sum_fraction": 0.9999999999,
          "strict": false,
          "table": 2,
          "target_class": "B"
        },
        {
          "column": null,
          "contributor_count": 0,
          "contributors": [],
          "normalized_sum": 0.0,
          "passes": true,
          "source_sum_fraction": 0.0,
          "strict": false,
          "table": 1,
          "target_class": "C"
        },
        {
          "column": 3,
          "contributor_count": 1,
          "contributors": [
            "Sr90"
          ],
          "normalized_sum": 0.02142857142642857,
          "passes": true,
          "source_sum_fraction": 0.02142857142642857,
          "strict": false,
          "table": 2,
          "target_class": "C"
        }
      ],
      "expected_row_fractions": {
        "T2:Sr-90:col1": 3749.999999625,
        "T2:Sr-90:col2": 0.9999999999,
        "T2:Sr-90:col3": 0.02142857142642857
      },
      "pass": true
    },
    "t2-Sr-90-col2-equal": {
      "calculated_only_class": "B",
      "class": "B",
      "coverage": "complete",
      "errors": [],
      "expected_class": "B",
      "expected_constraints": [
        {
          "column": null,
          "contributor_count": 0,
          "contributors": [],
          "normalized_sum": 0.0,
          "passes": true,
          "source_sum_fraction": 0.0,
          "strict": false,
          "table": 1,
          "target_class": "A"
        },
        {
          "column": 1,
          "contributor_count": 1,
          "contributors": [
            "Sr90"
          ],
          "normalized_sum": 3750.0,
          "passes": false,
          "source_sum_fraction": 3750.0,
          "strict": false,
          "table": 2,
          "target_class": "A"
        },
        {
          "column": null,
          "contributor_count": 0,
          "contributors": [],
          "normalized_sum": 0.0,
          "passes": true,
          "source_sum_fraction": 0.0,
          "strict": false,
          "table": 1,
          "target_class": "B"
        },
        {
          "column": 2,
          "contributor_count": 1,
          "contributors": [
            "Sr90"
          ],
          "normalized_sum": 1.0,
          "passes": true,
          "source_sum_fraction": 1.0,
          "strict": false,
          "table": 2,
          "target_class": "B"
        },
        {
          "column": null,
          "contributor_count": 0,
          "contributors": [],
          "normalized_sum": 0.0,
          "passes": true,
          "source_sum_fraction": 0.0,
          "strict": false,
          "table": 1,
          "target_class": "C"
        },
        {
          "column": 3,
          "contributor_count": 1,
          "contributors": [
            "Sr90"
          ],
          "normalized_sum": 0.02142857142857143,
          "passes": true,
          "source_sum_fraction": 0.02142857142857143,
          "strict": false,
          "table": 2,
          "target_class": "C"
        }
      ],
      "expected_row_fractions": {
        "T2:Sr-90:col1": 3750.0,
        "T2:Sr-90:col2": 1.0,
        "T2:Sr-90:col3": 0.02142857142857143
      },
      "pass": true
    },
    "t2-Sr-90-col3-above": {
      "calculated_only_class": "above_class_c",
      "class": "above_class_c",
      "coverage": "complete",
      "errors": [],
      "expected_class": "above_class_c",
      "expected_constraints": [
        {
          "column": null,
          "contributor_count": 0,
          "contributors": [],
          "normalized_sum": 0.0,
          "passes": true,
          "source_sum_fraction": 0.0,
          "strict": false,
          "table": 1,
          "target_class": "A"
        },
        {
          "column": 1,
          "contributor_count": 1,
          "contributors": [
            "Sr90"
          ],
          "normalized_sum": 175000.00001750002,
          "passes": false,
          "source_sum_fraction": 175000.00001750002,
          "strict": false,
          "table": 2,
          "target_class": "A"
        },
        {
          "column": null,
          "contributor_count": 0,
          "contributors": [],
          "normalized_sum": 0.0,
          "passes": true,
          "source_sum_fraction": 0.0,
          "strict": false,
          "table": 1,
          "target_class": "B"
        },
        {
          "column": 2,
          "contributor_count": 1,
          "contributors": [
            "Sr90"
          ],
          "normalized_sum": 46.66666667133333,
          "passes": false,
          "source_sum_fraction": 46.66666667133333,
          "strict": false,
          "table": 2,
          "target_class": "B"
        },
        {
          "column": null,
          "contributor_count": 0,
          "contributors": [],
          "normalized_sum": 0.0,
          "passes": true,
          "source_sum_fraction": 0.0,
          "strict": false,
          "table": 1,
          "target_class": "C"
        },
        {
          "column": 3,
          "contributor_count": 1,
          "contributors": [
            "Sr90"
          ],
          "normalized_sum": 1.0000000001,
          "passes": false,
          "source_sum_fraction": 1.0000000001,
          "strict": false,
          "table": 2,
          "target_class": "C"
        }
      ],
      "expected_row_fractions": {
        "T2:Sr-90:col1": 175000.00001750002,
        "T2:Sr-90:col2": 46.66666667133333,
        "T2:Sr-90:col3": 1.0000000001
      },
      "pass": true
    },
    "t2-Sr-90-col3-below": {
      "calculated_only_class": "C",
      "class": "C",
      "coverage": "complete",
      "errors": [],
      "expected_class": "C",
      "expected_constraints": [
        {
          "column": null,
          "contributor_count": 0,
          "contributors": [],
          "normalized_sum": 0.0,
          "passes": true,
          "source_sum_fraction": 0.0,
          "strict": false,
          "table": 1,
          "target_class": "A"
        },
        {
          "column": 1,
          "contributor_count": 1,
          "contributors": [
            "Sr90"
          ],
          "normalized_sum": 174999.99998249998,
          "passes": false,
          "source_sum_fraction": 174999.99998249998,
          "strict": false,
          "table": 2,
          "target_class": "A"
        },
        {
          "column": null,
          "contributor_count": 0,
          "contributors": [],
          "normalized_sum": 0.0,
          "passes": true,
          "source_sum_fraction": 0.0,
          "strict": false,
          "table": 1,
          "target_class": "B"
        },
        {
          "column": 2,
          "contributor_count": 1,
          "contributors": [
            "Sr90"
          ],
          "normalized_sum": 46.666666662,
          "passes": false,
          "source_sum_fraction": 46.666666662,
          "strict": false,
          "table": 2,
          "target_class": "B"
        },
        {
          "column": null,
          "contributor_count": 0,
          "contributors": [],
          "normalized_sum": 0.0,
          "passes": true,
          "source_sum_fraction": 0.0,
          "strict": false,
          "table": 1,
          "target_class": "C"
        },
        {
          "column": 3,
          "contributor_count": 1,
          "contributors": [
            "Sr90"
          ],
          "normalized_sum": 0.9999999999,
          "passes": true,
          "source_sum_fraction": 0.9999999999,
          "strict": false,
          "table": 2,
          "target_class": "C"
        }
      ],
      "expected_row_fractions": {
        "T2:Sr-90:col1": 174999.99998249998,
        "T2:Sr-90:col2": 46.666666662,
        "T2:Sr-90:col3": 0.9999999999
      },
      "pass": true
    },
    "t2-Sr-90-col3-equal": {
      "calculated_only_class": "C",
      "class": "C",
      "coverage": "complete",
      "errors": [],
      "expected_class": "C",
      "expected_constraints": [
        {
          "column": null,
          "contributor_count": 0,
          "contributors": [],
          "normalized_sum": 0.0,
          "passes": true,
          "source_sum_fraction": 0.0,
          "strict": false,
          "table": 1,
          "target_class": "A"
        },
        {
          "column": 1,
          "contributor_count": 1,
          "contributors": [
            "Sr90"
          ],
          "normalized_sum": 175000.0,
          "passes": false,
          "source_sum_fraction": 175000.0,
          "strict": false,
          "table": 2,
          "target_class": "A"
        },
        {
          "column": null,
          "contributor_count": 0,
          "contributors": [],
          "normalized_sum": 0.0,
          "passes": true,
          "source_sum_fraction": 0.0,
          "strict": false,
          "table": 1,
          "target_class": "B"
        },
        {
          "column": 2,
          "contributor_count": 1,
          "contributors": [
            "Sr90"
          ],
          "normalized_sum": 46.666666666666664,
          "passes": false,
          "source_sum_fraction": 46.666666666666664,
          "strict": false,
          "table": 2,
          "target_class": "B"
        },
        {
          "column": null,
          "contributor_count": 0,
          "contributors": [],
          "normalized_sum": 0.0,
          "passes": true,
          "source_sum_fraction": 0.0,
          "strict": false,
          "table": 1,
          "target_class": "C"
        },
        {
          "column": 3,
          "contributor_count": 1,
          "contributors": [
            "Sr90"
          ],
          "normalized_sum": 1.0,
          "passes": true,
          "source_sum_fraction": 1.0,
          "strict": false,
          "table": 2,
          "target_class": "C"
        }
      ],
      "expected_row_fractions": {
        "T2:Sr-90:col1": 175000.0,
        "T2:Sr-90:col2": 46.666666666666664,
        "T2:Sr-90:col3": 1.0
      },
      "pass": true
    },
    "t2-half_life_lt5y-col1-above": {
      "calculated_only_class": "B",
      "class": "B",
      "coverage": "complete",
      "errors": [],
      "expected_class": "B",
      "expected_constraints": [
        {
          "column": null,
          "contributor_count": 0,
          "contributors": [],
          "normalized_sum": 0.0,
          "passes": true,
          "source_sum_fraction": 0.0,
          "strict": false,
          "table": 1,
          "target_class": "A"
        },
        {
          "column": 1,
          "contributor_count": 1,
          "contributors": [
            "Xe135"
          ],
          "normalized_sum": 1.0000000001,
          "passes": false,
          "source_sum_fraction": 1.0000000001,
          "strict": false,
          "table": 2,
          "target_class": "A"
        },
        {
          "column": null,
          "contributor_count": 0,
          "contributors": [],
          "normalized_sum": 0.0,
          "passes": true,
          "source_sum_fraction": 0.0,
          "strict": false,
          "table": 1,
          "target_class": "B"
        },
        {
          "column": 2,
          "contributor_count": 0,
          "contributors": [],
          "normalized_sum": 0.0,
          "passes": true,
          "source_sum_fraction": 0.0,
          "strict": false,
          "table": 2,
          "target_class": "B"
        },
        {
          "column": null,
          "contributor_count": 0,
          "contributors": [],
          "normalized_sum": 0.0,
          "passes": true,
          "source_sum_fraction": 0.0,
          "strict": false,
          "table": 1,
          "target_class": "C"
        },
        {
          "column": 3,
          "contributor_count": 0,
          "contributors": [],
          "normalized_sum": 0.0,
          "passes": true,
          "source_sum_fraction": 0.0,
          "strict": false,
          "table": 2,
          "target_class": "C"
        }
      ],
      "expected_row_fractions": {
        "T2:half_life_lt5y:col1": 1.0000000001
      },
      "pass": true
    },
    "t2-half_life_lt5y-col1-below": {
      "calculated_only_class": "A",
      "class": "A",
      "coverage": "complete",
      "errors": [],
      "expected_class": "A",
      "expected_constraints": [
        {
          "column": null,
          "contributor_count": 0,
          "contributors": [],
          "normalized_sum": 0.0,
          "passes": true,
          "source_sum_fraction": 0.0,
          "strict": false,
          "table": 1,
          "target_class": "A"
        },
        {
          "column": 1,
          "contributor_count": 1,
          "contributors": [
            "Xe135"
          ],
          "normalized_sum": 0.9999999999,
          "passes": true,
          "source_sum_fraction": 0.9999999999,
          "strict": false,
          "table": 2,
          "target_class": "A"
        },
        {
          "column": null,
          "contributor_count": 0,
          "contributors": [],
          "normalized_sum": 0.0,
          "passes": true,
          "source_sum_fraction": 0.0,
          "strict": false,
          "table": 1,
          "target_class": "B"
        },
        {
          "column": 2,
          "contributor_count": 0,
          "contributors": [],
          "normalized_sum": 0.0,
          "passes": true,
          "source_sum_fraction": 0.0,
          "strict": false,
          "table": 2,
          "target_class": "B"
        },
        {
          "column": null,
          "contributor_count": 0,
          "contributors": [],
          "normalized_sum": 0.0,
          "passes": true,
          "source_sum_fraction": 0.0,
          "strict": false,
          "table": 1,
          "target_class": "C"
        },
        {
          "column": 3,
          "contributor_count": 0,
          "contributors": [],
          "normalized_sum": 0.0,
          "passes": true,
          "source_sum_fraction": 0.0,
          "strict": false,
          "table": 2,
          "target_class": "C"
        }
      ],
      "expected_row_fractions": {
        "T2:half_life_lt5y:col1": 0.9999999999
      },
      "pass": true
    },
    "t2-half_life_lt5y-col1-equal": {
      "calculated_only_class": "A",
      "class": "A",
      "coverage": "complete",
      "errors": [],
      "expected_class": "A",
      "expected_constraints": [
        {
          "column": null,
          "contributor_count": 0,
          "contributors": [],
          "normalized_sum": 0.0,
          "passes": true,
          "source_sum_fraction": 0.0,
          "strict": false,
          "table": 1,
          "target_class": "A"
        },
        {
          "column": 1,
          "contributor_count": 1,
          "contributors": [
            "Xe135"
          ],
          "normalized_sum": 1.0,
          "passes": true,
          "source_sum_fraction": 1.0,
          "strict": false,
          "table": 2,
          "target_class": "A"
        },
        {
          "column": null,
          "contributor_count": 0,
          "contributors": [],
          "normalized_sum": 0.0,
          "passes": true,
          "source_sum_fraction": 0.0,
          "strict": false,
          "table": 1,
          "target_class": "B"
        },
        {
          "column": 2,
          "contributor_count": 0,
          "contributors": [],
          "normalized_sum": 0.0,
          "passes": true,
          "source_sum_fraction": 0.0,
          "strict": false,
          "table": 2,
          "target_class": "B"
        },
        {
          "column": null,
          "contributor_count": 0,
          "contributors": [],
          "normalized_sum": 0.0,
          "passes": true,
          "source_sum_fraction": 0.0,
          "strict": false,
          "table": 1,
          "target_class": "C"
        },
        {
          "column": 3,
          "contributor_count": 0,
          "contributors": [],
          "normalized_sum": 0.0,
          "passes": true,
          "source_sum_fraction": 0.0,
          "strict": false,
          "table": 2,
          "target_class": "C"
        }
      ],
      "expected_row_fractions": {
        "T2:half_life_lt5y:col1": 1.0
      },
      "pass": true
    },
    "t2-mixture-col1-above": {
      "calculated_only_class": "B",
      "class": "B",
      "coverage": "complete",
      "errors": [],
      "expected_class": "B",
      "expected_constraints": [
        {
          "column": null,
          "contributor_count": 0,
          "contributors": [],
          "normalized_sum": 0.0,
          "passes": true,
          "source_sum_fraction": 0.0,
          "strict": false,
          "table": 1,
          "target_class": "A"
        },
        {
          "column": 1,
          "contributor_count": 2,
          "contributors": [
            "Cs137",
            "Sr90"
          ],
          "normalized_sum": 1.0000000001,
          "passes": false,
          "source_sum_fraction": 1.0000000001,
          "strict": true,
          "table": 2,
          "target_class": "A"
        },
        {
          "column": null,
          "contributor_count": 0,
          "contributors": [],
          "normalized_sum": 0.0,
          "passes": true,
          "source_sum_fraction": 0.0,
          "strict": false,
          "table": 1,
          "target_class": "B"
        },
        {
          "column": 2,
          "contributor_count": 2,
          "contributors": [
            "Cs137",
            "Sr90"
          ],
          "normalized_sum": 0.017112121213832425,
          "passes": true,
          "source_sum_fraction": 0.017112121213832425,
          "strict": true,
          "table": 2,
          "target_class": "B"
        },
        {
          "column": null,
          "contributor_count": 0,
          "contributors": [],
          "normalized_sum": 0.0,
          "passes": true,
          "source_sum_fraction": 0.0,
          "strict": false,
          "table": 1,
          "target_class": "C"
        },
        {
          "column": 3,
          "contributor_count": 2,
          "contributors": [
            "Cs137",
            "Sr90"
          ],
          "normalized_sum": 0.0001644720497058882,
          "passes": true,
          "source_sum_fraction": 0.0001644720497058882,
          "strict": true,
          "table": 2,
          "target_class": "C"
        }
      ],
      "expected_row_fractions": {
        "T2:Cs-137:col1": 0.750000000075,
        "T2:Cs-137:col2": 0.01704545454715909,
        "T2:Cs-137:col3": 0.00016304347827717392,
        "T2:Sr-90:col1": 0.250000000025,
        "T2:Sr-90:col2": 6.666666667333333e-05,
        "T2:Sr-90:col3": 1.4285714287142858e-06
      },
      "pass": true
    },
    "t2-mixture-col1-below": {
      "calculated_only_class": "A",
      "class": "A",
      "coverage": "complete",
      "errors": [],
      "expected_class": "A",
      "expected_constraints": [
        {
          "column": null,
          "contributor_count": 0,
          "contributors": [],
          "normalized_sum": 0.0,
          "passes": true,
          "source_sum_fraction": 0.0,
          "strict": false,
          "table": 1,
          "target_class": "A"
        },
        {
          "column": 1,
          "contributor_count": 2,
          "contributors": [
            "Cs137",
            "Sr90"
          ],
          "normalized_sum": 0.9999999999,
          "passes": true,
          "source_sum_fraction": 0.9999999999,
          "strict": true,
          "table": 2,
          "target_class": "A"
        },
        {
          "column": null,
          "contributor_count": 0,
          "contributors": [],
          "normalized_sum": 0.0,
          "passes": true,
          "source_sum_fraction": 0.0,
          "strict": false,
          "table": 1,
          "target_class": "B"
        },
        {
          "column": 2,
          "contributor_count": 2,
          "contributors": [
            "Cs137",
            "Sr90"
          ],
          "normalized_sum": 0.017112121210410003,
          "passes": true,
          "source_sum_fraction": 0.017112121210410003,
          "strict": true,
          "table": 2,
          "target_class": "B"
        },
        {
          "column": null,
          "contributor_count": 0,
          "contributors": [],
          "normalized_sum": 0.0,
          "passes": true,
          "source_sum_fraction": 0.0,
          "strict": false,
          "table": 1,
          "target_class": "C"
        },
        {
          "column": 3,
          "contributor_count": 2,
          "contributors": [
            "Cs137",
            "Sr90"
          ],
          "normalized_sum": 0.00016447204967299378,
          "passes": true,
          "source_sum_fraction": 0.00016447204967299378,
          "strict": true,
          "table": 2,
          "target_class": "C"
        }
      ],
      "expected_row_fractions": {
        "T2:Cs-137:col1": 0.749999999925,
        "T2:Cs-137:col2": 0.01704545454375,
        "T2:Cs-137:col3": 0.0001630434782445652,
        "T2:Sr-90:col1": 0.249999999975,
        "T2:Sr-90:col2": 6.666666666e-05,
        "T2:Sr-90:col3": 1.4285714284285714e-06
      },
      "pass": true
    },
    "t2-mixture-col1-equal": {
      "calculated_only_class": "B",
      "class": "B",
      "coverage": "complete",
      "errors": [],
      "expected_class": "B",
      "expected_constraints": [
        {
          "column": null,
          "contributor_count": 0,
          "contributors": [],
          "normalized_sum": 0.0,
          "passes": true,
          "source_sum_fraction": 0.0,
          "strict": false,
          "table": 1,
          "target_class": "A"
        },
        {
          "column": 1,
          "contributor_count": 2,
          "contributors": [
            "Cs137",
            "Sr90"
          ],
          "normalized_sum": 1.0,
          "passes": false,
          "source_sum_fraction": 1.0,
          "strict": true,
          "table": 2,
          "target_class": "A"
        },
        {
          "column": null,
          "contributor_count": 0,
          "contributors": [],
          "normalized_sum": 0.0,
          "passes": true,
          "source_sum_fraction": 0.0,
          "strict": false,
          "table": 1,
          "target_class": "B"
        },
        {
          "column": 2,
          "contributor_count": 2,
          "contributors": [
            "Cs137",
            "Sr90"
          ],
          "normalized_sum": 0.01711212121212121,
          "passes": true,
          "source_sum_fraction": 0.01711212121212121,
          "strict": true,
          "table": 2,
          "target_class": "B"
        },
        {
          "column": null,
          "contributor_count": 0,
          "contributors": [],
          "normalized_sum": 0.0,
          "passes": true,
          "source_sum_fraction": 0.0,
          "strict": false,
          "table": 1,
          "target_class": "C"
        },
        {
          "column": 3,
          "contributor_count": 2,
          "contributors": [
            "Cs137",
            "Sr90"
          ],
          "normalized_sum": 0.00016447204968944102,
          "passes": true,
          "source_sum_fraction": 0.00016447204968944102,
          "strict": true,
          "table": 2,
          "target_class": "C"
        }
      ],
      "expected_row_fractions": {
        "T2:Cs-137:col1": 0.75,
        "T2:Cs-137:col2": 0.017045454545454544,
        "T2:Cs-137:col3": 0.00016304347826086958,
        "T2:Sr-90:col1": 0.25,
        "T2:Sr-90:col2": 6.666666666666667e-05,
        "T2:Sr-90:col3": 1.4285714285714286e-06
      },
      "pass": true
    },
    "t2-mixture-col2-above": {
      "calculated_only_class": "C",
      "class": "C",
      "coverage": "complete",
      "errors": [],
      "expected_class": "C",
      "expected_constraints": [
        {
          "column": null,
          "contributor_count": 0,
          "contributors": [],
          "normalized_sum": 0.0,
          "passes": true,
          "source_sum_fraction": 0.0,
          "strict": false,
          "table": 1,
          "target_class": "A"
        },
        {
          "column": 1,
          "contributor_count": 2,
          "contributors": [
            "Cs137",
            "Sr90"
          ],
          "normalized_sum": 970.50000009705,
          "passes": false,
          "source_sum_fraction": 970.50000009705,
          "strict": true,
          "table": 2,
          "target_class": "A"
        },
        {
          "column": null,
          "contributor_count": 0,
          "contributors": [],
          "normalized_sum": 0.0,
          "passes": true,
          "source_sum_fraction": 0.0,
          "strict": false,
          "table": 1,
          "target_class": "B"
        },
        {
          "column": 2,
          "contributor_count": 2,
          "contributors": [
            "Cs137",
            "Sr90"
          ],
          "normalized_sum": 1.0000000001,
          "passes": false,
          "source_sum_fraction": 1.0000000001,
          "strict": true,
          "table": 2,
          "target_class": "B"
        },
        {
          "column": null,
          "contributor_count": 0,
          "contributors": [],
          "normalized_sum": 0.0,
          "passes": true,
          "source_sum_fraction": 0.0,
          "strict": false,
          "table": 1,
          "target_class": "C"
        },
        {
          "column": 3,
          "contributor_count": 2,
          "contributors": [
            "Cs137",
            "Sr90"
          ],
          "normalized_sum": 0.012531055901874224,
          "passes": true,
          "source_sum_fraction": 0.012531055901874224,
          "strict": true,
          "table": 2,
          "target_class": "C"
        }
      ],
      "expected_row_fractions": {
        "T2:Cs-137:col1": 33.0000000033,
        "T2:Cs-137:col2": 0.7500000000750001,
        "T2:Cs-137:col3": 0.007173913044195653,
        "T2:Sr-90:col1": 937.50000009375,
        "T2:Sr-90:col2": 0.250000000025,
        "T2:Sr-90:col3": 0.005357142857678572
      },
      "pass": true
    },
    "t2-mixture-col2-below": {
      "calculated_only_class": "B",
      "class": "B",
      "coverage": "complete",
      "errors": [],
      "expected_class": "B",
      "expected_constraints": [
        {
          "column": null,
          "contributor_count": 0,
          "contributors": [],
          "normalized_sum": 0.0,
          "passes": true,
          "source_sum_fraction": 0.0,
          "strict": false,
          "table": 1,
          "target_class": "A"
        },
        {
          "column": 1,
          "contributor_count": 2,
          "contributors": [
            "Cs137",
            "Sr90"
          ],
          "normalized_sum": 970.49999990295,
          "passes": false,
          "source_sum_fraction": 970.49999990295,
          "strict": true,
          "table": 2,
          "target_class": "A"
        },
        {
          "column": null,
          "contributor_count": 0,
          "contributors": [],
          "normalized_sum": 0.0,
          "passes": true,
          "source_sum_fraction": 0.0,
          "strict": false,
          "table": 1,
          "target_class": "B"
        },
        {
          "column": 2,
          "contributor_count": 2,
          "contributors": [
            "Cs137",
            "Sr90"
          ],
          "normalized_sum": 0.9999999998999999,
          "passes": true,
          "source_sum_fraction": 0.9999999998999999,
          "strict": true,
          "table": 2,
          "target_class": "B"
        },
        {
          "column": null,
          "contributor_count": 0,
          "contributors": [],
          "normalized_sum": 0.0,
          "passes": true,
          "source_sum_fraction": 0.0,
          "strict": false,
          "table": 1,
          "target_class": "C"
        },
        {
          "column": 3,
          "contributor_count": 2,
          "contributors": [
            "Cs137",
            "Sr90"
          ],
          "normalized_sum": 0.012531055899368012,
          "passes": true,
          "source_sum_fraction": 0.012531055899368012,
          "strict": true,
          "table": 2,
          "target_class": "C"
        }
      ],
      "expected_row_fractions": {
        "T2:Cs-137:col1": 32.9999999967,
        "T2:Cs-137:col2": 0.7499999999249999,
        "T2:Cs-137:col3": 0.007173913042760869,
        "T2:Sr-90:col1": 937.49999990625,
        "T2:Sr-90:col2": 0.249999999975,
        "T2:Sr-90:col3": 0.0053571428566071425
      },
      "pass": true
    },
    "t2-mixture-col2-equal": {
      "calculated_only_class": "C",
      "class": "C",
      "coverage": "complete",
      "errors": [],
      "expected_class": "C",
      "expected_constraints": [
        {
          "column": null,
          "contributor_count": 0,
          "contributors": [],
          "normalized_sum": 0.0,
          "passes": true,
          "source_sum_fraction": 0.0,
          "strict": false,
          "table": 1,
          "target_class": "A"
        },
        {
          "column": 1,
          "contributor_count": 2,
          "contributors": [
            "Cs137",
            "Sr90"
          ],
          "normalized_sum": 970.5,
          "passes": false,
          "source_sum_fraction": 970.5,
          "strict": true,
          "table": 2,
          "target_class": "A"
        },
        {
          "column": null,
          "contributor_count": 0,
          "contributors": [],
          "normalized_sum": 0.0,
          "passes": true,
          "source_sum_fraction": 0.0,
          "strict": false,
          "table": 1,
          "target_class": "B"
        },
        {
          "column": 2,
          "contributor_count": 2,
          "contributors": [
            "Cs137",
            "Sr90"
          ],
          "normalized_sum": 1.0,
          "passes": false,
          "source_sum_fraction": 1.0,
          "strict": true,
          "table": 2,
          "target_class": "B"
        },
        {
          "column": null,
          "contributor_count": 0,
          "contributors": [],
          "normalized_sum": 0.0,
          "passes": true,
          "source_sum_fraction": 0.0,
          "strict": false,
          "table": 1,
          "target_class": "C"
        },
        {
          "column": 3,
          "contributor_count": 2,
          "contributors": [
            "Cs137",
            "Sr90"
          ],
          "normalized_sum": 0.012531055900621119,
          "passes": true,
          "source_sum_fraction": 0.012531055900621119,
          "strict": true,
          "table": 2,
          "target_class": "C"
        }
      ],
      "expected_row_fractions": {
        "T2:Cs-137:col1": 33.0,
        "T2:Cs-137:col2": 0.75,
        "T2:Cs-137:col3": 0.007173913043478261,
        "T2:Sr-90:col1": 937.5,
        "T2:Sr-90:col2": 0.25,
        "T2:Sr-90:col3": 0.005357142857142857
      },
      "pass": true
    },
    "t2-mixture-col3-above": {
      "calculated_only_class": "above_class_c",
      "class": "above_class_c",
      "coverage": "complete",
      "errors": [],
      "expected_class": "above_class_c",
      "expected_constraints": [
        {
          "column": null,
          "contributor_count": 0,
          "contributors": [],
          "normalized_sum": 0.0,
          "passes": true,
          "source_sum_fraction": 0.0,
          "strict": false,
          "table": 1,
          "target_class": "A"
        },
        {
          "column": 1,
          "contributor_count": 2,
          "contributors": [
            "Cs137",
            "Sr90"
          ],
          "normalized_sum": 47200.00000472,
          "passes": false,
          "source_sum_fraction": 47200.00000472,
          "strict": true,
          "table": 2,
          "target_class": "A"
        },
        {
          "column": null,
          "contributor_count": 0,
          "contributors": [],
          "normalized_sum": 0.0,
          "passes": true,
          "source_sum_fraction": 0.0,
          "strict": false,
          "table": 1,
          "target_class": "B"
        },
        {
          "column": 2,
          "contributor_count": 2,
          "contributors": [
            "Cs137",
            "Sr90"
          ],
          "normalized_sum": 90.07575758476514,
          "passes": false,
          "source_sum_fraction": 90.07575758476514,
          "strict": true,
          "table": 2,
          "target_class": "B"
        },
        {
          "column": null,
          "contributor_count": 0,
          "contributors": [],
          "normalized_sum": 0.0,
          "passes": true,
          "source_sum_fraction": 0.0,
          "strict": false,
          "table": 1,
          "target_class": "C"
        },
        {
          "column": 3,
          "contributor_count": 2,
          "contributors": [
            "Cs137",
            "Sr90"
          ],
          "normalized_sum": 1.0000000001,
          "passes": false,
          "source_sum_fraction": 1.0000000001,
          "strict": true,
          "table": 2,
          "target_class": "C"
        }
      ],
      "expected_row_fractions": {
        "T2:Cs-137:col1": 3450.000000345,
        "T2:Cs-137:col2": 78.40909091693182,
        "T2:Cs-137:col3": 0.750000000075,
        "T2:Sr-90:col1": 43750.000004375004,
        "T2:Sr-90:col2": 11.666666667833333,
        "T2:Sr-90:col3": 0.250000000025
      },
      "pass": true
    },
    "t2-mixture-col3-below": {
      "calculated_only_class": "C",
      "class": "C",
      "coverage": "complete",
      "errors": [],
      "expected_class": "C",
      "expected_constraints": [
        {
          "column": null,
          "contributor_count": 0,
          "contributors": [],
          "normalized_sum": 0.0,
          "passes": true,
          "source_sum_fraction": 0.0,
          "strict": false,
          "table": 1,
          "target_class": "A"
        },
        {
          "column": 1,
          "contributor_count": 2,
          "contributors": [
            "Cs137",
            "Sr90"
          ],
          "normalized_sum": 47199.99999528,
          "passes": false,
          "source_sum_fraction": 47199.99999528,
          "strict": true,
          "table": 2,
          "target_class": "A"
        },
        {
          "column": null,
          "contributor_count": 0,
          "contributors": [],
          "normalized_sum": 0.0,
          "passes": true,
          "source_sum_fraction": 0.0,
          "strict": false,
          "table": 1,
          "target_class": "B"
        },
        {
          "column": 2,
          "contributor_count": 2,
          "contributors": [
            "Cs137",
            "Sr90"
          ],
          "normalized_sum": 90.07575756675,
          "passes": false,
          "source_sum_fraction": 90.07575756675,
          "strict": true,
          "table": 2,
          "target_class": "B"
        },
        {
          "column": null,
          "contributor_count": 0,
          "contributors": [],
          "normalized_sum": 0.0,
          "passes": true,
          "source_sum_fraction": 0.0,
          "strict": false,
          "table": 1,
          "target_class": "C"
        },
        {
          "column": 3,
          "contributor_count": 2,
          "contributors": [
            "Cs137",
            "Sr90"
          ],
          "normalized_sum": 0.9999999999,
          "passes": true,
          "source_sum_fraction": 0.9999999999,
          "strict": true,
          "table": 2,
          "target_class": "C"
        }
      ],
      "expected_row_fractions": {
        "T2:Cs-137:col1": 3449.999999655,
        "T2:Cs-137:col2": 78.40909090125,
        "T2:Cs-137:col3": 0.749999999925,
        "T2:Sr-90:col1": 43749.999995624996,
        "T2:Sr-90:col2": 11.6666666655,
        "T2:Sr-90:col3": 0.249999999975
      },
      "pass": true
    },
    "t2-mixture-col3-equal": {
      "calculated_only_class": "above_class_c",
      "class": "above_class_c",
      "coverage": "complete",
      "errors": [],
      "expected_class": "above_class_c",
      "expected_constraints": [
        {
          "column": null,
          "contributor_count": 0,
          "contributors": [],
          "normalized_sum": 0.0,
          "passes": true,
          "source_sum_fraction": 0.0,
          "strict": false,
          "table": 1,
          "target_class": "A"
        },
        {
          "column": 1,
          "contributor_count": 2,
          "contributors": [
            "Cs137",
            "Sr90"
          ],
          "normalized_sum": 47200.0,
          "passes": false,
          "source_sum_fraction": 47200.0,
          "strict": true,
          "table": 2,
          "target_class": "A"
        },
        {
          "column": null,
          "contributor_count": 0,
          "contributors": [],
          "normalized_sum": 0.0,
          "passes": true,
          "source_sum_fraction": 0.0,
          "strict": false,
          "table": 1,
          "target_class": "B"
        },
        {
          "column": 2,
          "contributor_count": 2,
          "contributors": [
            "Cs137",
            "Sr90"
          ],
          "normalized_sum": 90.07575757575758,
          "passes": false,
          "source_sum_fraction": 90.07575757575758,
          "strict": true,
          "table": 2,
          "target_class": "B"
        },
        {
          "column": null,
          "contributor_count": 0,
          "contributors": [],
          "normalized_sum": 0.0,
          "passes": true,
          "source_sum_fraction": 0.0,
          "strict": false,
          "table": 1,
          "target_class": "C"
        },
        {
          "column": 3,
          "contributor_count": 2,
          "contributors": [
            "Cs137",
            "Sr90"
          ],
          "normalized_sum": 1.0,
          "passes": false,
          "source_sum_fraction": 1.0,
          "strict": true,
          "table": 2,
          "target_class": "C"
        }
      ],
      "expected_row_fractions": {
        "T2:Cs-137:col1": 3450.0,
        "T2:Cs-137:col2": 78.4090909090909,
        "T2:Cs-137:col3": 0.75,
        "T2:Sr-90:col1": 43750.0,
        "T2:Sr-90:col2": 11.666666666666666,
        "T2:Sr-90:col3": 0.25
      },
      "pass": true
    },
    "unknown-short-lived-metadata": {
      "calculated_only_class": "unknown",
      "class": "unknown",
      "coverage": "incomplete",
      "errors": [],
      "expected_class": "unknown",
      "expected_constraints": [
        {
          "column": null,
          "contributor_count": 0,
          "contributors": [],
          "normalized_sum": 0.0,
          "passes": true,
          "source_sum_fraction": 0.0,
          "strict": false,
          "table": 1,
          "target_class": "A"
        },
        {
          "column": 1,
          "contributor_count": 0,
          "contributors": [],
          "normalized_sum": 0.0,
          "passes": true,
          "source_sum_fraction": 0.0,
          "strict": false,
          "table": 2,
          "target_class": "A"
        },
        {
          "column": null,
          "contributor_count": 0,
          "contributors": [],
          "normalized_sum": 0.0,
          "passes": true,
          "source_sum_fraction": 0.0,
          "strict": false,
          "table": 1,
          "target_class": "B"
        },
        {
          "column": 2,
          "contributor_count": 0,
          "contributors": [],
          "normalized_sum": 0.0,
          "passes": true,
          "source_sum_fraction": 0.0,
          "strict": false,
          "table": 2,
          "target_class": "B"
        },
        {
          "column": null,
          "contributor_count": 0,
          "contributors": [],
          "normalized_sum": 0.0,
          "passes": true,
          "source_sum_fraction": 0.0,
          "strict": false,
          "table": 1,
          "target_class": "C"
        },
        {
          "column": 3,
          "contributor_count": 0,
          "contributors": [],
          "normalized_sum": 0.0,
          "passes": true,
          "source_sum_fraction": 0.0,
          "strict": false,
          "table": 2,
          "target_class": "C"
        }
      ],
      "expected_row_fractions": {},
      "pass": true
    }
  }
}
{
  "above_class_c_perturbation": {
    "checked": true,
    "classes": [
      "above_class_c",
      "above_class_c"
    ],
    "composition_wt_pct": 2.1117933104799533
  },
  "algebra": {
    "composition_bound": {
      "b": 0.0,
      "cap": 2.0,
      "expected_status": "composition_bound",
      "expected_upper": 2.0,
      "g": -0.1
    },
    "matrix_infeasible": {
      "b": 1.1,
      "expected_feasible": false,
      "expected_status": "infeasible",
      "g": 0.0
    },
    "negative_slope": {
      "b": 2.0,
      "cap": 3.0,
      "expected_lower": 1.0,
      "expected_status": "limit",
      "expected_upper": 3.0,
      "g": -1.0
    },
    "no_response": {
      "b": 0.25,
      "cap": 2.0,
      "expected_no_response": true,
      "expected_status": "no_response",
      "expected_upper": 2.0,
      "g": 0.0
    },
    "rust_regressions": [
      "negative_gradient_creates_a_lower_composition_bound",
      "infeasible_constant_and_strict_boundary_are_rejected",
      "constant_threshold_with_positive_composition_strictness_is_a_closed_zero_singleton",
      "no_response_and_positive_balance_cap_keep_distinct_statuses"
    ],
    "zero_slope_contributor_change": {
      "b": 1.0,
      "contributors_at_zero": 1,
      "contributors_for_positive_x": 2,
      "expected_interval": [
        0.0,
        0.0
      ],
      "expected_upper_open": false,
      "g": 0.0,
      "rust_regression": "constant_threshold_with_positive_composition_strictness_is_a_closed_zero_singleton"
    }
  },
  "analytic_nb94": {
    "passed": true,
    "step1_Bq_per_g": 44929.246427871636,
    "step1_actual_Bq_per_g": 44929.246427870414,
    "step2_Bq_per_g": 44928.93500314609,
    "step2_actual_Bq_per_g": 44928.93500314489
  },
  "deterministic": true,
  "failures": [],
  "fixture": "target/p105-g2-controls",
  "g3_waste_identity": {
    "checked": true,
    "class_by_target": [
      "A",
      "A"
    ],
    "repeat_byte_identical": true,
    "target_times_s": [
      1000000.0,
      2000000.0
    ]
  },
  "joint_margin": {
    "binding_constraint": {
      "column": null,
      "contributor_count": 1,
      "nuclides": [
        "Nb94"
      ],
      "step": 1,
      "strict": false,
      "table": 1
    },
    "lower_scale_factor": 0.0,
    "status": "limit",
    "supremum_attained": true,
    "upper_supremum_scale_factor": 211.1582152264727,
    "verified_value": 211.1581096473651
  },
  "mutation_controls": {
    "binding_contributors_rejected": true,
    "inventory_rejected": true,
    "limit_rejected": true,
    "row_limit_rejected": true,
    "sum_rejected": true
  },
  "pass": true,
  "refusal_controls": {
    "nonlinear": true,
    "required_h3": true,
    "unknown_metadata": true
  },
  "required_rust_regressions": [
    "negative_gradient_creates_a_lower_composition_bound",
    "infeasible_constant_and_strict_boundary_are_rejected",
    "constant_threshold_with_positive_composition_strictness_is_a_closed_zero_singleton",
    "no_response_and_positive_balance_cap_keep_distinct_statuses"
  ],
  "rust_regressions_executed_by_control": false,
  "schema": "actinv-p105-g2-budget-control-1",
  "usable_interval_count": 2,
  "usable_intervals": [
    {
      "binding_constraint": {
        "column": null,
        "contributor_count": 1,
        "nuclides": [
          "Nb94"
        ],
        "step": 1,
        "strict": false,
        "table": 1
      },
      "limit": "Nb.sole.",
      "lower_wt_pct": 0.0,
      "supremum_attained": true,
      "upper_supremum_wt_pct": 2.111582152264727,
      "verified_value_wt_pct": 2.1115810964736506
    },
    {
      "binding_constraint": {
        "column": null,
        "contributor_count": 1,
        "nuclides": [
          "Nb94"
        ],
        "step": 1,
        "strict": false,
        "table": 1
      },
      "limit": "Nb.others_at_spec.",
      "lower_wt_pct": 0.0,
      "supremum_attained": true,
      "upper_supremum_wt_pct": 2.111582152264727,
      "verified_value_wt_pct": 2.1115810964736506
    }
  ],
  "verified_point_count": 4,
  "verified_target_count": 8
}
P105-PASS evidence matches
