..................
----------------------------------------------------------------------
Ran 18 tests in 0.223s

OK
........
----------------------------------------------------------------------
Ran 8 tests in 64.235s

OK
.........
----------------------------------------------------------------------
Ran 9 tests in 0.014s

OK
............
----------------------------------------------------------------------
Ran 12 tests in 0.161s

OK
....
----------------------------------------------------------------------
Ran 4 tests in 3.797s

OK
{
  "case_targets": [
    4,
    4,
    4,
    4,
    4,
    4,
    4,
    4,
    4,
    4,
    4,
    4,
    4,
    4,
    4,
    4,
    4,
    4,
    2,
    4,
    4,
    4,
    4,
    4,
    4,
    4,
    4,
    4,
    4,
    4,
    4,
    4,
    4,
    4,
    4
  ],
  "component_target_count": 138,
  "control_sha256": {
    "controls/check_p105.py": "fad7a5e78f3f4b29941a3f4c340f875f5a31095ba429fa6c7857a47084810ef1",
    "controls/check_p105_verdict.py": "5b43632249829187eefd8a28f0530c966b32ab59f15fd67109f4a74620bbaa16",
    "controls/check_p107_history.py": "5817de21292b00e911fb53b6802ce0c271efc56c48aac87b8aeed4d65f7339d4",
    "controls/check_p111_history.py": "7ac84f74c56a250503428926b0acdafb0221742deea317493f56d55217b49da8",
    "controls/check_p112.py": "285a7600a00b05187a0f4e9fa8521e97edf9addee8745ab6f2237961b966d33a",
    "controls/check_p112_verdict.py": "d0f6503918940b5dd12e7c431cdcfbc1ddbc69ad6810bacea2b6bafdb27299d3",
    "controls/check_p113.py": "6318c6adc1ca9a26dcc35a2b14c1db466410865180fcbe6862a8f81c0297e8f7",
    "controls/check_p113_history.py": "53f0c8017d8bbcd0aab4dabfc3e5217921fdfaf667cf6124108002fcd7bf7f1f",
    "controls/check_p113_verdict.py": "6d92fc34722cb5e38d4a882032cc7d39f2a810c52135ba8ffb3f9b7dd65e5bd7",
    "controls/check_p114.py": "4023b41769d33c2a98b2b0d5d5f28e518fba4a811988dc8e6d5c9266934afdf5",
    "controls/check_p114_history.py": "cdd28c50a996dad95e5e054f2d67220543b46170e35d4246c216a4d30a7f18de",
    "controls/check_p114_verdict.py": "728e1dc3ba1b2df023083536b902b409f5595770b2afe8bc75d008f95cce8350",
    "controls/check_p115.py": "9bdcceaf12a28f89fbea67f65c28cbd5a22c87fccac46534379aecf9610b0c64",
    "controls/check_p115_history.py": "1a55476f5b8794fc1e1875307a82e101b257398ff46ccf6b527f1b7b8af7cec1",
    "controls/check_p115_verdict.py": "e947dc9052e637d6b8cfa4760b4b053ce629667993f5434ab515041983ad7a9c",
    "controls/check_p116.py": "fc8d10fc2180a2156f50fde62f1ed35ebf0f48dcf15e6e760d02d721a0e0b47b",
    "controls/check_p116_verdict.py": "44ab5476899ac5c2004c4d4caf76d108e7870808cce216f3967f0ea4b5ec59a2",
    "controls/fixtures/p103/61.55_2025.xml": "7c08a6cb64d21e082ecf62a94fc3ef0be42c64fb68443658eff393ddc0bc0864",
    "controls/fixtures/p103/classification_vectors.json": "bfefb655b2df52da7ccb7a93cfd7c22bdc18762917e900e828ebd97d58b2bb42",
    "controls/fixtures/p113/cases.json": "e6bcebc856c7faaa571455a45c81da49e988a34bfd1f7149bc67656d93d5f956",
    "controls/p103_vector_fixture.py": "89c05549d8a9b71c256e3688f64b56cb62f24b2e59b7d5ab4a7e79ff6adbd284",
    "controls/p105_budget_control.py": "b9b69dc424a37d45b41b165276884c3d032d32ea968e3fd0f4c85add653c41bb",
    "controls/p111_intrusion_control.py": "a8152cf68719b6384610f2f8b08f2a3a46b901b8f3af7f9b3db8c61414e7c153",
    "controls/p113_legacy_control.py": "34e9ad3f614794902ec833de8514202690914a0ca369d995db2b6b167e367b2a",
    "controls/p113_twin_control.py": "6572000eb079985fd14354101f71d6062fc881ac666dd076b502b700b937c976",
    "controls/p116_repair_control.py": "59c13e9e8222b2272423b449adf185b2912fe4389af2befbaca1656d8e35d5c4",
    "controls/test_p113_history.py": "3b65fb727f1815e894bf8397495be2f15d56db66ad5800ba5e7f83db7a081e5f",
    "controls/test_p113_oracle.py": "a743c4832b08356e11df4f1151c7298416d94ac041aa2a9f17123a6ed942dc9d",
    "controls/test_p113_seal.py": "d1702033887b8599d3b5a469393f1e168df8f93785737b874b30b1d8b2968586",
    "controls/test_p113_verdict.py": "35eff843ac4d38e8bda13ffdf0ba2ced1c162b254ddab74680f0b9cece396d6e",
    "controls/test_p114_history.py": "47e7bce06faa290e6101ca8c2de487c259da23ec79dc01e8f48f519390fbd9d2",
    "controls/test_p114_oracle.py": "bb7d24c19626b037b84de773962d511a7db44e9bd9f9db07865d9f28b9aa27c7",
    "controls/test_p114_seal.py": "047920ffea9761b8eb473b0d0edf45e21fc1953bc3c15b231c5b52cbe07eb473",
    "controls/test_p114_verdict.py": "9e9a982790a748f385403ecbe2942f32fb3509f5c15231a35998ccd82ca8efae",
    "controls/test_p115_history.py": "54fc3e08ac12ee9f4ff067bbbef31f62b3252b42d0bbf79f61d47ff207ab29ee",
    "controls/test_p115_oracle.py": "075b26a7172dfba8fdad595e8f7fdabc1c1ed785d60be3d89c0c298384af3b98",
    "controls/test_p115_seal.py": "8dc63f89eb91922f10c576260723bb496f5ae68b6e813586db9d3396f0fb90a9",
    "controls/test_p115_verdict.py": "2836de878ae4d2cc79a43a9ba915102918907ad31b760c15caad76cf7ccea559",
    "controls/test_p116_oracle.py": "e23ce0c2cc26c28d603bc18f1bd85eba29216837c5646a1c18f13dd32f9b669d",
    "controls/test_p116_repair.py": "df510e8d44842dfe8b487efbbc7d22924a0eb6ae6f82ebf59522124f4631335d",
    "controls/test_p116_seal.py": "c70b6ca795e36abad180803aa66f8537790edb2dd1b8c274f3b6dc11ad550e1b",
    "controls/test_p116_verdict.py": "4726a4953ecf90cadc79ac8003374eaaba28f3d537cf7f11f934c9adf5a5cb04",
    "crates/actinv-core/data/waste_us_nrc_61_55_v1.json": "890268af81a53815b8e11c238e4a1694eabb79664a1ca087fd7fe22b9fabe5d7",
    "data/waste_us_nrc_61_55_v1.json": "890268af81a53815b8e11c238e4a1694eabb79664a1ca087fd7fe22b9fabe5d7",
    "docs/maintainers/WASTE_RULE_SOURCE_REVIEW.md": "4d316aacee158dbcc36daf4bd191d84ee7c511d471555ec3084115dabaeefd64",
    "protocols/ACTINV-P113_AMENDMENT_A.md": "6a0191ccc3500ebaeb3165a2b630d0c857d18335ce8fe70dcf07d9d7445ac46c",
    "protocols/ACTINV-P113_PROTOCOL.md": "0495157f3e8308d6a28475b94363e24b932f462c10f901518fa1c809a68ebbfa",
    "protocols/ACTINV-P114_AMENDMENT_A.md": "b320e9fe34dfa34c5bae88a10b7486f2618b41ac124790f5ac984e4332ab5c9e",
    "protocols/ACTINV-P114_PROTOCOL.md": "01b5a99cf8855c57e1ecae12ab794d3d2fe2ce81930868043f0805289ec0bb8c",
    "protocols/ACTINV-P115_AMENDMENT_A.md": "d2c6543d4a420e50b8697538411a163542e16d4fcb3fd3d2ff61b75af86170b3",
    "protocols/ACTINV-P115_PROTOCOL.md": "266dd88898b2e64b77c517d18a221576bf9d1c6fda107ccdf62c45e0321f95ba",
    "protocols/ACTINV-P116_AMENDMENT_A.md": "3fa71d7c7537dbe9132f5de8d9f4a64d33126f065f4f41aef7496fab38be372c",
    "protocols/ACTINV-P116_PROTOCOL.md": "cf5841dafbd2470604b36d75fdafa2e2fc730e33abb26f6e44a4068e6388a8aa",
    "results/failures/p113_after_amendment/invocation.json": "c21f659d7c190aede161d7107ae6e0889e6442d69b3d802f7b12850eb42dcc71",
    "results/failures/p113_after_amendment/target/p113-workspace-tests-final-confirmed.scope.log": "b80894b20594fb39e9f074e1494e08880d96682595ec733912dac24df2190ac2",
    "results/failures/p113_initial_seal/discovery.json": "0f099f92637eea2e3346f02be0d588f9f6d96c95cdd41aae0d7050b1fbd36c4f",
    "results/failures/p114_initial/discovery.json": "ac3f2638af88dedb56472ecbeda835efbf8c339316ece680867471043de87c7a",
    "results/failures/p115_after_amendment/results/quality/p115/p115_verdict_regressions.json": "16d3ea00fc0504369e5cb875c918b4b7f3a4f924a909a1b27dc2f4274f223449",
    "results/failures/p115_after_amendment/target/p115-p115_verdict_regressions.log": "b5f4ed19ca056a563cda1b3fe5f11a542c9e6edc788d8524766c543aaa870c6c",
    "results/failures/p115_initial/discovery.json": "22f03d9115f7c2ef5b4c98d19d9fe1cce85e62c38747036f1e130e4c711632db",
    "results/failures/p115_initial/results/quality/p115/p115_verdict_regressions.json": "b7656176ff945c7e503b5747424b979438b47c8aceb388911263073f8f588e54",
    "results/failures/p115_initial/target/p115-p115_verdict_regressions.log": "51a89379d6fde40f857f9f5b499d79f571b220976ac667ffb420bbf7bcc4945c",
    "results/failures/p116_initial/discovery.json": "15f73cb664ff13a4ca75d7edcf098d2ee2ce557ff00f9d95cb23c366b612e441",
    "results/g0_p103_seals.json": "31a87b130be75f290569d0bea083ec4e687e498a0627eeed25cf8c0209e38367",
    "results/g0_p105_successor.json": "53f478d4274515c4c4fb51661a7add371af719b241fc5e02acbe34a531d1ca6a",
    "results/g0_p112_intrusion_screen.json": "da06735bacade33eeb543e08300d09efcb5e995e9c9f8b80904cd5f8d9be1906",
    "results/g0_p113_twin_waste.json": "61d8c6faaf7eb93d8f3a4d9e369e8710eee45b93f946d405f54c216dd730a037",
    "results/g0b_p103_vectors.json": "a3a846da215940f66bb5f428a0aa4931b9a26250ea14a12d0bc5c5369cfd9293",
    "results/g1_p105_classes.json": "2010e03dd3bf6ad91eeba94c25fd1a02a6ba2cfc561f03912f860fa38f28dfab",
    "results/g1_p112_intrusion_screen.json": "1193312d504ef6e21c7be973d79b22c32b85ae619f9b6341b2269885013c61e6",
    "results/g2_p105_budget.json": "7413f9a3127a6b3d6c297232cff137e7c6a93cdd0fe6025226702588e7834d29",
    "results/g2_p112_intrusion_screen.json": "ff81ceacceac180039884c7c5d53525c4db107bb2cddcbf5d261d12d618538b4",
    "results/g3_p105_quality.json": "0ad41150b27c3e62acf2893d252bcd8986d989ba4cf90f4832bc4251252c88bc",
    "results/g3_p112_quality.json": "332445c7b022744dda5219bbbd8312440470db98f2b803ad6cbf5a8386ab865a",
    "results/g3_p113_quality.json": "529fb6b0f5c1542165300240a2d59cd2cd6ad9fa84c11d4f0748d48b72da2b01",
    "results/g3_p114_quality.json": "053cc816a07e97bb9831cdcf84f96a1d5d8f2f263219b87d5a10f4fb99813fbb",
    "results/g3_p115_quality.json": "9f48cde1106ebc7174961aa594fbf57e5c772c3aeed3a06a133558a6946aa45d",
    "results/p105_ci_runs.json": "9cc923e1075561253e27ea6b5c45d0dc2930f659283491d6ce34e536c10507c4",
    "results/p105_verdict.json": "0e2c770096662aaef1a9f4fd4a78d9aa8c71c775e86f1e27924708c84b361b41",
    "results/p107_verdict.json": "5e5bae7ebf1f5c244a84f6e03ffe19c3e148f3678d939bc12a09f26053aea3aa",
    "results/p108_verdict.json": "231071d8f4009294a2eec3ca1029054ec9542d9d1cdc29b12c282fd8d19041ef",
    "results/p109_verdict.json": "b6d370e3e560d0d7f780b0a7bb6344413fee87eb69eab865ac9e5ac58b449398",
    "results/p110_verdict.json": "1a2f7254e22333778c456139f19b231b76c7f2c3232115c1a104b61b2d43503d",
    "results/p111_verdict.json": "35c3b5eb4ef12fcad7e78f90a9103b476cdb51b29cb7974b7ec0a3ddae25579c",
    "results/p112_ci_runs.json": "20fe05c616515ec635fcab34134acae0bf902db45134af92b8a9cbc0c3d9fe7d",
    "results/p112_implementation_commit.json": "6c7ac49555c8ed383005175fa651413dd262a388e1e28d34813bf2277c84e117",
    "results/p112_verdict.json": "b94cdab3a9776d51df74b793b889f80198e8e5f6d9c0af04d7fba671d248e91e",
    "results/p113_failure_commit.json": "6abcea6e882eae37e0e9e051071dd1332e5f2448c795173987f0eb0c99387fcb",
    "results/p113_verdict.json": "ae000348b4e6c58eb217d1ce9c5e9946fcf7b440562835855f724f6a1650e461",
    "results/p114_failure_commit.json": "5776579180004babd35543dc7b17138226283d3277f9caba21da8486c9256d0e",
    "results/p114_verdict.json": "3d9208cae1ac6522e4b2c3d8c21440ecb4bc481f02faa46fb88f4068151bd382",
    "results/p115_failure_commit.json": "90b73dcd45c82e56a6eb44dff3a2222fa91c0a23bcf94f8a76550072de274b98",
    "results/p115_verdict.json": "4e09b66d5b1c74cafecdc278d9d5ce786292007a7dea0ab6e8c8588f7255faac",
    "scripts/run_p115_gate.py": "5d584b8314628cd7f3bd188bc427012a2ad6002889fe3a316fe65b742fa02a15",
    "scripts/run_p116_gate.py": "31098eb7182c06ecb2648553fc6703fcd8ea05d817d3beeaff6b2953be71cab0",
    "scripts/run_roadmap_gate.py": "e78a811fa44629c1fcdf2adcc7c8f80c74216dcc4dbfec58506396b6bc75421d",
    "scripts/test_run_p115_gate.py": "1b517b675328ef6c27049bbd1ece3fd8258782283a984165952c61a134b7f1f4",
    "scripts/test_run_p116_gate.py": "e9090787569cb63a4646dcc1350fc4a1494b73023f3a8300089ec10a39b61175",
    "scripts/test_run_roadmap_gate.py": "45d988ecf347e606053ddee8d49778e9ee8b53a9389602786220ba59bf291213"
  },
  "fixture_check": {
    "class_outcomes": [
      "A",
      "B",
      "C",
      "above_class_c",
      "unknown"
    ],
    "component_target_count": 138,
    "errors": [],
    "expected_fixture_sha256": "e6bcebc856c7faaa571455a45c81da49e988a34bfd1f7149bc67656d93d5f956",
    "fixture_sha256": "e6bcebc856c7faaa571455a45c81da49e988a34bfd1f7149bc67656d93d5f956",
    "pass": true,
    "request_component_target_counts": [
      4,
      4,
      4,
      4,
      4,
      4,
      4,
      4,
      4,
      4,
      4,
      4,
      4,
      4,
      4,
      4,
      4,
      4,
      2,
      4,
      4,
      4,
      4,
      4,
      4,
      4,
      4,
      4,
      4,
      4,
      4,
      4,
      4,
      4,
      4
    ],
    "request_count": 35,
    "request_ids": [
      "class_a",
      "class_b",
      "class_c",
      "above_class_c",
      "two_table_mixture",
      "short_group",
      "metal_c14",
      "metal_ni59",
      "metal_ni63",
      "metal_nb94",
      "mass_normalized_alpha",
      "alpha_group",
      "density_geometry",
      "volume_geometry",
      "external_h3_once",
      "required_h3",
      "missing_metadata",
      "empty_inventory",
      "unassigned_cell",
      "boundary_below",
      "boundary_equal",
      "boundary_above",
      "mixture_boundary_below",
      "mixture_boundary_equal",
      "mixture_boundary_above",
      "assay_baseline",
      "scalar_assay",
      "mixture_assay",
      "propagated_assay",
      "dose_assay",
      "repeat_deterministic",
      "uniform_split_reference",
      "unequal_cell_split_equivalent",
      "single_cell_unsplit_equivalent",
      "selected_step_reordering"
    ]
  },
  "fixture_population_matches": true,
  "historical_p105_verified": true,
  "historical_p112_verified": true,
  "historical_p113_verified": true,
  "historical_p114_verified": true,
  "historical_p115_verified": true,
  "inherited_protocol_registered": true,
  "inherited_protocol_sha256": "0495157f3e8308d6a28475b94363e24b932f462c10f901518fa1c809a68ebbfa",
  "inherited_rust_checkpoint": "6db45f75b96fbcdfd2bfda0f6a603c10fbf88672",
  "inherited_rust_current_sha256": {
    "crates/actinv-cli/src/assimilate.rs": "b0f78a7666b9752c35948029d02cd52cd03a8b9596566a425b5512f30bd72237",
    "crates/actinv-cli/src/bin/actinv.rs": "1b47334f832ba5a39dfb16cd01f108c1ddc7926c89506cdadd13c9d75b16b78e",
    "crates/actinv-cli/src/budget.rs": "fa7627d38648f8808006894309b3c3c1ad5e93c7ccef74604ff013eb8ba8455c",
    "crates/actinv-cli/src/command.rs": "6049aa941b749bd18f5dc4851304492f0db920ff5ded1e7de941b582f0df85d5",
    "crates/actinv-cli/src/decide.rs": "f94367b7bff4b23b0db198c08e8894b06e17b5fc1b43d01fe4a7a5cd78ce35e2",
    "crates/actinv-cli/src/evalspread.rs": "dd9d19b9f71194417bc089ecb995d73cc631970c02305340999beb5fec8db59c",
    "crates/actinv-cli/src/lib.rs": "192fe4ad229d242dc07d5bf6378f54fdec4d09c0a1ea04161320dba7199dbe71",
    "crates/actinv-cli/src/optimize.rs": "7d4f384ac0075b5246757fe30fe53c6efd023da3ba11f54c77d95a7037830c28",
    "crates/actinv-cli/src/surrogate.rs": "4f5170c98d54041561921d33223ad8568fa212b2d68ebf5b832f54288786740c",
    "crates/actinv-cli/src/twin.rs": "ce6088b610747b49bf7f56a037f4a003d1927bd6efc3dfe37b449cf66e880e61",
    "crates/actinv-cli/src/twin_waste.rs": "e125e4a03e44d4175d9c82a10cd143888aecdcdf97084a2f2a5c92bd73416d5b",
    "crates/actinv-cli/src/waste.rs": "18acc9564e52f5286f33a4b6edc33c0a00ee5ba903f0c3bcb031d92568ff8c15",
    "crates/actinv-cli/src/waste_bounds.rs": "86e3199305a8a8526bfd95dbdedb587de932118d9a71027884ebb215801315e4",
    "crates/actinv-cli/src/waste_budget.rs": "23a41809157ce20357d4a0b4cdf805f79ba83aed28e8ca437f3262da68c162da",
    "crates/actinv-cli/src/waste_composition.rs": "5f24307f0b6674dff0a692bfe74dd694c025e151e12c77640b6d102ed5e3cb30",
    "crates/actinv-cli/src/waste_composition_solve.rs": "bacb623a8229cc4f86b3c5fe3f76a89c3c5c99f1cc364cdbaa5e8f1a7eafc569",
    "crates/actinv-cli/src/waste_composition_verify.rs": "363ae16501e33ff002db3afe5d12e76f39168cf516472350e59779fe2442a1b0",
    "crates/actinv-cli/src/waste_intrusion.rs": "32fd0c623960581995bea73744fadd52c07f1f3d0e9b7d9cbe03a03edfe1688c",
    "crates/actinv-cli/src/worker.rs": "1e99fbd1109027fbb2587686c9fcbbee1c8805bfe45134888181f40e252f4d51",
    "crates/actinv-cli/src/workflow.rs": "d5b166fe18acf3332c110a405097642dc6037f517a9373c5631b576589135edd",
    "crates/actinv-cli/tests/data_command.rs": "d88714714fb240cca43c69b78652a0473b363f3a394c53500fb2e4dd047e9cf4",
    "crates/actinv-cli/tests/validation.rs": "4ce61a0b0447bf63bef9d89403c16e0bfaa281c68c96340aaac82b572f5b69ee",
    "crates/actinv-cli/tests/version.rs": "d821ad302a2fa82e0ce91e9aae194c42488d05b71b2453d40c8d683b3ad8c3a1",
    "crates/actinv-core/examples/p92_balance.rs": "129fcd87769fdd9cf208940ed4115e2a1b36f5a82e60ba1df2e219ab12f53917",
    "crates/actinv-core/src/bin/cache_probe.rs": "ade32188ff57bb40e9f763a59a2c33e3f7b447779a0fb3495b5257472609ae03",
    "crates/actinv-core/src/bin/cram_probe.rs": "27dbf073400a7ad3afb64f913fa809951eb800d0de3f8f11688606a1c2f64943",
    "crates/actinv-core/src/bin/fission_probe.rs": "ea3e12d69ed22100717638e89c8573e4a850f3ce7671c8aa34a0fe34d2d1f49c",
    "crates/actinv-core/src/bin/flux_probe.rs": "a55ee49f8d0544fc05fec3e6d1ec5363de814db041b298087aeeb983362899b3",
    "crates/actinv-core/src/bin/parser_fuzz_probe.rs": "520cbeebb16e0cd289992f32dc7e302b3abfb459f5a1faf88946f23e42c53146",
    "crates/actinv-core/src/bin/photon_probe.rs": "abc4a8dff5025eceb8a7bad5aead22763961e3208b8b693ad0e99bca2f9cc66c",
    "crates/actinv-core/src/bin/prepared_probe.rs": "b5df928a0dc4ade085d8d3c8d5a03cadb61c9aebd6f2befef1f6214228723582",
    "crates/actinv-core/src/bin/uncertainty_probe.rs": "a95e9328bfe93b23db3134930b2a0a8cedfcd0e076f6784bd5bc403151b93798",
    "crates/actinv-core/src/bin/unit_probe.rs": "81eba337cb1d0e7c2ae060de43b21b989936dd2106a17db5ef5af8d6526e1a0f",
    "crates/actinv-core/src/chain.rs": "6c6a77f00e8c3a832e5c4b4c006cf78b3f1402c1530621b685b2f468e0862b23",
    "crates/actinv-core/src/clearance.rs": "d6a725cea709c2eb48ecfe1716e02d0c64f265451c387adc49dc2be9b15b74d8",
    "crates/actinv-core/src/cram.rs": "79f13e05c2111f1dae06f5069bcc569939f0d3c55d6456b4d6cba5fb5e474cba",
    "crates/actinv-core/src/cram_coeffs.rs": "ad87f5e6af18c6b4c4a0bb79d93d6530d7e45ae521e8521080f6106ca3b847a9",
    "crates/actinv-core/src/damage.rs": "d005ca5ab2b6d127002d903c504a95241a7e8b562a30742779d8e54aabbb1b37",
    "crates/actinv-core/src/doppler.rs": "92e693b957514a6889a5e4bde3182f498385289c306fd0d03becf572a2cd8c6f",
    "crates/actinv-core/src/finite.rs": "a14163d327d3792e1936a18e5cae84f8cfa2ac57b8d083a747b588e56c9e6a2f",
    "crates/actinv-core/src/flux.rs": "303429ede4c69afccf05e347dbe820f241c623a70cad4b43356c349528f940dd",
    "crates/actinv-core/src/gas.rs": "f358759dc25c7bb42d81006074a2f0b8ef679c0623725a3eef85cbe1bccbf6d4",
    "crates/actinv-core/src/lib.rs": "3fb7ac6b8c9a7380a0f3b1809303f288720d55b0d77d293c693acc833c368ef0",
    "crates/actinv-core/src/mesh.rs": "f27b3774c6de095eaf1179da86c85575defcfd42d6b6af24ce41ba73d10a6e89",
    "crates/actinv-core/src/photon.rs": "39cb950426d3eb528e0695ef1c87af865f155bf999b545d3452ad81241d1e728",
    "crates/actinv-core/src/prune.rs": "f243c865a425bb35b5f71978148a422a52945bd1d06b857369c3ea7f26a74435",
    "crates/actinv-core/src/quantity.rs": "ff87d2bcbd3efef668bc9563240e1bcc27072e466d39659dab1a2525950e46d9",
    "crates/actinv-core/src/r2s.rs": "f511d47d3fd36c6df5ab8b0aad85b31b010d2add9113611022a0b78baf9b5db4",
    "crates/actinv-core/src/radiological.rs": "0de7344850fbea048f2690a609d0f1fc8dd8205e8dedd3bc2684b157d99372a2",
    "crates/actinv-core/src/reverse.rs": "0539da50e2eac494d0e0aacff9c7f1f5a254b098e5cba338da53633ee9a5113a",
    "crates/actinv-core/src/run.rs": "9fccfee575f1ddfad229a7e7d225150f10f4e8aa776cc2e6e748850b9c558eb7",
    "crates/actinv-core/src/shielding.rs": "0ebf3068ace5641afe5fa4034eca7c12a8914d3d7f3760606007fbceda93c21e",
    "crates/actinv-core/src/source_adapter.rs": "f5d25dc6e3e471873e5fbc07c267269eb6da6d940587a6c36ca28635f1922e5f",
    "crates/actinv-core/src/sparse.rs": "0ab2864aacdfb87a2522132df003c00388ce2cd0e49a445ed4c87f67c99f0fbc",
    "crates/actinv-core/src/spec.rs": "7ae5c4c8b2b3adcf75ec7a8b9457b276b06a8e79816e66be33c43c145b2df480",
    "crates/actinv-core/src/study.rs": "eaece838acf380190719c9157dfad1d1fd3538b7f8c62bacc1120c11550a3226",
    "crates/actinv-core/src/uncertainty.rs": "fc680cbc0d3aeb479867c6c9ef86b7e33f6fb03642062172d7350c9c4606f8a5",
    "crates/actinv-core/src/waste.rs": "3ed8bb1d468cc19b1fb12dfe17d64065e00ddbfa5f47936e2b6cf638a6cbb607",
    "crates/actinv-core/src/waste_bounds.rs": "be9e39811dd496fc2622c5412beba3f5548f8153723a283f872815e652888d7f",
    "crates/actinv-core/src/waste_composition.rs": "de783f5d4eb301e8846839d9e54c9ba3da68824c1e85f7e020cef64bcace2f3c",
    "crates/actinv-core/src/waste_intrusion.rs": "efd2a4aa216652e627f70f854b9bff400228c4dd8cdfeb1070d11ab9841aaed6",
    "crates/actinv-data/src/activation.rs": "4a977463891ed236c6ab73cce785f1e70c2362fc4103934239f900d7ed2820c9",
    "crates/actinv-data/src/bin/dump.rs": "6faac1a95a31f3a6f2f7d0dc29fafcabd36768737070580c3e6e12f47d2d0464",
    "crates/actinv-data/src/bin/p18_corpus_probe.rs": "4f7afb6c2b4e388596f235f05d63555d03d573d18061e17463c863cdda0aa9e8",
    "crates/actinv-data/src/bin/p18b_corpus_probe.rs": "8dcf50a0b11631db0877e30be9397750b0b4c64eb3435ad601b2f753939effef",
    "crates/actinv-data/src/bin/p18b_oracle_probe.rs": "558b6ed1e6c1689196b0fe8b1467bd122a44113869e0754614f286b0d38bb66a",
    "crates/actinv-data/src/bin/p20_collapse_probe.rs": "570eaa5c84956e3aa0c96d0c7fb684ba3fa8174c18b7a1ec392497fa1927bf56",
    "crates/actinv-data/src/bin/p20_corpus_probe.rs": "fa5a5d5a1cd0f73f79aa83fa7f2907ce431b0e1c425075cd86bfe6f8a1361e1b",
    "crates/actinv-data/src/bin/prepared_data_probe.rs": "446faa941069cc65c28a35d331197fc6865b5f0e6e8163c9d7fcf55e57685366",
    "crates/actinv-data/src/builder.rs": "4d86b97ae1dde51c6ce6590f980e77bb19786b891da4080596ccc4dafa111ff8",
    "crates/actinv-data/src/composition.rs": "584399c14c25b24db09311622696bd2e5691dd3045cbaec0ce406ba1fefbf024",
    "crates/actinv-data/src/covariance.rs": "6165db1e3338634fb9320a1b22988836e8f16d68b47bd732715238886c9a26d4",
    "crates/actinv-data/src/decay.rs": "4be7dff38361d3e28775ed387b6cd8553768fbac69eea518176a3ffa23b385cf",
    "crates/actinv-data/src/doppler.rs": "8c9a0ef4a16ea5a54f14f087e9c66a258e7f1d9bee51f49b891318b958e89588",
    "crates/actinv-data/src/endf.rs": "53d7df649c930efa373c97127c817df9a0c1c712c60d97b409a5bd509282e252",
    "crates/actinv-data/src/fission.rs": "f2e4dce7d2bc566cbf5c32cf68b0fe3007f2b722b65eeecad17f2d81661b2011",
    "crates/actinv-data/src/groups.rs": "3c331b49d8464947c27fb8299152d4faa7658f18c658a476e416eaf08296e0f3",
    "crates/actinv-data/src/lib.rs": "91567ccc466c91bb10866f82545b1b929eeefa008a19920075cfe8f0bf669018",
    "crates/actinv-data/src/library.rs": "f1f80249839874ce695f530f662182663f888e87949d8aaeca8638ae5326c871",
    "crates/actinv-data/src/normalize.rs": "7041f7a53856f6409ac8d95fd44f683a5c18f496537339668d1953bd49261e6d",
    "crates/actinv-data/src/prepared.rs": "43bc4ea5590a4069fb5b503b798222a661a9c14718727bfddd77c55366414762",
    "crates/actinv-data/src/processing.rs": "b80de2abfc574df37e79db771aa164a754d3bad62c8fc2205b732609376b9700",
    "crates/actinv-data/src/resonance.rs": "8ad5bdfae5acaf6083729c2e4161c7e1f8c584cabf6c6ddc0d57d8b63edf1b54",
    "crates/actinv-data/src/shielding.rs": "b5596655068fd267e3422f60ea77ab69857d68cd6b3b4f8556dc084f041b98cc",
    "crates/actinv-data/src/tables.rs": "888923a68d6a7841c75883615f7cc738fc4a06ca5ec4f1e13ce3ea9146146d2f",
    "crates/actinv-gui/build.rs": "ba3dad3e79ca77e324554f943598000c523e4d777c4190b1682926d37bba8ab6",
    "crates/actinv-gui/src/app.rs": "866620532f9eea91b35af5587ac9b7453cf6a4fc546a753c9c6e3e3bad52366d",
    "crates/actinv-gui/src/capture.rs": "b5bfdb71a16a36b954d52770c8ce0258f961c89d41ee9f8a3a95c7dae30dfc9e",
    "crates/actinv-gui/src/lib.rs": "a25925117a2fe9daf1f6e7692750004c90ebbf4a273993af149cf8f822e91f9f",
    "crates/actinv-gui/src/main.rs": "b7ef2af84b0ee8b6131803590a421027375c821220611557b6d17f87795d93c6",
    "crates/actinv-gui/src/model.rs": "a2b345b2da356ed5953c8830f94e183c6d563b33c88b477f01e27ea93ce67764",
    "crates/actinv-gui/src/options.rs": "0d9a2fcdd592060a5b8a5ee3e71822af940fb18fbfa2d51600c554815528d0e4",
    "crates/actinv-gui/src/smoke.rs": "580f83ada2dd1d061f2e162b62a540a980ef813716c0f0a8f094deba7eb19e0d",
    "crates/actinv-gui/src/sweep.rs": "7b4d57895ef1d06348f1dd1411fe94f3c80cc76fa7b56d62453301813f63443c",
    "crates/actinv-gui/src/tour.rs": "0869eb3e7b2e0d8468a4708484d173905d56b979f3cfe21eb20b9d5613225685",
    "crates/actinv-gui/src/transport.rs": "6b3fd8795175e8b95be412719615e6018752353ea6dc30271d68966d01088a43",
    "crates/actinv-gui/src/visuals.rs": "35842c494d2e654999d1e065cbcbf1e833e8d63f1c46004924c40cc345eafe25",
    "crates/actinv-gui/src/web.rs": "6d6a672fc17c024234adc6fa887876131e5fdec8d5b33ca43d94fa868e86ca84",
    "crates/actinv-gui/src/web_app.rs": "5644807412fbe51d0e381d6be5e9b314f420088f629ab82ab2f5e7b665da30b9",
    "crates/actinv-gui/src/worker.rs": "cbc1185941ba34139062108560d2ab8931c94c24ac7281e9c86bc022dd4c7d0a"
  },
  "inherited_rust_population_matches": false,
  "inherited_rust_sha256": {
    "crates/actinv-cli/src/assimilate.rs": "b0f78a7666b9752c35948029d02cd52cd03a8b9596566a425b5512f30bd72237",
    "crates/actinv-cli/src/bin/actinv.rs": "1b47334f832ba5a39dfb16cd01f108c1ddc7926c89506cdadd13c9d75b16b78e",
    "crates/actinv-cli/src/budget.rs": "fa7627d38648f8808006894309b3c3c1ad5e93c7ccef74604ff013eb8ba8455c",
    "crates/actinv-cli/src/command.rs": "6049aa941b749bd18f5dc4851304492f0db920ff5ded1e7de941b582f0df85d5",
    "crates/actinv-cli/src/decide.rs": "f94367b7bff4b23b0db198c08e8894b06e17b5fc1b43d01fe4a7a5cd78ce35e2",
    "crates/actinv-cli/src/evalspread.rs": "dd9d19b9f71194417bc089ecb995d73cc631970c02305340999beb5fec8db59c",
    "crates/actinv-cli/src/lib.rs": "192fe4ad229d242dc07d5bf6378f54fdec4d09c0a1ea04161320dba7199dbe71",
    "crates/actinv-cli/src/optimize.rs": "7d4f384ac0075b5246757fe30fe53c6efd023da3ba11f54c77d95a7037830c28",
    "crates/actinv-cli/src/surrogate.rs": "4f5170c98d54041561921d33223ad8568fa212b2d68ebf5b832f54288786740c",
    "crates/actinv-cli/src/twin.rs": "ce6088b610747b49bf7f56a037f4a003d1927bd6efc3dfe37b449cf66e880e61",
    "crates/actinv-cli/src/twin_waste.rs": "ab563b458fbcf1fe230fc3f3afe7a55993479a14f7bfccd2ec4ef25f74456b3a",
    "crates/actinv-cli/src/waste.rs": "18acc9564e52f5286f33a4b6edc33c0a00ee5ba903f0c3bcb031d92568ff8c15",
    "crates/actinv-cli/src/waste_bounds.rs": "86e3199305a8a8526bfd95dbdedb587de932118d9a71027884ebb215801315e4",
    "crates/actinv-cli/src/waste_budget.rs": "23a41809157ce20357d4a0b4cdf805f79ba83aed28e8ca437f3262da68c162da",
    "crates/actinv-cli/src/waste_composition.rs": "5f24307f0b6674dff0a692bfe74dd694c025e151e12c77640b6d102ed5e3cb30",
    "crates/actinv-cli/src/waste_composition_solve.rs": "bacb623a8229cc4f86b3c5fe3f76a89c3c5c99f1cc364cdbaa5e8f1a7eafc569",
    "crates/actinv-cli/src/waste_composition_verify.rs": "363ae16501e33ff002db3afe5d12e76f39168cf516472350e59779fe2442a1b0",
    "crates/actinv-cli/src/waste_intrusion.rs": "32fd0c623960581995bea73744fadd52c07f1f3d0e9b7d9cbe03a03edfe1688c",
    "crates/actinv-cli/src/worker.rs": "1e99fbd1109027fbb2587686c9fcbbee1c8805bfe45134888181f40e252f4d51",
    "crates/actinv-cli/src/workflow.rs": "d5b166fe18acf3332c110a405097642dc6037f517a9373c5631b576589135edd",
    "crates/actinv-cli/tests/data_command.rs": "d88714714fb240cca43c69b78652a0473b363f3a394c53500fb2e4dd047e9cf4",
    "crates/actinv-cli/tests/validation.rs": "4ce61a0b0447bf63bef9d89403c16e0bfaa281c68c96340aaac82b572f5b69ee",
    "crates/actinv-cli/tests/version.rs": "d821ad302a2fa82e0ce91e9aae194c42488d05b71b2453d40c8d683b3ad8c3a1",
    "crates/actinv-core/examples/p92_balance.rs": "129fcd87769fdd9cf208940ed4115e2a1b36f5a82e60ba1df2e219ab12f53917",
    "crates/actinv-core/src/bin/cache_probe.rs": "ade32188ff57bb40e9f763a59a2c33e3f7b447779a0fb3495b5257472609ae03",
    "crates/actinv-core/src/bin/cram_probe.rs": "27dbf073400a7ad3afb64f913fa809951eb800d0de3f8f11688606a1c2f64943",
    "crates/actinv-core/src/bin/fission_probe.rs": "ea3e12d69ed22100717638e89c8573e4a850f3ce7671c8aa34a0fe34d2d1f49c",
    "crates/actinv-core/src/bin/flux_probe.rs": "a55ee49f8d0544fc05fec3e6d1ec5363de814db041b298087aeeb983362899b3",
    "crates/actinv-core/src/bin/parser_fuzz_probe.rs": "520cbeebb16e0cd289992f32dc7e302b3abfb459f5a1faf88946f23e42c53146",
    "crates/actinv-core/src/bin/photon_probe.rs": "abc4a8dff5025eceb8a7bad5aead22763961e3208b8b693ad0e99bca2f9cc66c",
    "crates/actinv-core/src/bin/prepared_probe.rs": "b5df928a0dc4ade085d8d3c8d5a03cadb61c9aebd6f2befef1f6214228723582",
    "crates/actinv-core/src/bin/uncertainty_probe.rs": "a95e9328bfe93b23db3134930b2a0a8cedfcd0e076f6784bd5bc403151b93798",
    "crates/actinv-core/src/bin/unit_probe.rs": "81eba337cb1d0e7c2ae060de43b21b989936dd2106a17db5ef5af8d6526e1a0f",
    "crates/actinv-core/src/chain.rs": "6c6a77f00e8c3a832e5c4b4c006cf78b3f1402c1530621b685b2f468e0862b23",
    "crates/actinv-core/src/clearance.rs": "d6a725cea709c2eb48ecfe1716e02d0c64f265451c387adc49dc2be9b15b74d8",
    "crates/actinv-core/src/cram.rs": "79f13e05c2111f1dae06f5069bcc569939f0d3c55d6456b4d6cba5fb5e474cba",
    "crates/actinv-core/src/cram_coeffs.rs": "ad87f5e6af18c6b4c4a0bb79d93d6530d7e45ae521e8521080f6106ca3b847a9",
    "crates/actinv-core/src/damage.rs": "d005ca5ab2b6d127002d903c504a95241a7e8b562a30742779d8e54aabbb1b37",
    "crates/actinv-core/src/doppler.rs": "92e693b957514a6889a5e4bde3182f498385289c306fd0d03becf572a2cd8c6f",
    "crates/actinv-core/src/finite.rs": "a14163d327d3792e1936a18e5cae84f8cfa2ac57b8d083a747b588e56c9e6a2f",
    "crates/actinv-core/src/flux.rs": "303429ede4c69afccf05e347dbe820f241c623a70cad4b43356c349528f940dd",
    "crates/actinv-core/src/gas.rs": "f358759dc25c7bb42d81006074a2f0b8ef679c0623725a3eef85cbe1bccbf6d4",
    "crates/actinv-core/src/lib.rs": "3fb7ac6b8c9a7380a0f3b1809303f288720d55b0d77d293c693acc833c368ef0",
    "crates/actinv-core/src/mesh.rs": "f27b3774c6de095eaf1179da86c85575defcfd42d6b6af24ce41ba73d10a6e89",
    "crates/actinv-core/src/photon.rs": "39cb950426d3eb528e0695ef1c87af865f155bf999b545d3452ad81241d1e728",
    "crates/actinv-core/src/prune.rs": "f243c865a425bb35b5f71978148a422a52945bd1d06b857369c3ea7f26a74435",
    "crates/actinv-core/src/quantity.rs": "ff87d2bcbd3efef668bc9563240e1bcc27072e466d39659dab1a2525950e46d9",
    "crates/actinv-core/src/r2s.rs": "f511d47d3fd36c6df5ab8b0aad85b31b010d2add9113611022a0b78baf9b5db4",
    "crates/actinv-core/src/radiological.rs": "0de7344850fbea048f2690a609d0f1fc8dd8205e8dedd3bc2684b157d99372a2",
    "crates/actinv-core/src/reverse.rs": "0539da50e2eac494d0e0aacff9c7f1f5a254b098e5cba338da53633ee9a5113a",
    "crates/actinv-core/src/run.rs": "9fccfee575f1ddfad229a7e7d225150f10f4e8aa776cc2e6e748850b9c558eb7",
    "crates/actinv-core/src/shielding.rs": "0ebf3068ace5641afe5fa4034eca7c12a8914d3d7f3760606007fbceda93c21e",
    "crates/actinv-core/src/source_adapter.rs": "f5d25dc6e3e471873e5fbc07c267269eb6da6d940587a6c36ca28635f1922e5f",
    "crates/actinv-core/src/sparse.rs": "0ab2864aacdfb87a2522132df003c00388ce2cd0e49a445ed4c87f67c99f0fbc",
    "crates/actinv-core/src/spec.rs": "7ae5c4c8b2b3adcf75ec7a8b9457b276b06a8e79816e66be33c43c145b2df480",
    "crates/actinv-core/src/study.rs": "eaece838acf380190719c9157dfad1d1fd3538b7f8c62bacc1120c11550a3226",
    "crates/actinv-core/src/uncertainty.rs": "fc680cbc0d3aeb479867c6c9ef86b7e33f6fb03642062172d7350c9c4606f8a5",
    "crates/actinv-core/src/waste.rs": "3ed8bb1d468cc19b1fb12dfe17d64065e00ddbfa5f47936e2b6cf638a6cbb607",
    "crates/actinv-core/src/waste_bounds.rs": "be9e39811dd496fc2622c5412beba3f5548f8153723a283f872815e652888d7f",
    "crates/actinv-core/src/waste_composition.rs": "de783f5d4eb301e8846839d9e54c9ba3da68824c1e85f7e020cef64bcace2f3c",
    "crates/actinv-core/src/waste_intrusion.rs": "efd2a4aa216652e627f70f854b9bff400228c4dd8cdfeb1070d11ab9841aaed6",
    "crates/actinv-data/src/activation.rs": "4a977463891ed236c6ab73cce785f1e70c2362fc4103934239f900d7ed2820c9",
    "crates/actinv-data/src/bin/dump.rs": "6faac1a95a31f3a6f2f7d0dc29fafcabd36768737070580c3e6e12f47d2d0464",
    "crates/actinv-data/src/bin/p18_corpus_probe.rs": "4f7afb6c2b4e388596f235f05d63555d03d573d18061e17463c863cdda0aa9e8",
    "crates/actinv-data/src/bin/p18b_corpus_probe.rs": "8dcf50a0b11631db0877e30be9397750b0b4c64eb3435ad601b2f753939effef",
    "crates/actinv-data/src/bin/p18b_oracle_probe.rs": "558b6ed1e6c1689196b0fe8b1467bd122a44113869e0754614f286b0d38bb66a",
    "crates/actinv-data/src/bin/p20_collapse_probe.rs": "570eaa5c84956e3aa0c96d0c7fb684ba3fa8174c18b7a1ec392497fa1927bf56",
    "crates/actinv-data/src/bin/p20_corpus_probe.rs": "fa5a5d5a1cd0f73f79aa83fa7f2907ce431b0e1c425075cd86bfe6f8a1361e1b",
    "crates/actinv-data/src/bin/prepared_data_probe.rs": "446faa941069cc65c28a35d331197fc6865b5f0e6e8163c9d7fcf55e57685366",
    "crates/actinv-data/src/builder.rs": "4d86b97ae1dde51c6ce6590f980e77bb19786b891da4080596ccc4dafa111ff8",
    "crates/actinv-data/src/composition.rs": "584399c14c25b24db09311622696bd2e5691dd3045cbaec0ce406ba1fefbf024",
    "crates/actinv-data/src/covariance.rs": "6165db1e3338634fb9320a1b22988836e8f16d68b47bd732715238886c9a26d4",
    "crates/actinv-data/src/decay.rs": "4be7dff38361d3e28775ed387b6cd8553768fbac69eea518176a3ffa23b385cf",
    "crates/actinv-data/src/doppler.rs": "8c9a0ef4a16ea5a54f14f087e9c66a258e7f1d9bee51f49b891318b958e89588",
    "crates/actinv-data/src/endf.rs": "53d7df649c930efa373c97127c817df9a0c1c712c60d97b409a5bd509282e252",
    "crates/actinv-data/src/fission.rs": "f2e4dce7d2bc566cbf5c32cf68b0fe3007f2b722b65eeecad17f2d81661b2011",
    "crates/actinv-data/src/groups.rs": "3c331b49d8464947c27fb8299152d4faa7658f18c658a476e416eaf08296e0f3",
    "crates/actinv-data/src/lib.rs": "91567ccc466c91bb10866f82545b1b929eeefa008a19920075cfe8f0bf669018",
    "crates/actinv-data/src/library.rs": "f1f80249839874ce695f530f662182663f888e87949d8aaeca8638ae5326c871",
    "crates/actinv-data/src/normalize.rs": "7041f7a53856f6409ac8d95fd44f683a5c18f496537339668d1953bd49261e6d",
    "crates/actinv-data/src/prepared.rs": "43bc4ea5590a4069fb5b503b798222a661a9c14718727bfddd77c55366414762",
    "crates/actinv-data/src/processing.rs": "b80de2abfc574df37e79db771aa164a754d3bad62c8fc2205b732609376b9700",
    "crates/actinv-data/src/resonance.rs": "8ad5bdfae5acaf6083729c2e4161c7e1f8c584cabf6c6ddc0d57d8b63edf1b54",
    "crates/actinv-data/src/shielding.rs": "b5596655068fd267e3422f60ea77ab69857d68cd6b3b4f8556dc084f041b98cc",
    "crates/actinv-data/src/tables.rs": "888923a68d6a7841c75883615f7cc738fc4a06ca5ec4f1e13ce3ea9146146d2f",
    "crates/actinv-gui/build.rs": "ba3dad3e79ca77e324554f943598000c523e4d777c4190b1682926d37bba8ab6",
    "crates/actinv-gui/src/app.rs": "866620532f9eea91b35af5587ac9b7453cf6a4fc546a753c9c6e3e3bad52366d",
    "crates/actinv-gui/src/capture.rs": "b5bfdb71a16a36b954d52770c8ce0258f961c89d41ee9f8a3a95c7dae30dfc9e",
    "crates/actinv-gui/src/lib.rs": "a25925117a2fe9daf1f6e7692750004c90ebbf4a273993af149cf8f822e91f9f",
    "crates/actinv-gui/src/main.rs": "b7ef2af84b0ee8b6131803590a421027375c821220611557b6d17f87795d93c6",
    "crates/actinv-gui/src/model.rs": "a2b345b2da356ed5953c8830f94e183c6d563b33c88b477f01e27ea93ce67764",
    "crates/actinv-gui/src/options.rs": "0d9a2fcdd592060a5b8a5ee3e71822af940fb18fbfa2d51600c554815528d0e4",
    "crates/actinv-gui/src/smoke.rs": "580f83ada2dd1d061f2e162b62a540a980ef813716c0f0a8f094deba7eb19e0d",
    "crates/actinv-gui/src/sweep.rs": "7b4d57895ef1d06348f1dd1411fe94f3c80cc76fa7b56d62453301813f63443c",
    "crates/actinv-gui/src/tour.rs": "0869eb3e7b2e0d8468a4708484d173905d56b979f3cfe21eb20b9d5613225685",
    "crates/actinv-gui/src/transport.rs": "6b3fd8795175e8b95be412719615e6018752353ea6dc30271d68966d01088a43",
    "crates/actinv-gui/src/visuals.rs": "35842c494d2e654999d1e065cbcbf1e833e8d63f1c46004924c40cc345eafe25",
    "crates/actinv-gui/src/web.rs": "6d6a672fc17c024234adc6fa887876131e5fdec8d5b33ca43d94fa868e86ca84",
    "crates/actinv-gui/src/web_app.rs": "5644807412fbe51d0e381d6be5e9b314f420088f629ab82ab2f5e7b665da30b9",
    "crates/actinv-gui/src/worker.rs": "cbc1185941ba34139062108560d2ab8931c94c24ac7281e9c86bc022dd4c7d0a"
  },
  "inherited_rust_source_count": 100,
  "initial_g0_sha256": "61d8c6faaf7eb93d8f3a4d9e369e8710eee45b93f946d405f54c216dd730a037",
  "original_fixture_sha256": "e6bcebc856c7faaa571455a45c81da49e988a34bfd1f7149bc67656d93d5f956",
  "p105_source_vector_seals_match": true,
  "p105_verified": true,
  "p112_verified": true,
  "p113_amendment_registered": true,
  "p113_failure_record_matches": true,
  "p113_failure_verdict_is_terminal_fail": true,
  "p113_failure_verdict_sha256": "ae000348b4e6c58eb217d1ce9c5e9946fcf7b440562835855f724f6a1650e461",
  "p113_g0_file_sha256": "61d8c6faaf7eb93d8f3a4d9e369e8710eee45b93f946d405f54c216dd730a037",
  "p113_inherited_g0_sha256": "61d8c6faaf7eb93d8f3a4d9e369e8710eee45b93f946d405f54c216dd730a037",
  "p113_initial_archive_matches": true,
  "p113_initial_archive_sha256": {
    "results/failures/p113_initial_seal/controls/check_p105.py": "fad7a5e78f3f4b29941a3f4c340f875f5a31095ba429fa6c7857a47084810ef1",
    "results/failures/p113_initial_seal/controls/check_p105_verdict.py": "5b43632249829187eefd8a28f0530c966b32ab59f15fd67109f4a74620bbaa16",
    "results/failures/p113_initial_seal/controls/check_p111_history.py": "7ac84f74c56a250503428926b0acdafb0221742deea317493f56d55217b49da8",
    "results/failures/p113_initial_seal/controls/check_p112.py": "285a7600a00b05187a0f4e9fa8521e97edf9addee8745ab6f2237961b966d33a",
    "results/failures/p113_initial_seal/controls/check_p112_verdict.py": "d0f6503918940b5dd12e7c431cdcfbc1ddbc69ad6810bacea2b6bafdb27299d3",
    "results/failures/p113_initial_seal/controls/check_p113.py": "c2866ca2e7011aff3cb9aec152a6680a7f3903f827fc1f242d5c4734e49b8d2b",
    "results/failures/p113_initial_seal/controls/check_p113_verdict.py": "c94f7c2fae67371427cede16e5a95c2105f79470b55d1df3121285b0c6ce0961",
    "results/failures/p113_initial_seal/controls/fixtures/p103/61.55_2025.xml": "7c08a6cb64d21e082ecf62a94fc3ef0be42c64fb68443658eff393ddc0bc0864",
    "results/failures/p113_initial_seal/controls/fixtures/p103/classification_vectors.json": "bfefb655b2df52da7ccb7a93cfd7c22bdc18762917e900e828ebd97d58b2bb42",
    "results/failures/p113_initial_seal/controls/fixtures/p113/cases.json": "e6bcebc856c7faaa571455a45c81da49e988a34bfd1f7149bc67656d93d5f956",
    "results/failures/p113_initial_seal/controls/p103_vector_fixture.py": "89c05549d8a9b71c256e3688f64b56cb62f24b2e59b7d5ab4a7e79ff6adbd284",
    "results/failures/p113_initial_seal/controls/p105_budget_control.py": "b9b69dc424a37d45b41b165276884c3d032d32ea968e3fd0f4c85add653c41bb",
    "results/failures/p113_initial_seal/controls/p111_intrusion_control.py": "a8152cf68719b6384610f2f8b08f2a3a46b901b8f3af7f9b3db8c61414e7c153",
    "results/failures/p113_initial_seal/controls/p113_legacy_control.py": "34e9ad3f614794902ec833de8514202690914a0ca369d995db2b6b167e367b2a",
    "results/failures/p113_initial_seal/controls/p113_twin_control.py": "6572000eb079985fd14354101f71d6062fc881ac666dd076b502b700b937c976",
    "results/failures/p113_initial_seal/controls/test_p113_oracle.py": "50954f61ff9bcc9b1ba61ee883785c28072bc6a95a1b3694f465895c8257130b",
    "results/failures/p113_initial_seal/controls/test_p113_seal.py": "f9479488b6054d12cc0125be39ae9ab24a94daad7cf1c3b86c0692a3a4549f9d",
    "results/failures/p113_initial_seal/controls/test_p113_verdict.py": "b05830f905f0f43a6bee40b64641a9a4febc2073e5bc1e4ab322613ecb4be21f",
    "results/failures/p113_initial_seal/crates/actinv-core/data/waste_us_nrc_61_55_v1.json": "890268af81a53815b8e11c238e4a1694eabb79664a1ca087fd7fe22b9fabe5d7",
    "results/failures/p113_initial_seal/data/waste_us_nrc_61_55_v1.json": "890268af81a53815b8e11c238e4a1694eabb79664a1ca087fd7fe22b9fabe5d7",
    "results/failures/p113_initial_seal/docs/maintainers/WASTE_RULE_SOURCE_REVIEW.md": "4d316aacee158dbcc36daf4bd191d84ee7c511d471555ec3084115dabaeefd64",
    "results/failures/p113_initial_seal/protocols/ACTINV-P113_PROTOCOL.md": "0495157f3e8308d6a28475b94363e24b932f462c10f901518fa1c809a68ebbfa",
    "results/failures/p113_initial_seal/results/g0_p103_seals.json": "31a87b130be75f290569d0bea083ec4e687e498a0627eeed25cf8c0209e38367",
    "results/failures/p113_initial_seal/results/g0_p105_successor.json": "53f478d4274515c4c4fb51661a7add371af719b241fc5e02acbe34a531d1ca6a",
    "results/failures/p113_initial_seal/results/g0_p112_intrusion_screen.json": "da06735bacade33eeb543e08300d09efcb5e995e9c9f8b80904cd5f8d9be1906",
    "results/failures/p113_initial_seal/results/g0_p113_twin_waste.json": "61d8c6faaf7eb93d8f3a4d9e369e8710eee45b93f946d405f54c216dd730a037",
    "results/failures/p113_initial_seal/results/g0b_p103_vectors.json": "a3a846da215940f66bb5f428a0aa4931b9a26250ea14a12d0bc5c5369cfd9293",
    "results/failures/p113_initial_seal/results/g1_p105_classes.json": "2010e03dd3bf6ad91eeba94c25fd1a02a6ba2cfc561f03912f860fa38f28dfab",
    "results/failures/p113_initial_seal/results/g1_p112_intrusion_screen.json": "1193312d504ef6e21c7be973d79b22c32b85ae619f9b6341b2269885013c61e6",
    "results/failures/p113_initial_seal/results/g2_p105_budget.json": "7413f9a3127a6b3d6c297232cff137e7c6a93cdd0fe6025226702588e7834d29",
    "results/failures/p113_initial_seal/results/g2_p112_intrusion_screen.json": "ff81ceacceac180039884c7c5d53525c4db107bb2cddcbf5d261d12d618538b4",
    "results/failures/p113_initial_seal/results/g3_p105_quality.json": "0ad41150b27c3e62acf2893d252bcd8986d989ba4cf90f4832bc4251252c88bc",
    "results/failures/p113_initial_seal/results/g3_p112_quality.json": "332445c7b022744dda5219bbbd8312440470db98f2b803ad6cbf5a8386ab865a",
    "results/failures/p113_initial_seal/results/p105_ci_runs.json": "9cc923e1075561253e27ea6b5c45d0dc2930f659283491d6ce34e536c10507c4",
    "results/failures/p113_initial_seal/results/p105_verdict.json": "0e2c770096662aaef1a9f4fd4a78d9aa8c71c775e86f1e27924708c84b361b41",
    "results/failures/p113_initial_seal/results/p107_verdict.json": "5e5bae7ebf1f5c244a84f6e03ffe19c3e148f3678d939bc12a09f26053aea3aa",
    "results/failures/p113_initial_seal/results/p108_verdict.json": "231071d8f4009294a2eec3ca1029054ec9542d9d1cdc29b12c282fd8d19041ef",
    "results/failures/p113_initial_seal/results/p109_verdict.json": "b6d370e3e560d0d7f780b0a7bb6344413fee87eb69eab865ac9e5ac58b449398",
    "results/failures/p113_initial_seal/results/p110_verdict.json": "1a2f7254e22333778c456139f19b231b76c7f2c3232115c1a104b61b2d43503d",
    "results/failures/p113_initial_seal/results/p111_verdict.json": "35c3b5eb4ef12fcad7e78f90a9103b476cdb51b29cb7974b7ec0a3ddae25579c",
    "results/failures/p113_initial_seal/results/p112_ci_runs.json": "20fe05c616515ec635fcab34134acae0bf902db45134af92b8a9cbc0c3d9fe7d",
    "results/failures/p113_initial_seal/results/p112_implementation_commit.json": "6c7ac49555c8ed383005175fa651413dd262a388e1e28d34813bf2277c84e117",
    "results/failures/p113_initial_seal/results/p112_verdict.json": "b94cdab3a9776d51df74b793b889f80198e8e5f6d9c0af04d7fba671d248e91e",
    "results/failures/p113_initial_seal/target/p113-g0-identities.log": "9c2f8915e569538366324ae9962eba68b30a5e33b19f99c1a8041a3409edc523",
    "results/failures/p113_initial_seal/target/p113-g0-replay.log": "24a11b3a169f3fdab88990897178657c320615cea8e6f851dbdde845d3a41802",
    "results/failures/p113_initial_seal/target/p113-g0-seal.log": "a07ba4e4b2b681891a40c1607693294886962714725908d16f23ce42e64efb2b",
    "results/failures/p113_initial_seal/target/p113-oracle-regressions.log": "7cb18d19e0700ab494cb85fcd7ce77a078510803bf4b39b6bafd140aea8ebe48",
    "results/failures/p113_initial_seal/target/p113-p105-child-lifecycle-regressions.log": "44db9ea1a30483ccfe6f55d823bd9560dc72c4dd80c8de7ff691c68273f63739",
    "results/failures/p113_initial_seal/target/p113-prepare-fixture.log": "8bb1a70d8374f4f0d027bc9c0882a16ecefd0a74d4d994e87cbecbaa8eaf0845",
    "results/failures/p113_initial_seal/target/p113-release-build.log": "b647268b0782a73a76c2ab1737709616d2b9fafce1083e451694f5111b28254a",
    "results/failures/p113_initial_seal/target/p113-resource-limits.log": "cbee290fd37ea5cfd2b09daf1340ca662a003987705aee297f9918e1d40a502f",
    "results/failures/p113_initial_seal/target/p113-seal-regressions.log": "3371cb42c9366baf1071b44878eb80ebe8a0f83560754e2dc7e56d2273a67580",
    "results/failures/p113_initial_seal/target/p113-verdict-regressions.log": "2e1db062eaf7d558fe96a65ebbebc94ff6c07b3e26dde64b5fd5ee08357e8551",
    "results/failures/p113_initial_seal/target/p113-workspace-check-final.log": "8d79f9d6e6b10edebcab643f6d2e41e90089af937eab737a96903616b733be32",
    "results/failures/p113_initial_seal/target/p113-workspace-check.log": "86a64460b2a8dd8ba47ab0082bf6c8a7d91c9963959939b6fdf4bd545576db00",
    "results/failures/p113_initial_seal/target/p113-workspace-clippy.log": "bc2762949b80168d725b240f1f0c96c32d1bb85ada88f33df1811b42f89f7360",
    "results/failures/p113_initial_seal/target/p113-workspace-fmt-final.log": "ba7c233a379370ab52de6ffcea164d2603471e4374220a1dc55784635e0e2053",
    "results/failures/p113_initial_seal/target/p113-workspace-fmt.log": "22bde8309ecb5e3ad0e3d61176a1238e1c42751fdacbd7928535f17c83346eba",
    "results/failures/p113_initial_seal/target/p113-workspace-tests.log": "1e78763259bd6227329f10cbdc075348662d1e5b9add1fded90bc81b58a853ed"
  },
  "p113_partial_g3_sha256": "529fb6b0f5c1542165300240a2d59cd2cd6ad9fa84c11d4f0748d48b72da2b01",
  "p113_unexecuted_artifacts_absent": true,
  "p114_failure_record_matches": true,
  "p114_failure_record_sha256": "5776579180004babd35543dc7b17138226283d3277f9caba21da8486c9256d0e",
  "p114_failure_verdict_sha256": "3d9208cae1ac6522e4b2c3d8c21440ecb4bc481f02faa46fb88f4068151bd382",
  "p114_final_archive_sha256": {
    "results/failures/p114_after_amendment/.github/workflows/ci.yml": "e92c63ac23dd559471698c6f5731865313d7bafd694b0596f6b22e3602024626",
    "results/failures/p114_after_amendment/controls/check_p105.py": "fad7a5e78f3f4b29941a3f4c340f875f5a31095ba429fa6c7857a47084810ef1",
    "results/failures/p114_after_amendment/controls/check_p105_verdict.py": "5b43632249829187eefd8a28f0530c966b32ab59f15fd67109f4a74620bbaa16",
    "results/failures/p114_after_amendment/controls/check_p111_history.py": "7ac84f74c56a250503428926b0acdafb0221742deea317493f56d55217b49da8",
    "results/failures/p114_after_amendment/controls/check_p112.py": "285a7600a00b05187a0f4e9fa8521e97edf9addee8745ab6f2237961b966d33a",
    "results/failures/p114_after_amendment/controls/check_p112_verdict.py": "d0f6503918940b5dd12e7c431cdcfbc1ddbc69ad6810bacea2b6bafdb27299d3",
    "results/failures/p114_after_amendment/controls/check_p113.py": "6318c6adc1ca9a26dcc35a2b14c1db466410865180fcbe6862a8f81c0297e8f7",
    "results/failures/p114_after_amendment/controls/check_p113_history.py": "53f0c8017d8bbcd0aab4dabfc3e5217921fdfaf667cf6124108002fcd7bf7f1f",
    "results/failures/p114_after_amendment/controls/check_p113_verdict.py": "6d92fc34722cb5e38d4a882032cc7d39f2a810c52135ba8ffb3f9b7dd65e5bd7",
    "results/failures/p114_after_amendment/controls/check_p114.py": "4023b41769d33c2a98b2b0d5d5f28e518fba4a811988dc8e6d5c9266934afdf5",
    "results/failures/p114_after_amendment/controls/check_p114_verdict.py": "728e1dc3ba1b2df023083536b902b409f5595770b2afe8bc75d008f95cce8350",
    "results/failures/p114_after_amendment/controls/fixtures/p103/61.55_2025.xml": "7c08a6cb64d21e082ecf62a94fc3ef0be42c64fb68443658eff393ddc0bc0864",
    "results/failures/p114_after_amendment/controls/fixtures/p103/classification_vectors.json": "bfefb655b2df52da7ccb7a93cfd7c22bdc18762917e900e828ebd97d58b2bb42",
    "results/failures/p114_after_amendment/controls/fixtures/p113/cases.json": "e6bcebc856c7faaa571455a45c81da49e988a34bfd1f7149bc67656d93d5f956",
    "results/failures/p114_after_amendment/controls/p103_vector_fixture.py": "89c05549d8a9b71c256e3688f64b56cb62f24b2e59b7d5ab4a7e79ff6adbd284",
    "results/failures/p114_after_amendment/controls/p105_budget_control.py": "b9b69dc424a37d45b41b165276884c3d032d32ea968e3fd0f4c85add653c41bb",
    "results/failures/p114_after_amendment/controls/p111_intrusion_control.py": "a8152cf68719b6384610f2f8b08f2a3a46b901b8f3af7f9b3db8c61414e7c153",
    "results/failures/p114_after_amendment/controls/p113_legacy_control.py": "34e9ad3f614794902ec833de8514202690914a0ca369d995db2b6b167e367b2a",
    "results/failures/p114_after_amendment/controls/p113_twin_control.py": "6572000eb079985fd14354101f71d6062fc881ac666dd076b502b700b937c976",
    "results/failures/p114_after_amendment/controls/test_p113_history.py": "3b65fb727f1815e894bf8397495be2f15d56db66ad5800ba5e7f83db7a081e5f",
    "results/failures/p114_after_amendment/controls/test_p113_oracle.py": "a743c4832b08356e11df4f1151c7298416d94ac041aa2a9f17123a6ed942dc9d",
    "results/failures/p114_after_amendment/controls/test_p113_seal.py": "d1702033887b8599d3b5a469393f1e168df8f93785737b874b30b1d8b2968586",
    "results/failures/p114_after_amendment/controls/test_p113_verdict.py": "35eff843ac4d38e8bda13ffdf0ba2ced1c162b254ddab74680f0b9cece396d6e",
    "results/failures/p114_after_amendment/controls/test_p114_oracle.py": "bb7d24c19626b037b84de773962d511a7db44e9bd9f9db07865d9f28b9aa27c7",
    "results/failures/p114_after_amendment/controls/test_p114_seal.py": "047920ffea9761b8eb473b0d0edf45e21fc1953bc3c15b231c5b52cbe07eb473",
    "results/failures/p114_after_amendment/controls/test_p114_verdict.py": "9e9a982790a748f385403ecbe2942f32fb3509f5c15231a35998ccd82ca8efae",
    "results/failures/p114_after_amendment/crates/actinv-cli/src/assimilate.rs": "b0f78a7666b9752c35948029d02cd52cd03a8b9596566a425b5512f30bd72237",
    "results/failures/p114_after_amendment/crates/actinv-cli/src/bin/actinv.rs": "1b47334f832ba5a39dfb16cd01f108c1ddc7926c89506cdadd13c9d75b16b78e",
    "results/failures/p114_after_amendment/crates/actinv-cli/src/budget.rs": "fa7627d38648f8808006894309b3c3c1ad5e93c7ccef74604ff013eb8ba8455c",
    "results/failures/p114_after_amendment/crates/actinv-cli/src/command.rs": "6049aa941b749bd18f5dc4851304492f0db920ff5ded1e7de941b582f0df85d5",
    "results/failures/p114_after_amendment/crates/actinv-cli/src/decide.rs": "f94367b7bff4b23b0db198c08e8894b06e17b5fc1b43d01fe4a7a5cd78ce35e2",
    "results/failures/p114_after_amendment/crates/actinv-cli/src/evalspread.rs": "dd9d19b9f71194417bc089ecb995d73cc631970c02305340999beb5fec8db59c",
    "results/failures/p114_after_amendment/crates/actinv-cli/src/lib.rs": "192fe4ad229d242dc07d5bf6378f54fdec4d09c0a1ea04161320dba7199dbe71",
    "results/failures/p114_after_amendment/crates/actinv-cli/src/optimize.rs": "7d4f384ac0075b5246757fe30fe53c6efd023da3ba11f54c77d95a7037830c28",
    "results/failures/p114_after_amendment/crates/actinv-cli/src/surrogate.rs": "4f5170c98d54041561921d33223ad8568fa212b2d68ebf5b832f54288786740c",
    "results/failures/p114_after_amendment/crates/actinv-cli/src/twin.rs": "ce6088b610747b49bf7f56a037f4a003d1927bd6efc3dfe37b449cf66e880e61",
    "results/failures/p114_after_amendment/crates/actinv-cli/src/twin_waste.rs": "ab563b458fbcf1fe230fc3f3afe7a55993479a14f7bfccd2ec4ef25f74456b3a",
    "results/failures/p114_after_amendment/crates/actinv-cli/src/waste.rs": "18acc9564e52f5286f33a4b6edc33c0a00ee5ba903f0c3bcb031d92568ff8c15",
    "results/failures/p114_after_amendment/crates/actinv-cli/src/waste_bounds.rs": "86e3199305a8a8526bfd95dbdedb587de932118d9a71027884ebb215801315e4",
    "results/failures/p114_after_amendment/crates/actinv-cli/src/waste_budget.rs": "23a41809157ce20357d4a0b4cdf805f79ba83aed28e8ca437f3262da68c162da",
    "results/failures/p114_after_amendment/crates/actinv-cli/src/waste_composition.rs": "5f24307f0b6674dff0a692bfe74dd694c025e151e12c77640b6d102ed5e3cb30",
    "results/failures/p114_after_amendment/crates/actinv-cli/src/waste_composition_solve.rs": "bacb623a8229cc4f86b3c5fe3f76a89c3c5c99f1cc364cdbaa5e8f1a7eafc569",
    "results/failures/p114_after_amendment/crates/actinv-cli/src/waste_composition_verify.rs": "363ae16501e33ff002db3afe5d12e76f39168cf516472350e59779fe2442a1b0",
    "results/failures/p114_after_amendment/crates/actinv-cli/src/waste_intrusion.rs": "32fd0c623960581995bea73744fadd52c07f1f3d0e9b7d9cbe03a03edfe1688c",
    "results/failures/p114_after_amendment/crates/actinv-cli/src/worker.rs": "1e99fbd1109027fbb2587686c9fcbbee1c8805bfe45134888181f40e252f4d51",
    "results/failures/p114_after_amendment/crates/actinv-cli/src/workflow.rs": "d5b166fe18acf3332c110a405097642dc6037f517a9373c5631b576589135edd",
    "results/failures/p114_after_amendment/crates/actinv-cli/tests/data_command.rs": "d88714714fb240cca43c69b78652a0473b363f3a394c53500fb2e4dd047e9cf4",
    "results/failures/p114_after_amendment/crates/actinv-cli/tests/validation.rs": "4ce61a0b0447bf63bef9d89403c16e0bfaa281c68c96340aaac82b572f5b69ee",
    "results/failures/p114_after_amendment/crates/actinv-cli/tests/version.rs": "d821ad302a2fa82e0ce91e9aae194c42488d05b71b2453d40c8d683b3ad8c3a1",
    "results/failures/p114_after_amendment/crates/actinv-core/data/waste_us_nrc_61_55_v1.json": "890268af81a53815b8e11c238e4a1694eabb79664a1ca087fd7fe22b9fabe5d7",
    "results/failures/p114_after_amendment/crates/actinv-core/examples/p92_balance.rs": "129fcd87769fdd9cf208940ed4115e2a1b36f5a82e60ba1df2e219ab12f53917",
    "results/failures/p114_after_amendment/crates/actinv-core/src/bin/cache_probe.rs": "ade32188ff57bb40e9f763a59a2c33e3f7b447779a0fb3495b5257472609ae03",
    "results/failures/p114_after_amendment/crates/actinv-core/src/bin/cram_probe.rs": "27dbf073400a7ad3afb64f913fa809951eb800d0de3f8f11688606a1c2f64943",
    "results/failures/p114_after_amendment/crates/actinv-core/src/bin/fission_probe.rs": "ea3e12d69ed22100717638e89c8573e4a850f3ce7671c8aa34a0fe34d2d1f49c",
    "results/failures/p114_after_amendment/crates/actinv-core/src/bin/flux_probe.rs": "a55ee49f8d0544fc05fec3e6d1ec5363de814db041b298087aeeb983362899b3",
    "results/failures/p114_after_amendment/crates/actinv-core/src/bin/parser_fuzz_probe.rs": "520cbeebb16e0cd289992f32dc7e302b3abfb459f5a1faf88946f23e42c53146",
    "results/failures/p114_after_amendment/crates/actinv-core/src/bin/photon_probe.rs": "abc4a8dff5025eceb8a7bad5aead22763961e3208b8b693ad0e99bca2f9cc66c",
    "results/failures/p114_after_amendment/crates/actinv-core/src/bin/prepared_probe.rs": "b5df928a0dc4ade085d8d3c8d5a03cadb61c9aebd6f2befef1f6214228723582",
    "results/failures/p114_after_amendment/crates/actinv-core/src/bin/uncertainty_probe.rs": "a95e9328bfe93b23db3134930b2a0a8cedfcd0e076f6784bd5bc403151b93798",
    "results/failures/p114_after_amendment/crates/actinv-core/src/bin/unit_probe.rs": "81eba337cb1d0e7c2ae060de43b21b989936dd2106a17db5ef5af8d6526e1a0f",
    "results/failures/p114_after_amendment/crates/actinv-core/src/chain.rs": "6c6a77f00e8c3a832e5c4b4c006cf78b3f1402c1530621b685b2f468e0862b23",
    "results/failures/p114_after_amendment/crates/actinv-core/src/clearance.rs": "d6a725cea709c2eb48ecfe1716e02d0c64f265451c387adc49dc2be9b15b74d8",
    "results/failures/p114_after_amendment/crates/actinv-core/src/cram.rs": "79f13e05c2111f1dae06f5069bcc569939f0d3c55d6456b4d6cba5fb5e474cba",
    "results/failures/p114_after_amendment/crates/actinv-core/src/cram_coeffs.rs": "ad87f5e6af18c6b4c4a0bb79d93d6530d7e45ae521e8521080f6106ca3b847a9",
    "results/failures/p114_after_amendment/crates/actinv-core/src/damage.rs": "d005ca5ab2b6d127002d903c504a95241a7e8b562a30742779d8e54aabbb1b37",
    "results/failures/p114_after_amendment/crates/actinv-core/src/doppler.rs": "92e693b957514a6889a5e4bde3182f498385289c306fd0d03becf572a2cd8c6f",
    "results/failures/p114_after_amendment/crates/actinv-core/src/finite.rs": "a14163d327d3792e1936a18e5cae84f8cfa2ac57b8d083a747b588e56c9e6a2f",
    "results/failures/p114_after_amendment/crates/actinv-core/src/flux.rs": "303429ede4c69afccf05e347dbe820f241c623a70cad4b43356c349528f940dd",
    "results/failures/p114_after_amendment/crates/actinv-core/src/gas.rs": "f358759dc25c7bb42d81006074a2f0b8ef679c0623725a3eef85cbe1bccbf6d4",
    "results/failures/p114_after_amendment/crates/actinv-core/src/lib.rs": "3fb7ac6b8c9a7380a0f3b1809303f288720d55b0d77d293c693acc833c368ef0",
    "results/failures/p114_after_amendment/crates/actinv-core/src/mesh.rs": "f27b3774c6de095eaf1179da86c85575defcfd42d6b6af24ce41ba73d10a6e89",
    "results/failures/p114_after_amendment/crates/actinv-core/src/photon.rs": "39cb950426d3eb528e0695ef1c87af865f155bf999b545d3452ad81241d1e728",
    "results/failures/p114_after_amendment/crates/actinv-core/src/prune.rs": "f243c865a425bb35b5f71978148a422a52945bd1d06b857369c3ea7f26a74435",
    "results/failures/p114_after_amendment/crates/actinv-core/src/quantity.rs": "ff87d2bcbd3efef668bc9563240e1bcc27072e466d39659dab1a2525950e46d9",
    "results/failures/p114_after_amendment/crates/actinv-core/src/r2s.rs": "f511d47d3fd36c6df5ab8b0aad85b31b010d2add9113611022a0b78baf9b5db4",
    "results/failures/p114_after_amendment/crates/actinv-core/src/radiological.rs": "0de7344850fbea048f2690a609d0f1fc8dd8205e8dedd3bc2684b157d99372a2",
    "results/failures/p114_after_amendment/crates/actinv-core/src/reverse.rs": "0539da50e2eac494d0e0aacff9c7f1f5a254b098e5cba338da53633ee9a5113a",
    "results/failures/p114_after_amendment/crates/actinv-core/src/run.rs": "9fccfee575f1ddfad229a7e7d225150f10f4e8aa776cc2e6e748850b9c558eb7",
    "results/failures/p114_after_amendment/crates/actinv-core/src/shielding.rs": "0ebf3068ace5641afe5fa4034eca7c12a8914d3d7f3760606007fbceda93c21e",
    "results/failures/p114_after_amendment/crates/actinv-core/src/source_adapter.rs": "f5d25dc6e3e471873e5fbc07c267269eb6da6d940587a6c36ca28635f1922e5f",
    "results/failures/p114_after_amendment/crates/actinv-core/src/sparse.rs": "0ab2864aacdfb87a2522132df003c00388ce2cd0e49a445ed4c87f67c99f0fbc",
    "results/failures/p114_after_amendment/crates/actinv-core/src/spec.rs": "7ae5c4c8b2b3adcf75ec7a8b9457b276b06a8e79816e66be33c43c145b2df480",
    "results/failures/p114_after_amendment/crates/actinv-core/src/study.rs": "eaece838acf380190719c9157dfad1d1fd3538b7f8c62bacc1120c11550a3226",
    "results/failures/p114_after_amendment/crates/actinv-core/src/uncertainty.rs": "fc680cbc0d3aeb479867c6c9ef86b7e33f6fb03642062172d7350c9c4606f8a5",
    "results/failures/p114_after_amendment/crates/actinv-core/src/waste.rs": "3ed8bb1d468cc19b1fb12dfe17d64065e00ddbfa5f47936e2b6cf638a6cbb607",
    "results/failures/p114_after_amendment/crates/actinv-core/src/waste_bounds.rs": "be9e39811dd496fc2622c5412beba3f5548f8153723a283f872815e652888d7f",
    "results/failures/p114_after_amendment/crates/actinv-core/src/waste_composition.rs": "de783f5d4eb301e8846839d9e54c9ba3da68824c1e85f7e020cef64bcace2f3c",
    "results/failures/p114_after_amendment/crates/actinv-core/src/waste_intrusion.rs": "efd2a4aa216652e627f70f854b9bff400228c4dd8cdfeb1070d11ab9841aaed6",
    "results/failures/p114_after_amendment/crates/actinv-data/src/activation.rs": "4a977463891ed236c6ab73cce785f1e70c2362fc4103934239f900d7ed2820c9",
    "results/failures/p114_after_amendment/crates/actinv-data/src/bin/dump.rs": "6faac1a95a31f3a6f2f7d0dc29fafcabd36768737070580c3e6e12f47d2d0464",
    "results/failures/p114_after_amendment/crates/actinv-data/src/bin/p18_corpus_probe.rs": "4f7afb6c2b4e388596f235f05d63555d03d573d18061e17463c863cdda0aa9e8",
    "results/failures/p114_after_amendment/crates/actinv-data/src/bin/p18b_corpus_probe.rs": "8dcf50a0b11631db0877e30be9397750b0b4c64eb3435ad601b2f753939effef",
    "results/failures/p114_after_amendment/crates/actinv-data/src/bin/p18b_oracle_probe.rs": "558b6ed1e6c1689196b0fe8b1467bd122a44113869e0754614f286b0d38bb66a",
    "results/failures/p114_after_amendment/crates/actinv-data/src/bin/p20_collapse_probe.rs": "570eaa5c84956e3aa0c96d0c7fb684ba3fa8174c18b7a1ec392497fa1927bf56",
    "results/failures/p114_after_amendment/crates/actinv-data/src/bin/p20_corpus_probe.rs": "fa5a5d5a1cd0f73f79aa83fa7f2907ce431b0e1c425075cd86bfe6f8a1361e1b",
    "results/failures/p114_after_amendment/crates/actinv-data/src/bin/prepared_data_probe.rs": "446faa941069cc65c28a35d331197fc6865b5f0e6e8163c9d7fcf55e57685366",
    "results/failures/p114_after_amendment/crates/actinv-data/src/builder.rs": "4d86b97ae1dde51c6ce6590f980e77bb19786b891da4080596ccc4dafa111ff8",
    "results/failures/p114_after_amendment/crates/actinv-data/src/composition.rs": "584399c14c25b24db09311622696bd2e5691dd3045cbaec0ce406ba1fefbf024",
    "results/failures/p114_after_amendment/crates/actinv-data/src/covariance.rs": "6165db1e3338634fb9320a1b22988836e8f16d68b47bd732715238886c9a26d4",
    "results/failures/p114_after_amendment/crates/actinv-data/src/decay.rs": "4be7dff38361d3e28775ed387b6cd8553768fbac69eea518176a3ffa23b385cf",
    "results/failures/p114_after_amendment/crates/actinv-data/src/doppler.rs": "8c9a0ef4a16ea5a54f14f087e9c66a258e7f1d9bee51f49b891318b958e89588",
    "results/failures/p114_after_amendment/crates/actinv-data/src/endf.rs": "53d7df649c930efa373c97127c817df9a0c1c712c60d97b409a5bd509282e252",
    "results/failures/p114_after_amendment/crates/actinv-data/src/fission.rs": "f2e4dce7d2bc566cbf5c32cf68b0fe3007f2b722b65eeecad17f2d81661b2011",
    "results/failures/p114_after_amendment/crates/actinv-data/src/groups.rs": "3c331b49d8464947c27fb8299152d4faa7658f18c658a476e416eaf08296e0f3",
    "results/failures/p114_after_amendment/crates/actinv-data/src/lib.rs": "91567ccc466c91bb10866f82545b1b929eeefa008a19920075cfe8f0bf669018",
    "results/failures/p114_after_amendment/crates/actinv-data/src/library.rs": "f1f80249839874ce695f530f662182663f888e87949d8aaeca8638ae5326c871",
    "results/failures/p114_after_amendment/crates/actinv-data/src/normalize.rs": "7041f7a53856f6409ac8d95fd44f683a5c18f496537339668d1953bd49261e6d",
    "results/failures/p114_after_amendment/crates/actinv-data/src/prepared.rs": "43bc4ea5590a4069fb5b503b798222a661a9c14718727bfddd77c55366414762",
    "results/failures/p114_after_amendment/crates/actinv-data/src/processing.rs": "b80de2abfc574df37e79db771aa164a754d3bad62c8fc2205b732609376b9700",
    "results/failures/p114_after_amendment/crates/actinv-data/src/resonance.rs": "8ad5bdfae5acaf6083729c2e4161c7e1f8c584cabf6c6ddc0d57d8b63edf1b54",
    "results/failures/p114_after_amendment/crates/actinv-data/src/shielding.rs": "b5596655068fd267e3422f60ea77ab69857d68cd6b3b4f8556dc084f041b98cc",
    "results/failures/p114_after_amendment/crates/actinv-data/src/tables.rs": "888923a68d6a7841c75883615f7cc738fc4a06ca5ec4f1e13ce3ea9146146d2f",
    "results/failures/p114_after_amendment/crates/actinv-gui/build.rs": "ba3dad3e79ca77e324554f943598000c523e4d777c4190b1682926d37bba8ab6",
    "results/failures/p114_after_amendment/crates/actinv-gui/src/app.rs": "866620532f9eea91b35af5587ac9b7453cf6a4fc546a753c9c6e3e3bad52366d",
    "results/failures/p114_after_amendment/crates/actinv-gui/src/capture.rs": "b5bfdb71a16a36b954d52770c8ce0258f961c89d41ee9f8a3a95c7dae30dfc9e",
    "results/failures/p114_after_amendment/crates/actinv-gui/src/lib.rs": "a25925117a2fe9daf1f6e7692750004c90ebbf4a273993af149cf8f822e91f9f",
    "results/failures/p114_after_amendment/crates/actinv-gui/src/main.rs": "b7ef2af84b0ee8b6131803590a421027375c821220611557b6d17f87795d93c6",
    "results/failures/p114_after_amendment/crates/actinv-gui/src/model.rs": "a2b345b2da356ed5953c8830f94e183c6d563b33c88b477f01e27ea93ce67764",
    "results/failures/p114_after_amendment/crates/actinv-gui/src/options.rs": "0d9a2fcdd592060a5b8a5ee3e71822af940fb18fbfa2d51600c554815528d0e4",
    "results/failures/p114_after_amendment/crates/actinv-gui/src/smoke.rs": "580f83ada2dd1d061f2e162b62a540a980ef813716c0f0a8f094deba7eb19e0d",
    "results/failures/p114_after_amendment/crates/actinv-gui/src/sweep.rs": "7b4d57895ef1d06348f1dd1411fe94f3c80cc76fa7b56d62453301813f63443c",
    "results/failures/p114_after_amendment/crates/actinv-gui/src/tour.rs": "0869eb3e7b2e0d8468a4708484d173905d56b979f3cfe21eb20b9d5613225685",
    "results/failures/p114_after_amendment/crates/actinv-gui/src/transport.rs": "6b3fd8795175e8b95be412719615e6018752353ea6dc30271d68966d01088a43",
    "results/failures/p114_after_amendment/crates/actinv-gui/src/visuals.rs": "35842c494d2e654999d1e065cbcbf1e833e8d63f1c46004924c40cc345eafe25",
    "results/failures/p114_after_amendment/crates/actinv-gui/src/web.rs": "6d6a672fc17c024234adc6fa887876131e5fdec8d5b33ca43d94fa868e86ca84",
    "results/failures/p114_after_amendment/crates/actinv-gui/src/web_app.rs": "5644807412fbe51d0e381d6be5e9b314f420088f629ab82ab2f5e7b665da30b9",
    "results/failures/p114_after_amendment/crates/actinv-gui/src/worker.rs": "cbc1185941ba34139062108560d2ab8931c94c24ac7281e9c86bc022dd4c7d0a",
    "results/failures/p114_after_amendment/data/waste_us_nrc_61_55_v1.json": "890268af81a53815b8e11c238e4a1694eabb79664a1ca087fd7fe22b9fabe5d7",
    "results/failures/p114_after_amendment/docs/ROADMAP.md": "bef4215d55beb97534a043cf116deb04fd7cff5976d1aabf95d7f44fbca7166b",
    "results/failures/p114_after_amendment/docs/history/sessions/P114.md": "23f380c005836aaf0518806c4a214b9e4c2b29761e8ba5d03051bcccaa275a82",
    "results/failures/p114_after_amendment/docs/maintainers/WASTE_RULE_SOURCE_REVIEW.md": "4d316aacee158dbcc36daf4bd191d84ee7c511d471555ec3084115dabaeefd64",
    "results/failures/p114_after_amendment/ledger.md": "a30e5b2b9c98d23b79f3caadbce0f940c0ad40e2451f44d62ae61b13719fc17e",
    "results/failures/p114_after_amendment/protocols/ACTINV-P113_AMENDMENT_A.md": "6a0191ccc3500ebaeb3165a2b630d0c857d18335ce8fe70dcf07d9d7445ac46c",
    "results/failures/p114_after_amendment/protocols/ACTINV-P113_PROTOCOL.md": "0495157f3e8308d6a28475b94363e24b932f462c10f901518fa1c809a68ebbfa",
    "results/failures/p114_after_amendment/protocols/ACTINV-P114_AMENDMENT_A.md": "b320e9fe34dfa34c5bae88a10b7486f2618b41ac124790f5ac984e4332ab5c9e",
    "results/failures/p114_after_amendment/protocols/ACTINV-P114_PROTOCOL.md": "01b5a99cf8855c57e1ecae12ab794d3d2fe2ce81930868043f0805289ec0bb8c",
    "results/failures/p114_after_amendment/protocols/protocol_hash.txt": "5701b533e1af6b51dcf6c68a9197f3dbfe61551bcdf2ebe7bfd63450d967a999",
    "results/failures/p114_after_amendment/results/failures/p113_after_amendment/invocation.json": "c21f659d7c190aede161d7107ae6e0889e6442d69b3d802f7b12850eb42dcc71",
    "results/failures/p114_after_amendment/results/failures/p113_after_amendment/target/p113-workspace-tests-final-confirmed.scope.log": "b80894b20594fb39e9f074e1494e08880d96682595ec733912dac24df2190ac2",
    "results/failures/p114_after_amendment/results/failures/p113_initial_seal/discovery.json": "0f099f92637eea2e3346f02be0d588f9f6d96c95cdd41aae0d7050b1fbd36c4f",
    "results/failures/p114_after_amendment/results/failures/p114_initial/discovery.json": "ac3f2638af88dedb56472ecbeda835efbf8c339316ece680867471043de87c7a",
    "results/failures/p114_after_amendment/results/g0_p103_seals.json": "31a87b130be75f290569d0bea083ec4e687e498a0627eeed25cf8c0209e38367",
    "results/failures/p114_after_amendment/results/g0_p105_successor.json": "53f478d4274515c4c4fb51661a7add371af719b241fc5e02acbe34a531d1ca6a",
    "results/failures/p114_after_amendment/results/g0_p112_intrusion_screen.json": "da06735bacade33eeb543e08300d09efcb5e995e9c9f8b80904cd5f8d9be1906",
    "results/failures/p114_after_amendment/results/g0_p113_twin_waste.json": "61d8c6faaf7eb93d8f3a4d9e369e8710eee45b93f946d405f54c216dd730a037",
    "results/failures/p114_after_amendment/results/g0b_p103_vectors.json": "a3a846da215940f66bb5f428a0aa4931b9a26250ea14a12d0bc5c5369cfd9293",
    "results/failures/p114_after_amendment/results/g1_p105_classes.json": "2010e03dd3bf6ad91eeba94c25fd1a02a6ba2cfc561f03912f860fa38f28dfab",
    "results/failures/p114_after_amendment/results/g1_p112_intrusion_screen.json": "1193312d504ef6e21c7be973d79b22c32b85ae619f9b6341b2269885013c61e6",
    "results/failures/p114_after_amendment/results/g2_p105_budget.json": "7413f9a3127a6b3d6c297232cff137e7c6a93cdd0fe6025226702588e7834d29",
    "results/failures/p114_after_amendment/results/g2_p112_intrusion_screen.json": "ff81ceacceac180039884c7c5d53525c4db107bb2cddcbf5d261d12d618538b4",
    "results/failures/p114_after_amendment/results/g3_p105_quality.json": "0ad41150b27c3e62acf2893d252bcd8986d989ba4cf90f4832bc4251252c88bc",
    "results/failures/p114_after_amendment/results/g3_p112_quality.json": "332445c7b022744dda5219bbbd8312440470db98f2b803ad6cbf5a8386ab865a",
    "results/failures/p114_after_amendment/results/g3_p113_quality.json": "529fb6b0f5c1542165300240a2d59cd2cd6ad9fa84c11d4f0748d48b72da2b01",
    "results/failures/p114_after_amendment/results/p105_ci_runs.json": "9cc923e1075561253e27ea6b5c45d0dc2930f659283491d6ce34e536c10507c4",
    "results/failures/p114_after_amendment/results/p105_verdict.json": "0e2c770096662aaef1a9f4fd4a78d9aa8c71c775e86f1e27924708c84b361b41",
    "results/failures/p114_after_amendment/results/p107_verdict.json": "5e5bae7ebf1f5c244a84f6e03ffe19c3e148f3678d939bc12a09f26053aea3aa",
    "results/failures/p114_after_amendment/results/p108_verdict.json": "231071d8f4009294a2eec3ca1029054ec9542d9d1cdc29b12c282fd8d19041ef",
    "results/failures/p114_after_amendment/results/p109_verdict.json": "b6d370e3e560d0d7f780b0a7bb6344413fee87eb69eab865ac9e5ac58b449398",
    "results/failures/p114_after_amendment/results/p110_verdict.json": "1a2f7254e22333778c456139f19b231b76c7f2c3232115c1a104b61b2d43503d",
    "results/failures/p114_after_amendment/results/p111_verdict.json": "35c3b5eb4ef12fcad7e78f90a9103b476cdb51b29cb7974b7ec0a3ddae25579c",
    "results/failures/p114_after_amendment/results/p112_ci_runs.json": "20fe05c616515ec635fcab34134acae0bf902db45134af92b8a9cbc0c3d9fe7d",
    "results/failures/p114_after_amendment/results/p112_implementation_commit.json": "6c7ac49555c8ed383005175fa651413dd262a388e1e28d34813bf2277c84e117",
    "results/failures/p114_after_amendment/results/p112_verdict.json": "b94cdab3a9776d51df74b793b889f80198e8e5f6d9c0af04d7fba671d248e91e",
    "results/failures/p114_after_amendment/results/p113_failure_commit.json": "6abcea6e882eae37e0e9e051071dd1332e5f2448c795173987f0eb0c99387fcb",
    "results/failures/p114_after_amendment/results/p113_verdict.json": "ae000348b4e6c58eb217d1ce9c5e9946fcf7b440562835855f724f6a1650e461",
    "results/failures/p114_after_amendment/results/quality/p114/gate_recorder_regressions.json": "740a15379165ddb30a5eb4e901cc8d89489b8d4480a2f018b5e6a841898f6ad0",
    "results/failures/p114_after_amendment/results/quality/p114/p113_history_regressions.json": "5450c69b034fe588be775437d4899f05f1fccb5c61a12ddae2e4ae540ab38d24",
    "results/failures/p114_after_amendment/results/quality/p114/p114_oracle_regressions.json": "e1467798a9a48769d6778d6644e71157f94f8c681540dc948cf671e2cd0dae82",
    "results/failures/p114_after_amendment/results/quality/p114/p114_seal_regressions.json": "040de34fc70b307b2b68d1793c87b41ff8b7d5ca5cfa1577b1b49fa80a039ab2",
    "results/failures/p114_after_amendment/results/quality/p114/release_build.json": "4b77896a717334d05007cd67a38247adb90b126c5288cb57f96ed3334f07a40f",
    "results/failures/p114_after_amendment/results/quality/p114/rust_fmt.json": "bfb562c384c48f2ff8d527b97852e8f04c7492952a65abadeb4e5770a371014b",
    "results/failures/p114_after_amendment/results/quality/p114/workspace_check.json": "96700aeac4d146bb51149b28faa8e330e06e9ba8cb910b18110f4fe07c82edf7",
    "results/failures/p114_after_amendment/results/quality/p114/workspace_clippy.json": "1ba559e1f949f8953b56b1bae53d396627131b42b0b478e84c54e24e70e4509b",
    "results/failures/p114_after_amendment/results/quality/p114/workspace_tests.json": "829f6cc0f9118c20120a8083a91e79340e3e3f5ab834fe5d7635c4170367f8f5",
    "results/failures/p114_after_amendment/scripts/run_roadmap_gate.py": "e78a811fa44629c1fcdf2adcc7c8f80c74216dcc4dbfec58506396b6bc75421d",
    "results/failures/p114_after_amendment/scripts/test_run_roadmap_gate.py": "45d988ecf347e606053ddee8d49778e9ee8b53a9389602786220ba59bf291213",
    "results/failures/p114_after_amendment/target/p114-gate_recorder_regressions.log": "5be684fd3835ecf2f780fdd6ebdc6cbee56f4c1dbefe0e2d7bbf07bf97ae1e1c",
    "results/failures/p114_after_amendment/target/p114-gate_recorder_regressions.scope.log": "38ef0a33a51adc1425f3c03c331ef8ae5cf8fa36d3d05ba0eb081962c458d337",
    "results/failures/p114_after_amendment/target/p114-p113_history_regressions.log": "f4efd63905484c65a9fc77cbede97f65f37d3ebd4d9f228a572032828e70f594",
    "results/failures/p114_after_amendment/target/p114-p113_history_regressions.scope.log": "e3d5fd9efaf8a65cda0df8ca6d31bbf5c8f67dadafbbde50929b40e50e71db0d",
    "results/failures/p114_after_amendment/target/p114-p114_oracle_regressions.log": "3ce9c4aad1956b7b3c56ba5f3824fedefe1374f573326f3f7112230a3149bbdb",
    "results/failures/p114_after_amendment/target/p114-p114_oracle_regressions.scope.log": "58a13841ce8a4cffb634f629598685ea28caffd64fdf01a20563269b36a6f96c",
    "results/failures/p114_after_amendment/target/p114-p114_seal_regressions.log": "dd4b3ebbf7a52f221b4b7ad253a18083241fd19071e738c415747955128914da",
    "results/failures/p114_after_amendment/target/p114-p114_seal_regressions.scope.log": "3a7cca4263d18f2190083dc453a1c7864bc0982492757c58133c29ed0d31d57d",
    "results/failures/p114_after_amendment/target/p114-release_build.log": "0ef1dcd480793080c328b204f9d6cc905a9ddc0d9abe63b72b2de7461faaa833",
    "results/failures/p114_after_amendment/target/p114-release_build.scope.log": "7536b7db35370e7496386e34cc30bbacb618e762031053c4e62e709b4eabddb3",
    "results/failures/p114_after_amendment/target/p114-resource-limits.log": "4e00c390b27118221632d094d6a97dd50b027c3f6e2f71f92e8df8987b497cba",
    "results/failures/p114_after_amendment/target/p114-rust_fmt.log": "d089e3fd1b6af72738fef9c8184fde8091a1e32d01cca07029facb83bbf17ea1",
    "results/failures/p114_after_amendment/target/p114-rust_fmt.scope.log": "54cae574d6ba83920faf175fa106dacc399fe65807e94906d51bd99efe0890b5",
    "results/failures/p114_after_amendment/target/p114-workspace_check.log": "36788001b6e0ba33b4d99b947743b631f0c76c3901fc721e5215acbc1a76abbd",
    "results/failures/p114_after_amendment/target/p114-workspace_check.scope.log": "9ed8f97c6e1541c0e547707a0b2f78cdc1b09c09c585b2e698c9c55acec214d9",
    "results/failures/p114_after_amendment/target/p114-workspace_clippy.log": "aaf3ba4a6f44e25b0a131757319f208e92e514b67fa09df12d71cf22229add6e",
    "results/failures/p114_after_amendment/target/p114-workspace_clippy.scope.log": "4c64a053350b12a108b0ae6918fabbacdec165c4c7450acb04e238a073730753",
    "results/failures/p114_after_amendment/target/p114-workspace_tests.log": "ba7f4450faf196644c34a3b55c1c028ae77c8baa6856fefc18da58e5f0b8a782",
    "results/failures/p114_after_amendment/target/p114-workspace_tests.scope.log": "8f67634bc4698dddd34ed8154cfee48bab0ea754462bd3711ebe150cf324fe42",
    "results/failures/p114_after_amendment/target/p114-write-quality.py": "917094ee589cbc0be84e181fa6f08162874a44c339ddd6c3326ec6ffe63d8123"
  },
  "p114_history_summary": {
    "checkpoint_commit": "88e9251a6c7a61db2293ee9772457e4f51842253",
    "derived_verdict": "P114-FAIL",
    "derived_verdict_matches_persisted": true,
    "executed_gate_receipts_verified": 9,
    "failure_record_verified": true,
    "final_amended_archive_files_verified": 196,
    "frozen_p114_control_files_verified": 62,
    "g0_unsealed_g1_g2_unrun": true,
    "historical_source_verification": false,
    "initial_archive_files_verified": 176,
    "initial_oracle_failure_receipt_verified": true,
    "pass": true,
    "rust_files_verified_against_checkpoint": 100,
    "successful_gate_receipts_verified": 8,
    "terminal_seal_failure_exit_1_verified": true,
    "verdict": "P114-FAIL"
  },
  "p114_initial_archive_sha256": {
    "results/failures/p114_initial/.github/workflows/ci.yml": "e92c63ac23dd559471698c6f5731865313d7bafd694b0596f6b22e3602024626",
    "results/failures/p114_initial/controls/check_p105.py": "fad7a5e78f3f4b29941a3f4c340f875f5a31095ba429fa6c7857a47084810ef1",
    "results/failures/p114_initial/controls/check_p105_verdict.py": "5b43632249829187eefd8a28f0530c966b32ab59f15fd67109f4a74620bbaa16",
    "results/failures/p114_initial/controls/check_p111_history.py": "7ac84f74c56a250503428926b0acdafb0221742deea317493f56d55217b49da8",
    "results/failures/p114_initial/controls/check_p112.py": "285a7600a00b05187a0f4e9fa8521e97edf9addee8745ab6f2237961b966d33a",
    "results/failures/p114_initial/controls/check_p112_verdict.py": "d0f6503918940b5dd12e7c431cdcfbc1ddbc69ad6810bacea2b6bafdb27299d3",
    "results/failures/p114_initial/controls/check_p113.py": "6318c6adc1ca9a26dcc35a2b14c1db466410865180fcbe6862a8f81c0297e8f7",
    "results/failures/p114_initial/controls/check_p113_history.py": "53f0c8017d8bbcd0aab4dabfc3e5217921fdfaf667cf6124108002fcd7bf7f1f",
    "results/failures/p114_initial/controls/check_p113_verdict.py": "6d92fc34722cb5e38d4a882032cc7d39f2a810c52135ba8ffb3f9b7dd65e5bd7",
    "results/failures/p114_initial/controls/check_p114.py": "05223bd98c082941d3265124bda501e8fd8e75789d67f9e6a667dba76bca5b3b",
    "results/failures/p114_initial/controls/check_p114_verdict.py": "728e1dc3ba1b2df023083536b902b409f5595770b2afe8bc75d008f95cce8350",
    "results/failures/p114_initial/controls/fixtures/p103/61.55_2025.xml": "7c08a6cb64d21e082ecf62a94fc3ef0be42c64fb68443658eff393ddc0bc0864",
    "results/failures/p114_initial/controls/fixtures/p103/classification_vectors.json": "bfefb655b2df52da7ccb7a93cfd7c22bdc18762917e900e828ebd97d58b2bb42",
    "results/failures/p114_initial/controls/fixtures/p113/cases.json": "e6bcebc856c7faaa571455a45c81da49e988a34bfd1f7149bc67656d93d5f956",
    "results/failures/p114_initial/controls/p103_vector_fixture.py": "89c05549d8a9b71c256e3688f64b56cb62f24b2e59b7d5ab4a7e79ff6adbd284",
    "results/failures/p114_initial/controls/p105_budget_control.py": "b9b69dc424a37d45b41b165276884c3d032d32ea968e3fd0f4c85add653c41bb",
    "results/failures/p114_initial/controls/p111_intrusion_control.py": "a8152cf68719b6384610f2f8b08f2a3a46b901b8f3af7f9b3db8c61414e7c153",
    "results/failures/p114_initial/controls/p113_legacy_control.py": "34e9ad3f614794902ec833de8514202690914a0ca369d995db2b6b167e367b2a",
    "results/failures/p114_initial/controls/p113_twin_control.py": "6572000eb079985fd14354101f71d6062fc881ac666dd076b502b700b937c976",
    "results/failures/p114_initial/controls/test_p113_history.py": "3b65fb727f1815e894bf8397495be2f15d56db66ad5800ba5e7f83db7a081e5f",
    "results/failures/p114_initial/controls/test_p113_oracle.py": "a743c4832b08356e11df4f1151c7298416d94ac041aa2a9f17123a6ed942dc9d",
    "results/failures/p114_initial/controls/test_p113_seal.py": "d1702033887b8599d3b5a469393f1e168df8f93785737b874b30b1d8b2968586",
    "results/failures/p114_initial/controls/test_p113_verdict.py": "35eff843ac4d38e8bda13ffdf0ba2ced1c162b254ddab74680f0b9cece396d6e",
    "results/failures/p114_initial/controls/test_p114_oracle.py": "61da07cb9ca9c95fa731aba943633639c4fdf9156994de667284e7b6bf21bd52",
    "results/failures/p114_initial/controls/test_p114_seal.py": "cefa25ceb3e23aeb8cc89455cd3caee3a262535e8eb69d0c06e61014046c69e6",
    "results/failures/p114_initial/controls/test_p114_verdict.py": "f6130a5ab336111b23e2add899a6d30f79d6805d27e420938c5cb6c5f1ab73fc",
    "results/failures/p114_initial/crates/actinv-cli/src/assimilate.rs": "b0f78a7666b9752c35948029d02cd52cd03a8b9596566a425b5512f30bd72237",
    "results/failures/p114_initial/crates/actinv-cli/src/bin/actinv.rs": "1b47334f832ba5a39dfb16cd01f108c1ddc7926c89506cdadd13c9d75b16b78e",
    "results/failures/p114_initial/crates/actinv-cli/src/budget.rs": "fa7627d38648f8808006894309b3c3c1ad5e93c7ccef74604ff013eb8ba8455c",
    "results/failures/p114_initial/crates/actinv-cli/src/command.rs": "6049aa941b749bd18f5dc4851304492f0db920ff5ded1e7de941b582f0df85d5",
    "results/failures/p114_initial/crates/actinv-cli/src/decide.rs": "f94367b7bff4b23b0db198c08e8894b06e17b5fc1b43d01fe4a7a5cd78ce35e2",
    "results/failures/p114_initial/crates/actinv-cli/src/evalspread.rs": "dd9d19b9f71194417bc089ecb995d73cc631970c02305340999beb5fec8db59c",
    "results/failures/p114_initial/crates/actinv-cli/src/lib.rs": "192fe4ad229d242dc07d5bf6378f54fdec4d09c0a1ea04161320dba7199dbe71",
    "results/failures/p114_initial/crates/actinv-cli/src/optimize.rs": "7d4f384ac0075b5246757fe30fe53c6efd023da3ba11f54c77d95a7037830c28",
    "results/failures/p114_initial/crates/actinv-cli/src/surrogate.rs": "4f5170c98d54041561921d33223ad8568fa212b2d68ebf5b832f54288786740c",
    "results/failures/p114_initial/crates/actinv-cli/src/twin.rs": "ce6088b610747b49bf7f56a037f4a003d1927bd6efc3dfe37b449cf66e880e61",
    "results/failures/p114_initial/crates/actinv-cli/src/twin_waste.rs": "ab563b458fbcf1fe230fc3f3afe7a55993479a14f7bfccd2ec4ef25f74456b3a",
    "results/failures/p114_initial/crates/actinv-cli/src/waste.rs": "18acc9564e52f5286f33a4b6edc33c0a00ee5ba903f0c3bcb031d92568ff8c15",
    "results/failures/p114_initial/crates/actinv-cli/src/waste_bounds.rs": "86e3199305a8a8526bfd95dbdedb587de932118d9a71027884ebb215801315e4",
    "results/failures/p114_initial/crates/actinv-cli/src/waste_budget.rs": "23a41809157ce20357d4a0b4cdf805f79ba83aed28e8ca437f3262da68c162da",
    "results/failures/p114_initial/crates/actinv-cli/src/waste_composition.rs": "5f24307f0b6674dff0a692bfe74dd694c025e151e12c77640b6d102ed5e3cb30",
    "results/failures/p114_initial/crates/actinv-cli/src/waste_composition_solve.rs": "bacb623a8229cc4f86b3c5fe3f76a89c3c5c99f1cc364cdbaa5e8f1a7eafc569",
    "results/failures/p114_initial/crates/actinv-cli/src/waste_composition_verify.rs": "363ae16501e33ff002db3afe5d12e76f39168cf516472350e59779fe2442a1b0",
    "results/failures/p114_initial/crates/actinv-cli/src/waste_intrusion.rs": "32fd0c623960581995bea73744fadd52c07f1f3d0e9b7d9cbe03a03edfe1688c",
    "results/failures/p114_initial/crates/actinv-cli/src/worker.rs": "1e99fbd1109027fbb2587686c9fcbbee1c8805bfe45134888181f40e252f4d51",
    "results/failures/p114_initial/crates/actinv-cli/src/workflow.rs": "d5b166fe18acf3332c110a405097642dc6037f517a9373c5631b576589135edd",
    "results/failures/p114_initial/crates/actinv-cli/tests/data_command.rs": "d88714714fb240cca43c69b78652a0473b363f3a394c53500fb2e4dd047e9cf4",
    "results/failures/p114_initial/crates/actinv-cli/tests/validation.rs": "4ce61a0b0447bf63bef9d89403c16e0bfaa281c68c96340aaac82b572f5b69ee",
    "results/failures/p114_initial/crates/actinv-cli/tests/version.rs": "d821ad302a2fa82e0ce91e9aae194c42488d05b71b2453d40c8d683b3ad8c3a1",
    "results/failures/p114_initial/crates/actinv-core/data/waste_us_nrc_61_55_v1.json": "890268af81a53815b8e11c238e4a1694eabb79664a1ca087fd7fe22b9fabe5d7",
    "results/failures/p114_initial/crates/actinv-core/examples/p92_balance.rs": "129fcd87769fdd9cf208940ed4115e2a1b36f5a82e60ba1df2e219ab12f53917",
    "results/failures/p114_initial/crates/actinv-core/src/bin/cache_probe.rs": "ade32188ff57bb40e9f763a59a2c33e3f7b447779a0fb3495b5257472609ae03",
    "results/failures/p114_initial/crates/actinv-core/src/bin/cram_probe.rs": "27dbf073400a7ad3afb64f913fa809951eb800d0de3f8f11688606a1c2f64943",
    "results/failures/p114_initial/crates/actinv-core/src/bin/fission_probe.rs": "ea3e12d69ed22100717638e89c8573e4a850f3ce7671c8aa34a0fe34d2d1f49c",
    "results/failures/p114_initial/crates/actinv-core/src/bin/flux_probe.rs": "a55ee49f8d0544fc05fec3e6d1ec5363de814db041b298087aeeb983362899b3",
    "results/failures/p114_initial/crates/actinv-core/src/bin/parser_fuzz_probe.rs": "520cbeebb16e0cd289992f32dc7e302b3abfb459f5a1faf88946f23e42c53146",
    "results/failures/p114_initial/crates/actinv-core/src/bin/photon_probe.rs": "abc4a8dff5025eceb8a7bad5aead22763961e3208b8b693ad0e99bca2f9cc66c",
    "results/failures/p114_initial/crates/actinv-core/src/bin/prepared_probe.rs": "b5df928a0dc4ade085d8d3c8d5a03cadb61c9aebd6f2befef1f6214228723582",
    "results/failures/p114_initial/crates/actinv-core/src/bin/uncertainty_probe.rs": "a95e9328bfe93b23db3134930b2a0a8cedfcd0e076f6784bd5bc403151b93798",
    "results/failures/p114_initial/crates/actinv-core/src/bin/unit_probe.rs": "81eba337cb1d0e7c2ae060de43b21b989936dd2106a17db5ef5af8d6526e1a0f",
    "results/failures/p114_initial/crates/actinv-core/src/chain.rs": "6c6a77f00e8c3a832e5c4b4c006cf78b3f1402c1530621b685b2f468e0862b23",
    "results/failures/p114_initial/crates/actinv-core/src/clearance.rs": "d6a725cea709c2eb48ecfe1716e02d0c64f265451c387adc49dc2be9b15b74d8",
    "results/failures/p114_initial/crates/actinv-core/src/cram.rs": "79f13e05c2111f1dae06f5069bcc569939f0d3c55d6456b4d6cba5fb5e474cba",
    "results/failures/p114_initial/crates/actinv-core/src/cram_coeffs.rs": "ad87f5e6af18c6b4c4a0bb79d93d6530d7e45ae521e8521080f6106ca3b847a9",
    "results/failures/p114_initial/crates/actinv-core/src/damage.rs": "d005ca5ab2b6d127002d903c504a95241a7e8b562a30742779d8e54aabbb1b37",
    "results/failures/p114_initial/crates/actinv-core/src/doppler.rs": "92e693b957514a6889a5e4bde3182f498385289c306fd0d03becf572a2cd8c6f",
    "results/failures/p114_initial/crates/actinv-core/src/finite.rs": "a14163d327d3792e1936a18e5cae84f8cfa2ac57b8d083a747b588e56c9e6a2f",
    "results/failures/p114_initial/crates/actinv-core/src/flux.rs": "303429ede4c69afccf05e347dbe820f241c623a70cad4b43356c349528f940dd",
    "results/failures/p114_initial/crates/actinv-core/src/gas.rs": "f358759dc25c7bb42d81006074a2f0b8ef679c0623725a3eef85cbe1bccbf6d4",
    "results/failures/p114_initial/crates/actinv-core/src/lib.rs": "3fb7ac6b8c9a7380a0f3b1809303f288720d55b0d77d293c693acc833c368ef0",
    "results/failures/p114_initial/crates/actinv-core/src/mesh.rs": "f27b3774c6de095eaf1179da86c85575defcfd42d6b6af24ce41ba73d10a6e89",
    "results/failures/p114_initial/crates/actinv-core/src/photon.rs": "39cb950426d3eb528e0695ef1c87af865f155bf999b545d3452ad81241d1e728",
    "results/failures/p114_initial/crates/actinv-core/src/prune.rs": "f243c865a425bb35b5f71978148a422a52945bd1d06b857369c3ea7f26a74435",
    "results/failures/p114_initial/crates/actinv-core/src/quantity.rs": "ff87d2bcbd3efef668bc9563240e1bcc27072e466d39659dab1a2525950e46d9",
    "results/failures/p114_initial/crates/actinv-core/src/r2s.rs": "f511d47d3fd36c6df5ab8b0aad85b31b010d2add9113611022a0b78baf9b5db4",
    "results/failures/p114_initial/crates/actinv-core/src/radiological.rs": "0de7344850fbea048f2690a609d0f1fc8dd8205e8dedd3bc2684b157d99372a2",
    "results/failures/p114_initial/crates/actinv-core/src/reverse.rs": "0539da50e2eac494d0e0aacff9c7f1f5a254b098e5cba338da53633ee9a5113a",
    "results/failures/p114_initial/crates/actinv-core/src/run.rs": "9fccfee575f1ddfad229a7e7d225150f10f4e8aa776cc2e6e748850b9c558eb7",
    "results/failures/p114_initial/crates/actinv-core/src/shielding.rs": "0ebf3068ace5641afe5fa4034eca7c12a8914d3d7f3760606007fbceda93c21e",
    "results/failures/p114_initial/crates/actinv-core/src/source_adapter.rs": "f5d25dc6e3e471873e5fbc07c267269eb6da6d940587a6c36ca28635f1922e5f",
    "results/failures/p114_initial/crates/actinv-core/src/sparse.rs": "0ab2864aacdfb87a2522132df003c00388ce2cd0e49a445ed4c87f67c99f0fbc",
    "results/failures/p114_initial/crates/actinv-core/src/spec.rs": "7ae5c4c8b2b3adcf75ec7a8b9457b276b06a8e79816e66be33c43c145b2df480",
    "results/failures/p114_initial/crates/actinv-core/src/study.rs": "eaece838acf380190719c9157dfad1d1fd3538b7f8c62bacc1120c11550a3226",
    "results/failures/p114_initial/crates/actinv-core/src/uncertainty.rs": "fc680cbc0d3aeb479867c6c9ef86b7e33f6fb03642062172d7350c9c4606f8a5",
    "results/failures/p114_initial/crates/actinv-core/src/waste.rs": "3ed8bb1d468cc19b1fb12dfe17d64065e00ddbfa5f47936e2b6cf638a6cbb607",
    "results/failures/p114_initial/crates/actinv-core/src/waste_bounds.rs": "be9e39811dd496fc2622c5412beba3f5548f8153723a283f872815e652888d7f",
    "results/failures/p114_initial/crates/actinv-core/src/waste_composition.rs": "de783f5d4eb301e8846839d9e54c9ba3da68824c1e85f7e020cef64bcace2f3c",
    "results/failures/p114_initial/crates/actinv-core/src/waste_intrusion.rs": "efd2a4aa216652e627f70f854b9bff400228c4dd8cdfeb1070d11ab9841aaed6",
    "results/failures/p114_initial/crates/actinv-data/src/activation.rs": "4a977463891ed236c6ab73cce785f1e70c2362fc4103934239f900d7ed2820c9",
    "results/failures/p114_initial/crates/actinv-data/src/bin/dump.rs": "6faac1a95a31f3a6f2f7d0dc29fafcabd36768737070580c3e6e12f47d2d0464",
    "results/failures/p114_initial/crates/actinv-data/src/bin/p18_corpus_probe.rs": "4f7afb6c2b4e388596f235f05d63555d03d573d18061e17463c863cdda0aa9e8",
    "results/failures/p114_initial/crates/actinv-data/src/bin/p18b_corpus_probe.rs": "8dcf50a0b11631db0877e30be9397750b0b4c64eb3435ad601b2f753939effef",
    "results/failures/p114_initial/crates/actinv-data/src/bin/p18b_oracle_probe.rs": "558b6ed1e6c1689196b0fe8b1467bd122a44113869e0754614f286b0d38bb66a",
    "results/failures/p114_initial/crates/actinv-data/src/bin/p20_collapse_probe.rs": "570eaa5c84956e3aa0c96d0c7fb684ba3fa8174c18b7a1ec392497fa1927bf56",
    "results/failures/p114_initial/crates/actinv-data/src/bin/p20_corpus_probe.rs": "fa5a5d5a1cd0f73f79aa83fa7f2907ce431b0e1c425075cd86bfe6f8a1361e1b",
    "results/failures/p114_initial/crates/actinv-data/src/bin/prepared_data_probe.rs": "446faa941069cc65c28a35d331197fc6865b5f0e6e8163c9d7fcf55e57685366",
    "results/failures/p114_initial/crates/actinv-data/src/builder.rs": "4d86b97ae1dde51c6ce6590f980e77bb19786b891da4080596ccc4dafa111ff8",
    "results/failures/p114_initial/crates/actinv-data/src/composition.rs": "584399c14c25b24db09311622696bd2e5691dd3045cbaec0ce406ba1fefbf024",
    "results/failures/p114_initial/crates/actinv-data/src/covariance.rs": "6165db1e3338634fb9320a1b22988836e8f16d68b47bd732715238886c9a26d4",
    "results/failures/p114_initial/crates/actinv-data/src/decay.rs": "4be7dff38361d3e28775ed387b6cd8553768fbac69eea518176a3ffa23b385cf",
    "results/failures/p114_initial/crates/actinv-data/src/doppler.rs": "8c9a0ef4a16ea5a54f14f087e9c66a258e7f1d9bee51f49b891318b958e89588",
    "results/failures/p114_initial/crates/actinv-data/src/endf.rs": "53d7df649c930efa373c97127c817df9a0c1c712c60d97b409a5bd509282e252",
    "results/failures/p114_initial/crates/actinv-data/src/fission.rs": "f2e4dce7d2bc566cbf5c32cf68b0fe3007f2b722b65eeecad17f2d81661b2011",
    "results/failures/p114_initial/crates/actinv-data/src/groups.rs": "3c331b49d8464947c27fb8299152d4faa7658f18c658a476e416eaf08296e0f3",
    "results/failures/p114_initial/crates/actinv-data/src/lib.rs": "91567ccc466c91bb10866f82545b1b929eeefa008a19920075cfe8f0bf669018",
    "results/failures/p114_initial/crates/actinv-data/src/library.rs": "f1f80249839874ce695f530f662182663f888e87949d8aaeca8638ae5326c871",
    "results/failures/p114_initial/crates/actinv-data/src/normalize.rs": "7041f7a53856f6409ac8d95fd44f683a5c18f496537339668d1953bd49261e6d",
    "results/failures/p114_initial/crates/actinv-data/src/prepared.rs": "43bc4ea5590a4069fb5b503b798222a661a9c14718727bfddd77c55366414762",
    "results/failures/p114_initial/crates/actinv-data/src/processing.rs": "b80de2abfc574df37e79db771aa164a754d3bad62c8fc2205b732609376b9700",
    "results/failures/p114_initial/crates/actinv-data/src/resonance.rs": "8ad5bdfae5acaf6083729c2e4161c7e1f8c584cabf6c6ddc0d57d8b63edf1b54",
    "results/failures/p114_initial/crates/actinv-data/src/shielding.rs": "b5596655068fd267e3422f60ea77ab69857d68cd6b3b4f8556dc084f041b98cc",
    "results/failures/p114_initial/crates/actinv-data/src/tables.rs": "888923a68d6a7841c75883615f7cc738fc4a06ca5ec4f1e13ce3ea9146146d2f",
    "results/failures/p114_initial/crates/actinv-gui/build.rs": "ba3dad3e79ca77e324554f943598000c523e4d777c4190b1682926d37bba8ab6",
    "results/failures/p114_initial/crates/actinv-gui/src/app.rs": "866620532f9eea91b35af5587ac9b7453cf6a4fc546a753c9c6e3e3bad52366d",
    "results/failures/p114_initial/crates/actinv-gui/src/capture.rs": "b5bfdb71a16a36b954d52770c8ce0258f961c89d41ee9f8a3a95c7dae30dfc9e",
    "results/failures/p114_initial/crates/actinv-gui/src/lib.rs": "a25925117a2fe9daf1f6e7692750004c90ebbf4a273993af149cf8f822e91f9f",
    "results/failures/p114_initial/crates/actinv-gui/src/main.rs": "b7ef2af84b0ee8b6131803590a421027375c821220611557b6d17f87795d93c6",
    "results/failures/p114_initial/crates/actinv-gui/src/model.rs": "a2b345b2da356ed5953c8830f94e183c6d563b33c88b477f01e27ea93ce67764",
    "results/failures/p114_initial/crates/actinv-gui/src/options.rs": "0d9a2fcdd592060a5b8a5ee3e71822af940fb18fbfa2d51600c554815528d0e4",
    "results/failures/p114_initial/crates/actinv-gui/src/smoke.rs": "580f83ada2dd1d061f2e162b62a540a980ef813716c0f0a8f094deba7eb19e0d",
    "results/failures/p114_initial/crates/actinv-gui/src/sweep.rs": "7b4d57895ef1d06348f1dd1411fe94f3c80cc76fa7b56d62453301813f63443c",
    "results/failures/p114_initial/crates/actinv-gui/src/tour.rs": "0869eb3e7b2e0d8468a4708484d173905d56b979f3cfe21eb20b9d5613225685",
    "results/failures/p114_initial/crates/actinv-gui/src/transport.rs": "6b3fd8795175e8b95be412719615e6018752353ea6dc30271d68966d01088a43",
    "results/failures/p114_initial/crates/actinv-gui/src/visuals.rs": "35842c494d2e654999d1e065cbcbf1e833e8d63f1c46004924c40cc345eafe25",
    "results/failures/p114_initial/crates/actinv-gui/src/web.rs": "6d6a672fc17c024234adc6fa887876131e5fdec8d5b33ca43d94fa868e86ca84",
    "results/failures/p114_initial/crates/actinv-gui/src/web_app.rs": "5644807412fbe51d0e381d6be5e9b314f420088f629ab82ab2f5e7b665da30b9",
    "results/failures/p114_initial/crates/actinv-gui/src/worker.rs": "cbc1185941ba34139062108560d2ab8931c94c24ac7281e9c86bc022dd4c7d0a",
    "results/failures/p114_initial/data/waste_us_nrc_61_55_v1.json": "890268af81a53815b8e11c238e4a1694eabb79664a1ca087fd7fe22b9fabe5d7",
    "results/failures/p114_initial/docs/ROADMAP.md": "bef4215d55beb97534a043cf116deb04fd7cff5976d1aabf95d7f44fbca7166b",
    "results/failures/p114_initial/docs/history/sessions/P114.md": "df2b240098e3dc98a4e71a2427262e1bdd877891cfbeb7bbb403f0a7dba0ba66",
    "results/failures/p114_initial/docs/maintainers/WASTE_RULE_SOURCE_REVIEW.md": "4d316aacee158dbcc36daf4bd191d84ee7c511d471555ec3084115dabaeefd64",
    "results/failures/p114_initial/ledger.md": "81ed2062f64575cc081174e50d63857b9293ebcb6d2775eaefe7a23f0c936786",
    "results/failures/p114_initial/protocols/ACTINV-P113_AMENDMENT_A.md": "6a0191ccc3500ebaeb3165a2b630d0c857d18335ce8fe70dcf07d9d7445ac46c",
    "results/failures/p114_initial/protocols/ACTINV-P113_PROTOCOL.md": "0495157f3e8308d6a28475b94363e24b932f462c10f901518fa1c809a68ebbfa",
    "results/failures/p114_initial/protocols/ACTINV-P114_PROTOCOL.md": "01b5a99cf8855c57e1ecae12ab794d3d2fe2ce81930868043f0805289ec0bb8c",
    "results/failures/p114_initial/protocols/protocol_hash.txt": "79fc1f75b5060d2aa136d1b8cd373d2d6df5a02d32d55f0ff327018d0ba19de5",
    "results/failures/p114_initial/results/failures/p113_after_amendment/invocation.json": "c21f659d7c190aede161d7107ae6e0889e6442d69b3d802f7b12850eb42dcc71",
    "results/failures/p114_initial/results/failures/p113_after_amendment/target/p113-workspace-tests-final-confirmed.scope.log": "b80894b20594fb39e9f074e1494e08880d96682595ec733912dac24df2190ac2",
    "results/failures/p114_initial/results/failures/p113_initial_seal/discovery.json": "0f099f92637eea2e3346f02be0d588f9f6d96c95cdd41aae0d7050b1fbd36c4f",
    "results/failures/p114_initial/results/g0_p103_seals.json": "31a87b130be75f290569d0bea083ec4e687e498a0627eeed25cf8c0209e38367",
    "results/failures/p114_initial/results/g0_p105_successor.json": "53f478d4274515c4c4fb51661a7add371af719b241fc5e02acbe34a531d1ca6a",
    "results/failures/p114_initial/results/g0_p112_intrusion_screen.json": "da06735bacade33eeb543e08300d09efcb5e995e9c9f8b80904cd5f8d9be1906",
    "results/failures/p114_initial/results/g0_p113_twin_waste.json": "61d8c6faaf7eb93d8f3a4d9e369e8710eee45b93f946d405f54c216dd730a037",
    "results/failures/p114_initial/results/g0b_p103_vectors.json": "a3a846da215940f66bb5f428a0aa4931b9a26250ea14a12d0bc5c5369cfd9293",
    "results/failures/p114_initial/results/g1_p105_classes.json": "2010e03dd3bf6ad91eeba94c25fd1a02a6ba2cfc561f03912f860fa38f28dfab",
    "results/failures/p114_initial/results/g1_p112_intrusion_screen.json": "1193312d504ef6e21c7be973d79b22c32b85ae619f9b6341b2269885013c61e6",
    "results/failures/p114_initial/results/g2_p105_budget.json": "7413f9a3127a6b3d6c297232cff137e7c6a93cdd0fe6025226702588e7834d29",
    "results/failures/p114_initial/results/g2_p112_intrusion_screen.json": "ff81ceacceac180039884c7c5d53525c4db107bb2cddcbf5d261d12d618538b4",
    "results/failures/p114_initial/results/g3_p105_quality.json": "0ad41150b27c3e62acf2893d252bcd8986d989ba4cf90f4832bc4251252c88bc",
    "results/failures/p114_initial/results/g3_p112_quality.json": "332445c7b022744dda5219bbbd8312440470db98f2b803ad6cbf5a8386ab865a",
    "results/failures/p114_initial/results/g3_p113_quality.json": "529fb6b0f5c1542165300240a2d59cd2cd6ad9fa84c11d4f0748d48b72da2b01",
    "results/failures/p114_initial/results/p105_ci_runs.json": "9cc923e1075561253e27ea6b5c45d0dc2930f659283491d6ce34e536c10507c4",
    "results/failures/p114_initial/results/p105_verdict.json": "0e2c770096662aaef1a9f4fd4a78d9aa8c71c775e86f1e27924708c84b361b41",
    "results/failures/p114_initial/results/p107_verdict.json": "5e5bae7ebf1f5c244a84f6e03ffe19c3e148f3678d939bc12a09f26053aea3aa",
    "results/failures/p114_initial/results/p108_verdict.json": "231071d8f4009294a2eec3ca1029054ec9542d9d1cdc29b12c282fd8d19041ef",
    "results/failures/p114_initial/results/p109_verdict.json": "b6d370e3e560d0d7f780b0a7bb6344413fee87eb69eab865ac9e5ac58b449398",
    "results/failures/p114_initial/results/p110_verdict.json": "1a2f7254e22333778c456139f19b231b76c7f2c3232115c1a104b61b2d43503d",
    "results/failures/p114_initial/results/p111_verdict.json": "35c3b5eb4ef12fcad7e78f90a9103b476cdb51b29cb7974b7ec0a3ddae25579c",
    "results/failures/p114_initial/results/p112_ci_runs.json": "20fe05c616515ec635fcab34134acae0bf902db45134af92b8a9cbc0c3d9fe7d",
    "results/failures/p114_initial/results/p112_implementation_commit.json": "6c7ac49555c8ed383005175fa651413dd262a388e1e28d34813bf2277c84e117",
    "results/failures/p114_initial/results/p112_verdict.json": "b94cdab3a9776d51df74b793b889f80198e8e5f6d9c0af04d7fba671d248e91e",
    "results/failures/p114_initial/results/p113_failure_commit.json": "6abcea6e882eae37e0e9e051071dd1332e5f2448c795173987f0eb0c99387fcb",
    "results/failures/p114_initial/results/p113_verdict.json": "ae000348b4e6c58eb217d1ce9c5e9946fcf7b440562835855f724f6a1650e461",
    "results/failures/p114_initial/results/quality/p114/gate_recorder_regressions.json": "8cf393750f6dcb2e33f0b42dea14bd952d82f55366f7a2d757ae857d8c5ae65c",
    "results/failures/p114_initial/results/quality/p114/p113_history_regressions.json": "c59e9f409361a166b88d6582bc3a1b8b743421d7c88c364254a8120e58124af0",
    "results/failures/p114_initial/results/quality/p114/p114_oracle_regressions.json": "49fd05ba88bbfb1a1b5bbdfe09c23262b487a8bf6f3a81bc33379b2489ec26ab",
    "results/failures/p114_initial/scripts/run_roadmap_gate.py": "e78a811fa44629c1fcdf2adcc7c8f80c74216dcc4dbfec58506396b6bc75421d",
    "results/failures/p114_initial/scripts/test_run_roadmap_gate.py": "45d988ecf347e606053ddee8d49778e9ee8b53a9389602786220ba59bf291213",
    "results/failures/p114_initial/target/p114-gate_recorder_regressions.log": "763ac6dc6c36ce1c58d37769961ba9e528cf5113f3c390da9f09e6c41d9f61c9",
    "results/failures/p114_initial/target/p114-gate_recorder_regressions.scope.log": "711f2d31ba06fb5a2ff0a7e978a65b438b47c648a324db41ac1d487182faa8fc",
    "results/failures/p114_initial/target/p114-p113_history_regressions.log": "6306b70a1dd90462088a5e5b141063392f04c7fa9b866aab0f623431fb0f11bd",
    "results/failures/p114_initial/target/p114-p113_history_regressions.scope.log": "f2067941c18598c3eae2ca5167018f1a05a6f2d71d42f04ce4085e8ad34cd82d",
    "results/failures/p114_initial/target/p114-p114_oracle_regressions.log": "c3e803d8d1aa8f0838086bbfae21f310abf00e308e3374e54b88bb8778f2c41f",
    "results/failures/p114_initial/target/p114-p114_oracle_regressions.scope.log": "20becffc36e3921086200130d01bb3a4bd7dc51e339ce20a9b7db3ac3c691355",
    "results/failures/p114_initial/target/p114-resource-limits.log": "4e00c390b27118221632d094d6a97dd50b027c3f6e2f71f92e8df8987b497cba",
    "results/failures/p114_initial/target/p114-write-quality.py": "0e91aee9c168790289e60dc8e9c1ce99a4c56fe32b265d4e8fa711616b8ffefe"
  },
  "p114_initial_discovery_sha256": "ac3f2638af88dedb56472ecbeda835efbf8c339316ece680867471043de87c7a",
  "p114_partial_g3_sha256": "053cc816a07e97bb9831cdcf84f96a1d5d8f2f263219b87d5a10f4fb99813fbb",
  "p115_amended_archive_sha256": {
    "results/failures/p115_after_amendment/results/quality/p115/gate_recorder_regressions.json": "85108e6edf8bf09c08e92bfe32129f6a9f39b52b7596deca6255ba353e63293f",
    "results/failures/p115_after_amendment/results/quality/p115/handbook_build.json": "96702418f8eebfda666cfb3f24be4bd8e7db04dfaccd4df5a2e58174d4ecefad",
    "results/failures/p115_after_amendment/results/quality/p115/handbook_chromium.json": "d9f29d5c1ee1f364ec8f9b2d0f99352625516beff8a912a18564ebb1fc1a547b",
    "results/failures/p115_after_amendment/results/quality/p115/handbook_links.json": "7ab2b6c89d4a0450e8cae33510b868f5191e5b2f6c8e63144600804aae0fc62b",
    "results/failures/p115_after_amendment/results/quality/p115/historical_p107_replay.json": "08c9bfcac0c7a083fc9dc733cf405378a186f90a29578fb2c540e8bd028fda8e",
    "results/failures/p115_after_amendment/results/quality/p115/historical_p108_replay.json": "dc168bfbc16a5182609f0227ec95bd60d5e50e92b4135889571e8b2912808ae8",
    "results/failures/p115_after_amendment/results/quality/p115/historical_p109_replay.json": "ce5f02e2a2ec9077b6e6ed684b1013b8a7e3508e47d1b5a6d19c518a95f8a706",
    "results/failures/p115_after_amendment/results/quality/p115/historical_p110_replay.json": "5e5dc9b7c8e665062ea8be3e6a467b64a046e174a48964acdc21930d9f33c903",
    "results/failures/p115_after_amendment/results/quality/p115/historical_p111_replay.json": "c75b8f14d52a4fba240fe5e2a4d504d6c5a0b021e8be456e35ce4322c6eea224",
    "results/failures/p115_after_amendment/results/quality/p115/historical_p112_replay.json": "b9705816e8fb7c34878ee5834c442806d6328c68884fc4c1e95d5a9265539543",
    "results/failures/p115_after_amendment/results/quality/p115/historical_p113_replay.json": "491aaef56a3d558268b942f492ccaf5c5afb6d9ce95cbe8d4b2c0cc12c847ea6",
    "results/failures/p115_after_amendment/results/quality/p115/historical_p114_replay.json": "342e0fd807bed0b935b783352572beaf0cb375d1f897cf58994f8d24939d897a",
    "results/failures/p115_after_amendment/results/quality/p115/p105_child_lifecycle_regressions.json": "4ddad05d824142aeb45f50ec19726275fd9325f1b0a045fbd2596cb383f121f2",
    "results/failures/p115_after_amendment/results/quality/p115/p113_history_regressions.json": "85d24727f01d7c31721c12e8f4838e59866f51c1c55b50fe9adb20492ed52dc1",
    "results/failures/p115_after_amendment/results/quality/p115/p114_history_regressions.json": "62b7e929b9d6694c5360b5dd049570bca9abf4cdc97c355a8d7d0d55b3f60222",
    "results/failures/p115_after_amendment/results/quality/p115/p115_oracle_regressions.json": "c1f1b0d1cc2fe28ccaae96459c5109c79f2aaa84014fc30b84f4536ea4e8b12a",
    "results/failures/p115_after_amendment/results/quality/p115/p115_verdict_regressions.json": "16d3ea00fc0504369e5cb875c918b4b7f3a4f924a909a1b27dc2f4274f223449",
    "results/failures/p115_after_amendment/results/quality/p115/release_build.json": "a704d3661b380ec593c58f5e771216d3aa43ba3e9ec4a76fa81cf2526d6fae56",
    "results/failures/p115_after_amendment/results/quality/p115/rust_fmt.json": "f8ed3ad1da902648fba8045f94b1fc4797eefb42cb92a4f9d59cfc2a454b8aad",
    "results/failures/p115_after_amendment/results/quality/p115/workspace_check.json": "c858233ba3d7ca86600a85ed1607999fc803632a89044f3aa2dfb40e9c498b20",
    "results/failures/p115_after_amendment/results/quality/p115/workspace_clippy.json": "5ed2fe75de6dd5f7259d6666f81573aa38abe5d5150f67f487ccc8923cc0383b",
    "results/failures/p115_after_amendment/results/quality/p115/workspace_tests.json": "fc14140a0bed9aea9d5607c1b83fe97edfb76dc749cde87d87c8843cf4ca017d",
    "results/failures/p115_after_amendment/target/p115-gate_recorder_regressions.log": "2c2dcacd77e54f4b3387e8b74db5a3940233355946dabab9b3daf32f4b57d8a6",
    "results/failures/p115_after_amendment/target/p115-gate_recorder_regressions.scope.log": "f7d6098a4be4443422ccffcda06484e818b21b33048dc86457e28480f69d1a02",
    "results/failures/p115_after_amendment/target/p115-handbook_build.log": "52c3c6019765112a0cf9a1823b19a000586fe39a97ad78b81216a7cbdb5d516c",
    "results/failures/p115_after_amendment/target/p115-handbook_build.scope.log": "22ea13feef98519846155a0b9f16b131ed9b387e5a8be3eef32e33b778d7563d",
    "results/failures/p115_after_amendment/target/p115-handbook_chromium.log": "eba259968dec7f0b28f871d80e49b674705a0021e670c9139bb4e55e919c17eb",
    "results/failures/p115_after_amendment/target/p115-handbook_chromium.scope.log": "e64d04f0796f3aed5e221bcfe2ac209c62dcd6f790203485e5483d054c090b59",
    "results/failures/p115_after_amendment/target/p115-handbook_links.log": "042e133be84546e38529b23b64e332216b7c7d90bf8c04fc001dc401e117cf5c",
    "results/failures/p115_after_amendment/target/p115-handbook_links.scope.log": "cb1fafcf2691c5ac2cb9d676247d28b4799aed3bc80ab6639c52211d7f38fc77",
    "results/failures/p115_after_amendment/target/p115-historical_p107_replay.log": "e0be01d08c791e4d9b4baed6b5299cecf687776088a2e4d012814bb2cab3678e",
    "results/failures/p115_after_amendment/target/p115-historical_p107_replay.scope.log": "6a419d4db4b4dd20423e278ec8a0c07ad35b65fc84eb78cf9e8575241e42950f",
    "results/failures/p115_after_amendment/target/p115-historical_p108_replay.log": "1c9032456fecedb646b1d959bebf5bcefb14fa103d850c489e1a3269cb49d0b8",
    "results/failures/p115_after_amendment/target/p115-historical_p108_replay.scope.log": "b6da8146adfc88440fca9048dd3638b03984b589612e0bdb1d315517b007f400",
    "results/failures/p115_after_amendment/target/p115-historical_p109_replay.log": "793ec2baa8a240394504c37aeea8a90f49b6fdc015b8d95c3b30a331348263ce",
    "results/failures/p115_after_amendment/target/p115-historical_p109_replay.scope.log": "5968dc7bf9d3520da421d177a2361f0f8b2e097cd7e7e3c9d812c27092b72055",
    "results/failures/p115_after_amendment/target/p115-historical_p110_replay.log": "4a20b711c03cec9d8a1c8c785d20fbc7ad00ac64a4bbebf9bc4eb3778cfdd694",
    "results/failures/p115_after_amendment/target/p115-historical_p110_replay.scope.log": "539fbd4682144d19fdbf2c49c35dfc6f7b29ad8c2a1bf6ca0881ea9e13dfea10",
    "results/failures/p115_after_amendment/target/p115-historical_p111_replay.log": "0e213749c847f8026099fd16a169ace7a912be4be64003a2d39e4a22e0f6cbe7",
    "results/failures/p115_after_amendment/target/p115-historical_p111_replay.scope.log": "3c87dc6b37b5798ab4e239eb8f45e3d9341f88aa1640e9f5ae8e987423992486",
    "results/failures/p115_after_amendment/target/p115-historical_p112_replay.log": "abdecdf0cd55632437f418a609d0d21f1424cf0fad6659cf5e73d4bf8edef6eb",
    "results/failures/p115_after_amendment/target/p115-historical_p112_replay.scope.log": "a291e89f3c1bb559548cc73505cc60a7a5f448cc0c81c5392bc1aed45acd4b5d",
    "results/failures/p115_after_amendment/target/p115-historical_p113_replay.log": "ce00515469f4a8a63d685c8fd2b693dcde73fe7ec5297bd4e2caea01124ce4a5",
    "results/failures/p115_after_amendment/target/p115-historical_p113_replay.scope.log": "6298e3b032a6d8af8232083859af960906f55597108acce9681f87d7ac00b954",
    "results/failures/p115_after_amendment/target/p115-historical_p114_replay.log": "4c19ee7f1495e8ee509d24511bbdea1a7bb65573c9f15443b742dc56af999d6b",
    "results/failures/p115_after_amendment/target/p115-historical_p114_replay.scope.log": "226bea727bade35e38a251ccc954e2c853d26d278a9c05a0b9f7292a1ecb8107",
    "results/failures/p115_after_amendment/target/p115-p105_child_lifecycle_regressions.log": "18cafbb75e4e3218355bdf79f2b5b69eab6909705d9f7f81c5108f8442921942",
    "results/failures/p115_after_amendment/target/p115-p105_child_lifecycle_regressions.scope.log": "b39247158d97525b39f857ab287aec3fff67473a2cd30a63f41bfe808b917732",
    "results/failures/p115_after_amendment/target/p115-p113_history_regressions.log": "d7f0f4281bc75f9472aeca1b2c9d6d7a3a27af8dac277e9c0a603de9b7a66ac2",
    "results/failures/p115_after_amendment/target/p115-p113_history_regressions.scope.log": "b6f141eb99bc48a87818655a993d441273b169484efc59891ca6b8a217b32b3b",
    "results/failures/p115_after_amendment/target/p115-p114_history_regressions.log": "fc8984727ff10053d4dd221da9693d4c18b21f72fa8584061f07fdec8aedba43",
    "results/failures/p115_after_amendment/target/p115-p114_history_regressions.scope.log": "844d20778b2a1b5b0a5e85a9aef03bc3add1fe6fcc62bf2e68a6accd4d39f9fc",
    "results/failures/p115_after_amendment/target/p115-p115_oracle_regressions.log": "78c020f64d8efc5fc7ba80a43f26ddb17ae076a5d2c5282f436d03c0cc9d7c42",
    "results/failures/p115_after_amendment/target/p115-p115_oracle_regressions.scope.log": "e7279b578cdd3fd953d4b207a89871552dce04141ee32b3d454b3999cffd384d",
    "results/failures/p115_after_amendment/target/p115-p115_verdict_regressions.log": "b5f4ed19ca056a563cda1b3fe5f11a542c9e6edc788d8524766c543aaa870c6c",
    "results/failures/p115_after_amendment/target/p115-p115_verdict_regressions.scope.log": "116046387cf7767d790d59d1c258a7d98e933ccdb6fef303251fb5ab9bb987e9",
    "results/failures/p115_after_amendment/target/p115-release_build.log": "e3552d871c95501ecf6b0f37a2d98ede9e43b41bfe54bb326ad68e5ed7a79abc",
    "results/failures/p115_after_amendment/target/p115-release_build.scope.log": "cacc761f6973e3613f996d1c3083b3a49ad5087cd9d68e61a3c8235375d4a579",
    "results/failures/p115_after_amendment/target/p115-resource-limits.log": "ddc3a8469af62406eef717bbd88e8f6a85649d7118f7bf88949a099bdc3ef7f5",
    "results/failures/p115_after_amendment/target/p115-rust_fmt.log": "d089e3fd1b6af72738fef9c8184fde8091a1e32d01cca07029facb83bbf17ea1",
    "results/failures/p115_after_amendment/target/p115-rust_fmt.scope.log": "1ea9069efc106d77578f98e62d1790a7d3cb4fe0b33f27e7c3a4119c3d86e3b1",
    "results/failures/p115_after_amendment/target/p115-workspace_check.log": "6b159555c6b1d4d4676de7eaf4370ad10e304b6117f12477423c07f4edb1d052",
    "results/failures/p115_after_amendment/target/p115-workspace_check.scope.log": "a54fc63e471fa5f60e8378e737fc4ccb5a5fe4acb062ad52f722969baaea1052",
    "results/failures/p115_after_amendment/target/p115-workspace_clippy.log": "50c3773304ccccbd60527ad1b900e83cf09fe5be40581fc83c64489faa60f869",
    "results/failures/p115_after_amendment/target/p115-workspace_clippy.scope.log": "301ef99fd62503becfc738432d032fac9dfdf2196c1213d39435a06bf1a197d4",
    "results/failures/p115_after_amendment/target/p115-workspace_tests.log": "24cf53e279a1314de473ed51df2020e4cd90a7a5abf148f58dcc60ffce8a041a",
    "results/failures/p115_after_amendment/target/p115-workspace_tests.scope.log": "ede09a1e76638ec031f8d6473aae1604d0e532beb82620645df67c1ea5e34a58",
    "results/failures/p115_after_amendment/target/p115-write-quality.py": "38fc8adc434abed08c73355573e39a36d3605a902d84a8e4b05ac341e9956c74"
  },
  "p115_amended_source_sha256": {
    ".github/workflows/ci.yml": "d46c7037b1ecb59dc10177b242019f2a63528a272eb59293243a663878e44b74",
    "controls/check_p105.py": "fad7a5e78f3f4b29941a3f4c340f875f5a31095ba429fa6c7857a47084810ef1",
    "controls/check_p105_verdict.py": "5b43632249829187eefd8a28f0530c966b32ab59f15fd67109f4a74620bbaa16",
    "controls/check_p111_history.py": "7ac84f74c56a250503428926b0acdafb0221742deea317493f56d55217b49da8",
    "controls/check_p112.py": "285a7600a00b05187a0f4e9fa8521e97edf9addee8745ab6f2237961b966d33a",
    "controls/check_p112_verdict.py": "d0f6503918940b5dd12e7c431cdcfbc1ddbc69ad6810bacea2b6bafdb27299d3",
    "controls/check_p113.py": "6318c6adc1ca9a26dcc35a2b14c1db466410865180fcbe6862a8f81c0297e8f7",
    "controls/check_p113_history.py": "53f0c8017d8bbcd0aab4dabfc3e5217921fdfaf667cf6124108002fcd7bf7f1f",
    "controls/check_p113_verdict.py": "6d92fc34722cb5e38d4a882032cc7d39f2a810c52135ba8ffb3f9b7dd65e5bd7",
    "controls/check_p114.py": "4023b41769d33c2a98b2b0d5d5f28e518fba4a811988dc8e6d5c9266934afdf5",
    "controls/check_p114_history.py": "cdd28c50a996dad95e5e054f2d67220543b46170e35d4246c216a4d30a7f18de",
    "controls/check_p114_verdict.py": "728e1dc3ba1b2df023083536b902b409f5595770b2afe8bc75d008f95cce8350",
    "controls/check_p115.py": "9bdcceaf12a28f89fbea67f65c28cbd5a22c87fccac46534379aecf9610b0c64",
    "controls/check_p115_verdict.py": "e947dc9052e637d6b8cfa4760b4b053ce629667993f5434ab515041983ad7a9c",
    "controls/fixtures/p103/61.55_2025.xml": "7c08a6cb64d21e082ecf62a94fc3ef0be42c64fb68443658eff393ddc0bc0864",
    "controls/fixtures/p103/classification_vectors.json": "bfefb655b2df52da7ccb7a93cfd7c22bdc18762917e900e828ebd97d58b2bb42",
    "controls/fixtures/p113/cases.json": "e6bcebc856c7faaa571455a45c81da49e988a34bfd1f7149bc67656d93d5f956",
    "controls/p103_vector_fixture.py": "89c05549d8a9b71c256e3688f64b56cb62f24b2e59b7d5ab4a7e79ff6adbd284",
    "controls/p105_budget_control.py": "b9b69dc424a37d45b41b165276884c3d032d32ea968e3fd0f4c85add653c41bb",
    "controls/p111_intrusion_control.py": "a8152cf68719b6384610f2f8b08f2a3a46b901b8f3af7f9b3db8c61414e7c153",
    "controls/p113_legacy_control.py": "34e9ad3f614794902ec833de8514202690914a0ca369d995db2b6b167e367b2a",
    "controls/p113_twin_control.py": "6572000eb079985fd14354101f71d6062fc881ac666dd076b502b700b937c976",
    "controls/test_p113_history.py": "3b65fb727f1815e894bf8397495be2f15d56db66ad5800ba5e7f83db7a081e5f",
    "controls/test_p113_oracle.py": "a743c4832b08356e11df4f1151c7298416d94ac041aa2a9f17123a6ed942dc9d",
    "controls/test_p113_seal.py": "d1702033887b8599d3b5a469393f1e168df8f93785737b874b30b1d8b2968586",
    "controls/test_p113_verdict.py": "35eff843ac4d38e8bda13ffdf0ba2ced1c162b254ddab74680f0b9cece396d6e",
    "controls/test_p114_history.py": "47e7bce06faa290e6101ca8c2de487c259da23ec79dc01e8f48f519390fbd9d2",
    "controls/test_p114_oracle.py": "bb7d24c19626b037b84de773962d511a7db44e9bd9f9db07865d9f28b9aa27c7",
    "controls/test_p114_seal.py": "047920ffea9761b8eb473b0d0edf45e21fc1953bc3c15b231c5b52cbe07eb473",
    "controls/test_p114_verdict.py": "9e9a982790a748f385403ecbe2942f32fb3509f5c15231a35998ccd82ca8efae",
    "controls/test_p115_oracle.py": "075b26a7172dfba8fdad595e8f7fdabc1c1ed785d60be3d89c0c298384af3b98",
    "controls/test_p115_seal.py": "8dc63f89eb91922f10c576260723bb496f5ae68b6e813586db9d3396f0fb90a9",
    "controls/test_p115_verdict.py": "2836de878ae4d2cc79a43a9ba915102918907ad31b760c15caad76cf7ccea559",
    "crates/actinv-cli/src/assimilate.rs": "b0f78a7666b9752c35948029d02cd52cd03a8b9596566a425b5512f30bd72237",
    "crates/actinv-cli/src/bin/actinv.rs": "1b47334f832ba5a39dfb16cd01f108c1ddc7926c89506cdadd13c9d75b16b78e",
    "crates/actinv-cli/src/budget.rs": "fa7627d38648f8808006894309b3c3c1ad5e93c7ccef74604ff013eb8ba8455c",
    "crates/actinv-cli/src/command.rs": "6049aa941b749bd18f5dc4851304492f0db920ff5ded1e7de941b582f0df85d5",
    "crates/actinv-cli/src/decide.rs": "f94367b7bff4b23b0db198c08e8894b06e17b5fc1b43d01fe4a7a5cd78ce35e2",
    "crates/actinv-cli/src/evalspread.rs": "dd9d19b9f71194417bc089ecb995d73cc631970c02305340999beb5fec8db59c",
    "crates/actinv-cli/src/lib.rs": "192fe4ad229d242dc07d5bf6378f54fdec4d09c0a1ea04161320dba7199dbe71",
    "crates/actinv-cli/src/optimize.rs": "7d4f384ac0075b5246757fe30fe53c6efd023da3ba11f54c77d95a7037830c28",
    "crates/actinv-cli/src/surrogate.rs": "4f5170c98d54041561921d33223ad8568fa212b2d68ebf5b832f54288786740c",
    "crates/actinv-cli/src/twin.rs": "ce6088b610747b49bf7f56a037f4a003d1927bd6efc3dfe37b449cf66e880e61",
    "crates/actinv-cli/src/twin_waste.rs": "ab563b458fbcf1fe230fc3f3afe7a55993479a14f7bfccd2ec4ef25f74456b3a",
    "crates/actinv-cli/src/waste.rs": "18acc9564e52f5286f33a4b6edc33c0a00ee5ba903f0c3bcb031d92568ff8c15",
    "crates/actinv-cli/src/waste_bounds.rs": "86e3199305a8a8526bfd95dbdedb587de932118d9a71027884ebb215801315e4",
    "crates/actinv-cli/src/waste_budget.rs": "23a41809157ce20357d4a0b4cdf805f79ba83aed28e8ca437f3262da68c162da",
    "crates/actinv-cli/src/waste_composition.rs": "5f24307f0b6674dff0a692bfe74dd694c025e151e12c77640b6d102ed5e3cb30",
    "crates/actinv-cli/src/waste_composition_solve.rs": "bacb623a8229cc4f86b3c5fe3f76a89c3c5c99f1cc364cdbaa5e8f1a7eafc569",
    "crates/actinv-cli/src/waste_composition_verify.rs": "363ae16501e33ff002db3afe5d12e76f39168cf516472350e59779fe2442a1b0",
    "crates/actinv-cli/src/waste_intrusion.rs": "32fd0c623960581995bea73744fadd52c07f1f3d0e9b7d9cbe03a03edfe1688c",
    "crates/actinv-cli/src/worker.rs": "1e99fbd1109027fbb2587686c9fcbbee1c8805bfe45134888181f40e252f4d51",
    "crates/actinv-cli/src/workflow.rs": "d5b166fe18acf3332c110a405097642dc6037f517a9373c5631b576589135edd",
    "crates/actinv-cli/tests/data_command.rs": "d88714714fb240cca43c69b78652a0473b363f3a394c53500fb2e4dd047e9cf4",
    "crates/actinv-cli/tests/validation.rs": "4ce61a0b0447bf63bef9d89403c16e0bfaa281c68c96340aaac82b572f5b69ee",
    "crates/actinv-cli/tests/version.rs": "d821ad302a2fa82e0ce91e9aae194c42488d05b71b2453d40c8d683b3ad8c3a1",
    "crates/actinv-core/data/waste_us_nrc_61_55_v1.json": "890268af81a53815b8e11c238e4a1694eabb79664a1ca087fd7fe22b9fabe5d7",
    "crates/actinv-core/examples/p92_balance.rs": "129fcd87769fdd9cf208940ed4115e2a1b36f5a82e60ba1df2e219ab12f53917",
    "crates/actinv-core/src/bin/cache_probe.rs": "ade32188ff57bb40e9f763a59a2c33e3f7b447779a0fb3495b5257472609ae03",
    "crates/actinv-core/src/bin/cram_probe.rs": "27dbf073400a7ad3afb64f913fa809951eb800d0de3f8f11688606a1c2f64943",
    "crates/actinv-core/src/bin/fission_probe.rs": "ea3e12d69ed22100717638e89c8573e4a850f3ce7671c8aa34a0fe34d2d1f49c",
    "crates/actinv-core/src/bin/flux_probe.rs": "a55ee49f8d0544fc05fec3e6d1ec5363de814db041b298087aeeb983362899b3",
    "crates/actinv-core/src/bin/parser_fuzz_probe.rs": "520cbeebb16e0cd289992f32dc7e302b3abfb459f5a1faf88946f23e42c53146",
    "crates/actinv-core/src/bin/photon_probe.rs": "abc4a8dff5025eceb8a7bad5aead22763961e3208b8b693ad0e99bca2f9cc66c",
    "crates/actinv-core/src/bin/prepared_probe.rs": "b5df928a0dc4ade085d8d3c8d5a03cadb61c9aebd6f2befef1f6214228723582",
    "crates/actinv-core/src/bin/uncertainty_probe.rs": "a95e9328bfe93b23db3134930b2a0a8cedfcd0e076f6784bd5bc403151b93798",
    "crates/actinv-core/src/bin/unit_probe.rs": "81eba337cb1d0e7c2ae060de43b21b989936dd2106a17db5ef5af8d6526e1a0f",
    "crates/actinv-core/src/chain.rs": "6c6a77f00e8c3a832e5c4b4c006cf78b3f1402c1530621b685b2f468e0862b23",
    "crates/actinv-core/src/clearance.rs": "d6a725cea709c2eb48ecfe1716e02d0c64f265451c387adc49dc2be9b15b74d8",
    "crates/actinv-core/src/cram.rs": "79f13e05c2111f1dae06f5069bcc569939f0d3c55d6456b4d6cba5fb5e474cba",
    "crates/actinv-core/src/cram_coeffs.rs": "ad87f5e6af18c6b4c4a0bb79d93d6530d7e45ae521e8521080f6106ca3b847a9",
    "crates/actinv-core/src/damage.rs": "d005ca5ab2b6d127002d903c504a95241a7e8b562a30742779d8e54aabbb1b37",
    "crates/actinv-core/src/doppler.rs": "92e693b957514a6889a5e4bde3182f498385289c306fd0d03becf572a2cd8c6f",
    "crates/actinv-core/src/finite.rs": "a14163d327d3792e1936a18e5cae84f8cfa2ac57b8d083a747b588e56c9e6a2f",
    "crates/actinv-core/src/flux.rs": "303429ede4c69afccf05e347dbe820f241c623a70cad4b43356c349528f940dd",
    "crates/actinv-core/src/gas.rs": "f358759dc25c7bb42d81006074a2f0b8ef679c0623725a3eef85cbe1bccbf6d4",
    "crates/actinv-core/src/lib.rs": "3fb7ac6b8c9a7380a0f3b1809303f288720d55b0d77d293c693acc833c368ef0",
    "crates/actinv-core/src/mesh.rs": "f27b3774c6de095eaf1179da86c85575defcfd42d6b6af24ce41ba73d10a6e89",
    "crates/actinv-core/src/photon.rs": "39cb950426d3eb528e0695ef1c87af865f155bf999b545d3452ad81241d1e728",
    "crates/actinv-core/src/prune.rs": "f243c865a425bb35b5f71978148a422a52945bd1d06b857369c3ea7f26a74435",
    "crates/actinv-core/src/quantity.rs": "ff87d2bcbd3efef668bc9563240e1bcc27072e466d39659dab1a2525950e46d9",
    "crates/actinv-core/src/r2s.rs": "f511d47d3fd36c6df5ab8b0aad85b31b010d2add9113611022a0b78baf9b5db4",
    "crates/actinv-core/src/radiological.rs": "0de7344850fbea048f2690a609d0f1fc8dd8205e8dedd3bc2684b157d99372a2",
    "crates/actinv-core/src/reverse.rs": "0539da50e2eac494d0e0aacff9c7f1f5a254b098e5cba338da53633ee9a5113a",
    "crates/actinv-core/src/run.rs": "9fccfee575f1ddfad229a7e7d225150f10f4e8aa776cc2e6e748850b9c558eb7",
    "crates/actinv-core/src/shielding.rs": "0ebf3068ace5641afe5fa4034eca7c12a8914d3d7f3760606007fbceda93c21e",
    "crates/actinv-core/src/source_adapter.rs": "f5d25dc6e3e471873e5fbc07c267269eb6da6d940587a6c36ca28635f1922e5f",
    "crates/actinv-core/src/sparse.rs": "0ab2864aacdfb87a2522132df003c00388ce2cd0e49a445ed4c87f67c99f0fbc",
    "crates/actinv-core/src/spec.rs": "7ae5c4c8b2b3adcf75ec7a8b9457b276b06a8e79816e66be33c43c145b2df480",
    "crates/actinv-core/src/study.rs": "eaece838acf380190719c9157dfad1d1fd3538b7f8c62bacc1120c11550a3226",
    "crates/actinv-core/src/uncertainty.rs": "fc680cbc0d3aeb479867c6c9ef86b7e33f6fb03642062172d7350c9c4606f8a5",
    "crates/actinv-core/src/waste.rs": "3ed8bb1d468cc19b1fb12dfe17d64065e00ddbfa5f47936e2b6cf638a6cbb607",
    "crates/actinv-core/src/waste_bounds.rs": "be9e39811dd496fc2622c5412beba3f5548f8153723a283f872815e652888d7f",
    "crates/actinv-core/src/waste_composition.rs": "de783f5d4eb301e8846839d9e54c9ba3da68824c1e85f7e020cef64bcace2f3c",
    "crates/actinv-core/src/waste_intrusion.rs": "efd2a4aa216652e627f70f854b9bff400228c4dd8cdfeb1070d11ab9841aaed6",
    "crates/actinv-data/src/activation.rs": "4a977463891ed236c6ab73cce785f1e70c2362fc4103934239f900d7ed2820c9",
    "crates/actinv-data/src/bin/dump.rs": "6faac1a95a31f3a6f2f7d0dc29fafcabd36768737070580c3e6e12f47d2d0464",
    "crates/actinv-data/src/bin/p18_corpus_probe.rs": "4f7afb6c2b4e388596f235f05d63555d03d573d18061e17463c863cdda0aa9e8",
    "crates/actinv-data/src/bin/p18b_corpus_probe.rs": "8dcf50a0b11631db0877e30be9397750b0b4c64eb3435ad601b2f753939effef",
    "crates/actinv-data/src/bin/p18b_oracle_probe.rs": "558b6ed1e6c1689196b0fe8b1467bd122a44113869e0754614f286b0d38bb66a",
    "crates/actinv-data/src/bin/p20_collapse_probe.rs": "570eaa5c84956e3aa0c96d0c7fb684ba3fa8174c18b7a1ec392497fa1927bf56",
    "crates/actinv-data/src/bin/p20_corpus_probe.rs": "fa5a5d5a1cd0f73f79aa83fa7f2907ce431b0e1c425075cd86bfe6f8a1361e1b",
    "crates/actinv-data/src/bin/prepared_data_probe.rs": "446faa941069cc65c28a35d331197fc6865b5f0e6e8163c9d7fcf55e57685366",
    "crates/actinv-data/src/builder.rs": "4d86b97ae1dde51c6ce6590f980e77bb19786b891da4080596ccc4dafa111ff8",
    "crates/actinv-data/src/composition.rs": "584399c14c25b24db09311622696bd2e5691dd3045cbaec0ce406ba1fefbf024",
    "crates/actinv-data/src/covariance.rs": "6165db1e3338634fb9320a1b22988836e8f16d68b47bd732715238886c9a26d4",
    "crates/actinv-data/src/decay.rs": "4be7dff38361d3e28775ed387b6cd8553768fbac69eea518176a3ffa23b385cf",
    "crates/actinv-data/src/doppler.rs": "8c9a0ef4a16ea5a54f14f087e9c66a258e7f1d9bee51f49b891318b958e89588",
    "crates/actinv-data/src/endf.rs": "53d7df649c930efa373c97127c817df9a0c1c712c60d97b409a5bd509282e252",
    "crates/actinv-data/src/fission.rs": "f2e4dce7d2bc566cbf5c32cf68b0fe3007f2b722b65eeecad17f2d81661b2011",
    "crates/actinv-data/src/groups.rs": "3c331b49d8464947c27fb8299152d4faa7658f18c658a476e416eaf08296e0f3",
    "crates/actinv-data/src/lib.rs": "91567ccc466c91bb10866f82545b1b929eeefa008a19920075cfe8f0bf669018",
    "crates/actinv-data/src/library.rs": "f1f80249839874ce695f530f662182663f888e87949d8aaeca8638ae5326c871",
    "crates/actinv-data/src/normalize.rs": "7041f7a53856f6409ac8d95fd44f683a5c18f496537339668d1953bd49261e6d",
    "crates/actinv-data/src/prepared.rs": "43bc4ea5590a4069fb5b503b798222a661a9c14718727bfddd77c55366414762",
    "crates/actinv-data/src/processing.rs": "b80de2abfc574df37e79db771aa164a754d3bad62c8fc2205b732609376b9700",
    "crates/actinv-data/src/resonance.rs": "8ad5bdfae5acaf6083729c2e4161c7e1f8c584cabf6c6ddc0d57d8b63edf1b54",
    "crates/actinv-data/src/shielding.rs": "b5596655068fd267e3422f60ea77ab69857d68cd6b3b4f8556dc084f041b98cc",
    "crates/actinv-data/src/tables.rs": "888923a68d6a7841c75883615f7cc738fc4a06ca5ec4f1e13ce3ea9146146d2f",
    "crates/actinv-gui/build.rs": "ba3dad3e79ca77e324554f943598000c523e4d777c4190b1682926d37bba8ab6",
    "crates/actinv-gui/src/app.rs": "866620532f9eea91b35af5587ac9b7453cf6a4fc546a753c9c6e3e3bad52366d",
    "crates/actinv-gui/src/capture.rs": "b5bfdb71a16a36b954d52770c8ce0258f961c89d41ee9f8a3a95c7dae30dfc9e",
    "crates/actinv-gui/src/lib.rs": "a25925117a2fe9daf1f6e7692750004c90ebbf4a273993af149cf8f822e91f9f",
    "crates/actinv-gui/src/main.rs": "b7ef2af84b0ee8b6131803590a421027375c821220611557b6d17f87795d93c6",
    "crates/actinv-gui/src/model.rs": "a2b345b2da356ed5953c8830f94e183c6d563b33c88b477f01e27ea93ce67764",
    "crates/actinv-gui/src/options.rs": "0d9a2fcdd592060a5b8a5ee3e71822af940fb18fbfa2d51600c554815528d0e4",
    "crates/actinv-gui/src/smoke.rs": "580f83ada2dd1d061f2e162b62a540a980ef813716c0f0a8f094deba7eb19e0d",
    "crates/actinv-gui/src/sweep.rs": "7b4d57895ef1d06348f1dd1411fe94f3c80cc76fa7b56d62453301813f63443c",
    "crates/actinv-gui/src/tour.rs": "0869eb3e7b2e0d8468a4708484d173905d56b979f3cfe21eb20b9d5613225685",
    "crates/actinv-gui/src/transport.rs": "6b3fd8795175e8b95be412719615e6018752353ea6dc30271d68966d01088a43",
    "crates/actinv-gui/src/visuals.rs": "35842c494d2e654999d1e065cbcbf1e833e8d63f1c46004924c40cc345eafe25",
    "crates/actinv-gui/src/web.rs": "6d6a672fc17c024234adc6fa887876131e5fdec8d5b33ca43d94fa868e86ca84",
    "crates/actinv-gui/src/web_app.rs": "5644807412fbe51d0e381d6be5e9b314f420088f629ab82ab2f5e7b665da30b9",
    "crates/actinv-gui/src/worker.rs": "cbc1185941ba34139062108560d2ab8931c94c24ac7281e9c86bc022dd4c7d0a",
    "data/waste_us_nrc_61_55_v1.json": "890268af81a53815b8e11c238e4a1694eabb79664a1ca087fd7fe22b9fabe5d7",
    "docs/ROADMAP.md": "9c71b2bfe0e7ac5884724d3d86275b47aca0d222989ec089ca87ca179f574016",
    "docs/history/sessions/P115.md": "68cbd336d196da45037686fbdc9b8dc479f52dbac3f0e385bdaa513e81558e75",
    "docs/maintainers/WASTE_RULE_SOURCE_REVIEW.md": "4d316aacee158dbcc36daf4bd191d84ee7c511d471555ec3084115dabaeefd64",
    "ledger.md": "b1f3b90928c787f47acd761a76dbb22bc2ae2da3a7e1f083e97e12fbeef22cb3",
    "protocols/ACTINV-P113_AMENDMENT_A.md": "6a0191ccc3500ebaeb3165a2b630d0c857d18335ce8fe70dcf07d9d7445ac46c",
    "protocols/ACTINV-P113_PROTOCOL.md": "0495157f3e8308d6a28475b94363e24b932f462c10f901518fa1c809a68ebbfa",
    "protocols/ACTINV-P114_AMENDMENT_A.md": "b320e9fe34dfa34c5bae88a10b7486f2618b41ac124790f5ac984e4332ab5c9e",
    "protocols/ACTINV-P114_PROTOCOL.md": "01b5a99cf8855c57e1ecae12ab794d3d2fe2ce81930868043f0805289ec0bb8c",
    "protocols/ACTINV-P115_AMENDMENT_A.md": "d2c6543d4a420e50b8697538411a163542e16d4fcb3fd3d2ff61b75af86170b3",
    "protocols/ACTINV-P115_PROTOCOL.md": "266dd88898b2e64b77c517d18a221576bf9d1c6fda107ccdf62c45e0321f95ba",
    "protocols/protocol_hash.txt": "848803eb5c743d8736632f294313fc488d5b0efa3dbbaab149a0918be1a45536",
    "results/failures/p113_after_amendment/invocation.json": "c21f659d7c190aede161d7107ae6e0889e6442d69b3d802f7b12850eb42dcc71",
    "results/failures/p113_after_amendment/target/p113-workspace-tests-final-confirmed.scope.log": "b80894b20594fb39e9f074e1494e08880d96682595ec733912dac24df2190ac2",
    "results/failures/p113_initial_seal/discovery.json": "0f099f92637eea2e3346f02be0d588f9f6d96c95cdd41aae0d7050b1fbd36c4f",
    "results/failures/p114_initial/discovery.json": "ac3f2638af88dedb56472ecbeda835efbf8c339316ece680867471043de87c7a",
    "results/failures/p115_initial/discovery.json": "22f03d9115f7c2ef5b4c98d19d9fe1cce85e62c38747036f1e130e4c711632db",
    "results/g0_p103_seals.json": "31a87b130be75f290569d0bea083ec4e687e498a0627eeed25cf8c0209e38367",
    "results/g0_p105_successor.json": "53f478d4274515c4c4fb51661a7add371af719b241fc5e02acbe34a531d1ca6a",
    "results/g0_p112_intrusion_screen.json": "da06735bacade33eeb543e08300d09efcb5e995e9c9f8b80904cd5f8d9be1906",
    "results/g0_p113_twin_waste.json": "61d8c6faaf7eb93d8f3a4d9e369e8710eee45b93f946d405f54c216dd730a037",
    "results/g0b_p103_vectors.json": "a3a846da215940f66bb5f428a0aa4931b9a26250ea14a12d0bc5c5369cfd9293",
    "results/g1_p105_classes.json": "2010e03dd3bf6ad91eeba94c25fd1a02a6ba2cfc561f03912f860fa38f28dfab",
    "results/g1_p112_intrusion_screen.json": "1193312d504ef6e21c7be973d79b22c32b85ae619f9b6341b2269885013c61e6",
    "results/g2_p105_budget.json": "7413f9a3127a6b3d6c297232cff137e7c6a93cdd0fe6025226702588e7834d29",
    "results/g2_p112_intrusion_screen.json": "ff81ceacceac180039884c7c5d53525c4db107bb2cddcbf5d261d12d618538b4",
    "results/g3_p105_quality.json": "0ad41150b27c3e62acf2893d252bcd8986d989ba4cf90f4832bc4251252c88bc",
    "results/g3_p112_quality.json": "332445c7b022744dda5219bbbd8312440470db98f2b803ad6cbf5a8386ab865a",
    "results/g3_p113_quality.json": "529fb6b0f5c1542165300240a2d59cd2cd6ad9fa84c11d4f0748d48b72da2b01",
    "results/g3_p114_quality.json": "053cc816a07e97bb9831cdcf84f96a1d5d8f2f263219b87d5a10f4fb99813fbb",
    "results/p105_ci_runs.json": "9cc923e1075561253e27ea6b5c45d0dc2930f659283491d6ce34e536c10507c4",
    "results/p105_verdict.json": "0e2c770096662aaef1a9f4fd4a78d9aa8c71c775e86f1e27924708c84b361b41",
    "results/p107_verdict.json": "5e5bae7ebf1f5c244a84f6e03ffe19c3e148f3678d939bc12a09f26053aea3aa",
    "results/p108_verdict.json": "231071d8f4009294a2eec3ca1029054ec9542d9d1cdc29b12c282fd8d19041ef",
    "results/p109_verdict.json": "b6d370e3e560d0d7f780b0a7bb6344413fee87eb69eab865ac9e5ac58b449398",
    "results/p110_verdict.json": "1a2f7254e22333778c456139f19b231b76c7f2c3232115c1a104b61b2d43503d",
    "results/p111_verdict.json": "35c3b5eb4ef12fcad7e78f90a9103b476cdb51b29cb7974b7ec0a3ddae25579c",
    "results/p112_ci_runs.json": "20fe05c616515ec635fcab34134acae0bf902db45134af92b8a9cbc0c3d9fe7d",
    "results/p112_implementation_commit.json": "6c7ac49555c8ed383005175fa651413dd262a388e1e28d34813bf2277c84e117",
    "results/p112_verdict.json": "b94cdab3a9776d51df74b793b889f80198e8e5f6d9c0af04d7fba671d248e91e",
    "results/p113_failure_commit.json": "6abcea6e882eae37e0e9e051071dd1332e5f2448c795173987f0eb0c99387fcb",
    "results/p113_verdict.json": "ae000348b4e6c58eb217d1ce9c5e9946fcf7b440562835855f724f6a1650e461",
    "results/p114_failure_commit.json": "5776579180004babd35543dc7b17138226283d3277f9caba21da8486c9256d0e",
    "results/p114_verdict.json": "3d9208cae1ac6522e4b2c3d8c21440ecb4bc481f02faa46fb88f4068151bd382",
    "scripts/run_p115_gate.py": "5d584b8314628cd7f3bd188bc427012a2ad6002889fe3a316fe65b742fa02a15",
    "scripts/run_roadmap_gate.py": "e78a811fa44629c1fcdf2adcc7c8f80c74216dcc4dbfec58506396b6bc75421d",
    "scripts/test_run_p115_gate.py": "1b517b675328ef6c27049bbd1ece3fd8258782283a984165952c61a134b7f1f4",
    "scripts/test_run_roadmap_gate.py": "45d988ecf347e606053ddee8d49778e9ee8b53a9389602786220ba59bf291213"
  },
  "p115_failure_g3_sha256": "9f48cde1106ebc7174961aa594fbf57e5c772c3aeed3a06a133558a6946aa45d",
  "p115_failure_record_matches": true,
  "p115_failure_record_sha256": "90b73dcd45c82e56a6eb44dff3a2222fa91c0a23bcf94f8a76550072de274b98",
  "p115_failure_verdict_sha256": "4e09b66d5b1c74cafecdc278d9d5ce786292007a7dea0ab6e8c8588f7255faac",
  "p115_history_summary": {
    "checkpoint_commit": "6db45f75b96fbcdfd2bfda0f6a603c10fbf88672",
    "fail_only_projection_matches": true,
    "failure_record_verified": true,
    "historical_name_error_reproduced": true,
    "historical_source_verification": false,
    "initial_gate_receipts_verified": 22,
    "initial_retained_files_verified": 68,
    "initial_source_files_verified": 180,
    "original_derivation_completed": false,
    "pass": true,
    "schema": "actinv-p115-history-verification-1",
    "terminal_gate_receipts_verified": 22,
    "terminal_retained_files_verified": 68,
    "terminal_rust_files_verified": 100,
    "terminal_source_files_verified": 182,
    "terminal_verdict": "P115-FAIL",
    "unearned_records_absent": true,
    "verdict": "P115-FAIL"
  },
  "p115_initial_archive_sha256": {
    "results/failures/p115_initial/results/quality/p115/gate_recorder_regressions.json": "9b52b3091309990d29ef790798a124e26a8fed380c632599f4e1f491de713b79",
    "results/failures/p115_initial/results/quality/p115/handbook_build.json": "245c87dc78befbabe754e2919759a07948911b6095a33a15e3fa1572e9b29e76",
    "results/failures/p115_initial/results/quality/p115/handbook_chromium.json": "70a1fd2c5b03db3daa6cfe48b991a451b688ae55489fa2b9142ffc727eb29e19",
    "results/failures/p115_initial/results/quality/p115/handbook_links.json": "c124d462dfdd640328f384c62b4806f87c63c7efadff2c6e526a4d167dd44037",
    "results/failures/p115_initial/results/quality/p115/historical_p107_replay.json": "34289d9a981fa71d0dcb7a5ae09add4b9e4a003ef27ab8436214303ad61c1bd0",
    "results/failures/p115_initial/results/quality/p115/historical_p108_replay.json": "02e200e546b54861e04fa9c3f0f19c4ec2b59354d8880b7c19a6ce804db4d12c",
    "results/failures/p115_initial/results/quality/p115/historical_p109_replay.json": "2a5d5c9ac971c49ae5315da8fd5ca8f61b2fb593213afe4c975349d62bf95f57",
    "results/failures/p115_initial/results/quality/p115/historical_p110_replay.json": "633c0a38e675850d24bea33af36cf1c2b398f821ff561673a98ee984580796c5",
    "results/failures/p115_initial/results/quality/p115/historical_p111_replay.json": "ba81a48f9e04644de20ce598d56958bad2c9866ed1de98a6734d5d74df5a1955",
    "results/failures/p115_initial/results/quality/p115/historical_p112_replay.json": "72bfc0f5babb519361f2c9ff60444f505a290640be30b1ca4fc0a48efdd72a92",
    "results/failures/p115_initial/results/quality/p115/historical_p113_replay.json": "d51a3c1da7b2677dc14a3824d25294ad7bd91515f12aa0b46113551c40389dab",
    "results/failures/p115_initial/results/quality/p115/historical_p114_replay.json": "0c01899a0c3dc85f5ad16afbd7b14e1699581b2e2b805a954001da9d990a5dd4",
    "results/failures/p115_initial/results/quality/p115/p105_child_lifecycle_regressions.json": "33c8e82f88a140b2150e865a0b370b1455fb109e891bbc31f5ebc0b2cb2d1a39",
    "results/failures/p115_initial/results/quality/p115/p113_history_regressions.json": "85d70ebf86d810438ccd36a7e9c76afd6e276d8e2df3407203e2e9773ab25b7f",
    "results/failures/p115_initial/results/quality/p115/p114_history_regressions.json": "76e3ec112722a7db6403e13c9413ba69c8673823c2e564d3a184de42a9a9bfd2",
    "results/failures/p115_initial/results/quality/p115/p115_oracle_regressions.json": "04c9dfb3d9ccd7eb45b174df91eb7363f5de6446926877ebaab2c103fcad7834",
    "results/failures/p115_initial/results/quality/p115/p115_verdict_regressions.json": "b7656176ff945c7e503b5747424b979438b47c8aceb388911263073f8f588e54",
    "results/failures/p115_initial/results/quality/p115/release_build.json": "c86a24c7623dc48363cfc51a70b5aaee8421a9144af67c5eead4a37aa405b7b7",
    "results/failures/p115_initial/results/quality/p115/rust_fmt.json": "0429b9cef99e8918d3fd9d81ba28138c86ef133e4e40a7959cad8cd68b188375",
    "results/failures/p115_initial/results/quality/p115/workspace_check.json": "0335717e8a56874170a9006d732a5ae280568a197153fdb3c5969b6c2b28c15f",
    "results/failures/p115_initial/results/quality/p115/workspace_clippy.json": "4ad1d6b4bf14db57bb0db649eef7e9483ebd8310e433ab28310f1dbd8afe8544",
    "results/failures/p115_initial/results/quality/p115/workspace_tests.json": "1d00f6e7f520b34d95921fea5434cddb2d17b509034474a79046c1055dba9a32",
    "results/failures/p115_initial/target/p115-gate_recorder_regressions.log": "55f833ae401f28e99ab2a11683f1c76bd903c1a216efe1011dbbe72ca35a54d3",
    "results/failures/p115_initial/target/p115-gate_recorder_regressions.scope.log": "9232799e8721625358da2ed56a71ca4c8096abd322636138a49f43fed319e908",
    "results/failures/p115_initial/target/p115-handbook_build.log": "52c3c6019765112a0cf9a1823b19a000586fe39a97ad78b81216a7cbdb5d516c",
    "results/failures/p115_initial/target/p115-handbook_build.scope.log": "45a937ce705d15f20b918948c66308420fa3bd0e19a3ce8f0e5da05d3c4888f7",
    "results/failures/p115_initial/target/p115-handbook_chromium.log": "06f03eb63927581f62ac311fd32c781c05f61cce653b473fab76de1fac1137bb",
    "results/failures/p115_initial/target/p115-handbook_chromium.scope.log": "48bacf789559682e8862f02c0d968bf7f7d6fdc7ad840ceffcc8a9c2f5b58ecb",
    "results/failures/p115_initial/target/p115-handbook_links.log": "042e133be84546e38529b23b64e332216b7c7d90bf8c04fc001dc401e117cf5c",
    "results/failures/p115_initial/target/p115-handbook_links.scope.log": "513df10817eabff3a3614a35d35fed3b4ffc72571677e87a21e07a84319f8d31",
    "results/failures/p115_initial/target/p115-historical_p107_replay.log": "e0be01d08c791e4d9b4baed6b5299cecf687776088a2e4d012814bb2cab3678e",
    "results/failures/p115_initial/target/p115-historical_p107_replay.scope.log": "1f3090ab020b3fe6183ed759af8de519aab125a13259c779b78f2791d7506896",
    "results/failures/p115_initial/target/p115-historical_p108_replay.log": "1c9032456fecedb646b1d959bebf5bcefb14fa103d850c489e1a3269cb49d0b8",
    "results/failures/p115_initial/target/p115-historical_p108_replay.scope.log": "a21dcdc30adf527f640472281fb051fb131f6168056c36b47e839939620d60e0",
    "results/failures/p115_initial/target/p115-historical_p109_replay.log": "793ec2baa8a240394504c37aeea8a90f49b6fdc015b8d95c3b30a331348263ce",
    "results/failures/p115_initial/target/p115-historical_p109_replay.scope.log": "2f64b6fa1328b118fe8a83f4c815c4da77c3d873980c0e4b756c1e19c9a26ac3",
    "results/failures/p115_initial/target/p115-historical_p110_replay.log": "4a20b711c03cec9d8a1c8c785d20fbc7ad00ac64a4bbebf9bc4eb3778cfdd694",
    "results/failures/p115_initial/target/p115-historical_p110_replay.scope.log": "dfead1e6eeea6d2fcedea1ebb4ada8afef261169979fd97158cf4a53e241b014",
    "results/failures/p115_initial/target/p115-historical_p111_replay.log": "0e213749c847f8026099fd16a169ace7a912be4be64003a2d39e4a22e0f6cbe7",
    "results/failures/p115_initial/target/p115-historical_p111_replay.scope.log": "9f0ce6bdef0323ec21a3de9e899bf55fa2477bdd60487b64ac9ed8af912102f3",
    "results/failures/p115_initial/target/p115-historical_p112_replay.log": "abdecdf0cd55632437f418a609d0d21f1424cf0fad6659cf5e73d4bf8edef6eb",
    "results/failures/p115_initial/target/p115-historical_p112_replay.scope.log": "d51d333577b7834014ad17345e9e8a6c3f11aba3ebb8161b6b4073044bf49fa3",
    "results/failures/p115_initial/target/p115-historical_p113_replay.log": "ce00515469f4a8a63d685c8fd2b693dcde73fe7ec5297bd4e2caea01124ce4a5",
    "results/failures/p115_initial/target/p115-historical_p113_replay.scope.log": "051ef5e42ba9c0783b0baaa2049a37bd596053f33f52cb83734841083e51f856",
    "results/failures/p115_initial/target/p115-historical_p114_replay.log": "4c19ee7f1495e8ee509d24511bbdea1a7bb65573c9f15443b742dc56af999d6b",
    "results/failures/p115_initial/target/p115-historical_p114_replay.scope.log": "a56367ce14940ad6bb283c298cea4cd8a25e48eab12df3372f43d1fbda14f4e0",
    "results/failures/p115_initial/target/p115-p105_child_lifecycle_regressions.log": "ad7c36287a6ff9ac0c22de8c4b282373a62b2568d76863c1fe7c69e696c52dc4",
    "results/failures/p115_initial/target/p115-p105_child_lifecycle_regressions.scope.log": "4d579ddfabe3f2b677b0121e0cb4bbcdb08fbec82727cab9ac76706e446f75a7",
    "results/failures/p115_initial/target/p115-p113_history_regressions.log": "93fe48e9298480885862ef7a73988e1bc24a459f6a02e1675e2d65247e0f5604",
    "results/failures/p115_initial/target/p115-p113_history_regressions.scope.log": "7fa9a18fc9ba38c833c04b30199f37f626452a458e309f1c62c1f2cb9868129b",
    "results/failures/p115_initial/target/p115-p114_history_regressions.log": "e1b43e8ac181a5455e3eabcce6e8b03f3cd49b53084d3c735ee7776fb38fb186",
    "results/failures/p115_initial/target/p115-p114_history_regressions.scope.log": "f6328643bb5994c44085326eccb5cacb17d99264279d818a99c1daebe67a1b59",
    "results/failures/p115_initial/target/p115-p115_oracle_regressions.log": "76ce5e3b68366474dfe3c3e0cba1f382cad8cd8e4f8069b2a5389e4859ee8fc1",
    "results/failures/p115_initial/target/p115-p115_oracle_regressions.scope.log": "7a037b74211afcd526b0b4290cad4ff3ee1b4e8c5a139d87b77c9d8d3415b2ae",
    "results/failures/p115_initial/target/p115-p115_verdict_regressions.log": "51a89379d6fde40f857f9f5b499d79f571b220976ac667ffb420bbf7bcc4945c",
    "results/failures/p115_initial/target/p115-p115_verdict_regressions.scope.log": "33f8f1ba21e6a106307ab1ea45de64f87504a77aaf6b077ef6e3e33698a7b4e3",
    "results/failures/p115_initial/target/p115-release_build.log": "cd48cc1d87cb8ab3837be5c4c2154e33a6a107e4d5f05bbde1eaa8bac1829099",
    "results/failures/p115_initial/target/p115-release_build.scope.log": "9465d304e81227df7d15c59d4e72d929fd8168f291e107be989ab37d361a534e",
    "results/failures/p115_initial/target/p115-resource-limits.log": "b52862d0d3de4e7ec1ebe954255d8758fd780894e44ad0ad8625319532e3c47e",
    "results/failures/p115_initial/target/p115-rust_fmt.log": "d089e3fd1b6af72738fef9c8184fde8091a1e32d01cca07029facb83bbf17ea1",
    "results/failures/p115_initial/target/p115-rust_fmt.scope.log": "1b6b11e9ab96774876595159ddb8ee109014f65d121aba1c5f10328ea35e10ed",
    "results/failures/p115_initial/target/p115-workspace_check.log": "07aab9aff9fac993e35c521e14523782512a71c942ed0512939e12945445519b",
    "results/failures/p115_initial/target/p115-workspace_check.scope.log": "3761c6c56e6b172c34ecfc0f85cf420236400b3c586fceac68e717bdc507eecb",
    "results/failures/p115_initial/target/p115-workspace_clippy.log": "ae47573e9762389dbf7734b72349c68cf02adad91e9dfed099b426ed15afeefe",
    "results/failures/p115_initial/target/p115-workspace_clippy.scope.log": "695336ed1171ab388d36a61055eb1ced1e72604594eef1c0f5c249def79f4b78",
    "results/failures/p115_initial/target/p115-workspace_tests.log": "81956ea382f4cdfacea18fdf834cefa9057e8c41131dbeae84bfbe373e9e9bf3",
    "results/failures/p115_initial/target/p115-workspace_tests.scope.log": "46fe1016970f5ec167b468d68efd47efd1a9bfc851a536788d6cf2a1cc2840a5",
    "results/failures/p115_initial/target/p115-write-quality.py": "df9e9fefb16a8e34835826744710dbfb3ba144fbf921b3779a6588bb599a06b5"
  },
  "p115_initial_discovery_sha256": "22f03d9115f7c2ef5b4c98d19d9fe1cce85e62c38747036f1e130e4c711632db",
  "p115_unexecuted_artifacts_absent": true,
  "p116_repair_evidence": {
    "amendment_sha256": "3fa71d7c7537dbe9132f5de8d9f4a64d33126f065f4f41aef7496fab38be372c",
    "checkpoint": "cb786f75acc456cb0157c6d5f38d9b6308140d85",
    "ci_record_present": false,
    "comparison_failure_count": 186,
    "discovery_sha256": "15f73cb664ff13a4ca75d7edcf098d2ee2ce557ff00f9d95cb23c366b612e441",
    "failed_mutation": "integer_count_type",
    "failed_refusal": "unknown_external_field",
    "g2_executed": false,
    "implementation_record_present": false,
    "original_g0_replay_exit_code": 0,
    "original_g0_seal_exit_code": 0,
    "original_g0_sha256": "2b1b8cbaad1073be4b16e5d21f284d41702ad2c0b53a36e6ee7b7f4e3e32af93",
    "original_g1_exit_code": 1,
    "original_g1_log_sha256": "a836211e55cbd461718935edf88e91b07f9ecd572007f9eadd0028623a15cde2",
    "original_g1_sha256": "75e94554ac5d9d909e5eac59bd676c649db685eb52ffbba8a2340d5603251c21",
    "original_quality_gate_count": 25,
    "original_quality_gates": {
      "gate_recorder_regressions": {
        "log_sha256": "92572272431cff8c3b39b50c2877b77ef0e9f000ad0b6ea56ffe15a8383d029a",
        "receipt_sha256": "a593bce18c837fecd2be95a8d4e26db910d3dda97549ec5f89d4622039448d18"
      },
      "handbook_build": {
        "log_sha256": "52c3c6019765112a0cf9a1823b19a000586fe39a97ad78b81216a7cbdb5d516c",
        "receipt_sha256": "56eae998b1127173dfb7e960ea9fe8d7e1185173f085986dbea3b79d2c8ea989"
      },
      "handbook_chromium": {
        "log_sha256": "acee73fd1086b592436e6c5d7854d66c55cf7b120613a0ef8fb489e89e9f8e17",
        "receipt_sha256": "954bd4040311cd4f1f30c01603087a46bc1cd3ad5c7706e82507b5312f163945"
      },
      "handbook_links": {
        "log_sha256": "042e133be84546e38529b23b64e332216b7c7d90bf8c04fc001dc401e117cf5c",
        "receipt_sha256": "8f058ace114f6a06cd45fd453963eca38fa1a10c2ed185fd78e15911f429407c"
      },
      "historical_p107_replay": {
        "log_sha256": "e0be01d08c791e4d9b4baed6b5299cecf687776088a2e4d012814bb2cab3678e",
        "receipt_sha256": "a01b9dbdc30e77adbe18fa11f8cafcfe6417998e52676201a02e26e04f8026cc"
      },
      "historical_p108_replay": {
        "log_sha256": "1c9032456fecedb646b1d959bebf5bcefb14fa103d850c489e1a3269cb49d0b8",
        "receipt_sha256": "763b4d607b4b83c75720357331cb03f7fae85ad7e43c12f37784a38b19d44d31"
      },
      "historical_p109_replay": {
        "log_sha256": "793ec2baa8a240394504c37aeea8a90f49b6fdc015b8d95c3b30a331348263ce",
        "receipt_sha256": "431f72a4fa583307ae89482367bec504e820158469fc648e3277cc7eb581bce4"
      },
      "historical_p110_replay": {
        "log_sha256": "4a20b711c03cec9d8a1c8c785d20fbc7ad00ac64a4bbebf9bc4eb3778cfdd694",
        "receipt_sha256": "490f52a3a0bf51480c458606e2c051538a8e7c8dd280ebd35a4ed4fc55e85a47"
      },
      "historical_p111_replay": {
        "log_sha256": "0e213749c847f8026099fd16a169ace7a912be4be64003a2d39e4a22e0f6cbe7",
        "receipt_sha256": "cac066932f6adfa5b022584097f8aaa962ab5f55444564874fc29b8e1ad5d5c8"
      },
      "historical_p112_replay": {
        "log_sha256": "abdecdf0cd55632437f418a609d0d21f1424cf0fad6659cf5e73d4bf8edef6eb",
        "receipt_sha256": "4a9b924553d1c9d69d355986e57b9a1a1054857f49500d709665e095fbbd6ba0"
      },
      "historical_p113_replay": {
        "log_sha256": "ce00515469f4a8a63d685c8fd2b693dcde73fe7ec5297bd4e2caea01124ce4a5",
        "receipt_sha256": "23cbd5019d4413918bc597cf53bc12fabca3f8da893d04d0be19132a69b51cd6"
      },
      "historical_p114_replay": {
        "log_sha256": "4c19ee7f1495e8ee509d24511bbdea1a7bb65573c9f15443b742dc56af999d6b",
        "receipt_sha256": "622e9aa4817ae4346f0578188fe034bd6dec92cab58073ce66f093983b4a8856"
      },
      "historical_p115_replay": {
        "log_sha256": "a8405fc946aa07f744a860e8533c57b5c3c18848c3605a8d50fb836009c90899",
        "receipt_sha256": "d53f3497c84c2282845c4273cff9c0d03aa41135aa0f8ad064bd810364c8709c"
      },
      "p105_child_lifecycle_regressions": {
        "log_sha256": "b26d86ec05de4412cd5e3454291090a118cabe5ba4123acb1bd9b328effb6cce",
        "receipt_sha256": "c094d982c1caed63b48ed0ed68c0c90225c2aa46cfc9e8c21ea08388d69bf768"
      },
      "p113_history_regressions": {
        "log_sha256": "a1ab16e6b5c60896c06f90bb64047c19e40178571e9499b2e7f1cbfdbc1d1023",
        "receipt_sha256": "40ba441ae6174748963046eecf5ad300e12fd55b7d278c4cd5238b428aeb16bb"
      },
      "p114_history_regressions": {
        "log_sha256": "0b02d449c7bb59b9c0ed3a27bc56bb10468f8b32b1b8feb77130a41f70da1657",
        "receipt_sha256": "fc61f0a9fd69e682291f489fba4bd13a12783aba7bbbf89daa8434ed1825c49e"
      },
      "p115_history_regressions": {
        "log_sha256": "ab2c1495e24f7a3c390c5d0f30f6ef9503ef955fc92d529b9d3ef72a773f15f2",
        "receipt_sha256": "876dec83898bd12b7ce69d7e1b99708e20fb1d43f739a0915fc901e6bbd2aaff"
      },
      "p116_oracle_regressions": {
        "log_sha256": "3c756a9b29baee71ce9b9207680c162d9eab332a53dd6389165ff509df1cdb32",
        "receipt_sha256": "2c5642da52831f1ef91db2acc4d1b786a4bc1cbec84d7a2f8c523a3cf7dc145a"
      },
      "p116_seal_regressions": {
        "log_sha256": "4d6447ad5e45f86dcf0922ae7911213d1be814cefc41da7eaba6d2ec7c147447",
        "receipt_sha256": "260640aed8645714a0e93e592ffd2d041aacae89167716423cca36137d253e3a"
      },
      "p116_verdict_regressions": {
        "log_sha256": "e0d7eafc8609fe9ef8b6c40c97b195a11b0bc3d137308db73bce42aad9ec9a53",
        "receipt_sha256": "18cd75dc4e2fd8affac50720aed543996a35145d8259328646131acf6d46df6e"
      },
      "release_build": {
        "log_sha256": "3f28e3a2b566aea19cba25f8012fc9d86f77508233f3bbb6e3f14a84d43160fb",
        "receipt_sha256": "9a3c9f74a883f127c9a7a32347a231d8d2c9fd15596a789c90987eb9367033b9"
      },
      "rust_fmt": {
        "log_sha256": "d089e3fd1b6af72738fef9c8184fde8091a1e32d01cca07029facb83bbf17ea1",
        "receipt_sha256": "004e23b64f08f5fc36eed70110cf792b97037e897f6b39dcd0db7415d3262307"
      },
      "workspace_check": {
        "log_sha256": "e861edc752fea8686616857992f4ad60d2c1a59724f7d58eeef91488ab66e29b",
        "receipt_sha256": "0b56265e8cb921e71cabb28a80b2fc079e5c7141a44cfdfb48439841123b68bd"
      },
      "workspace_clippy": {
        "log_sha256": "ca2e7833da10ec20939ccbf9c17eb1aed6ef605e6ae3d7af009b9fce6d4394c7",
        "receipt_sha256": "31ee726f6aa84a6584c9990a15f63ec28e9200e138ccd0a9e06425a751d710f4"
      },
      "workspace_tests": {
        "log_sha256": "4e93f6c06a56e8ca6bdf24aebf282f7b93ad466ab27af7610cbe19a6df3cbe49",
        "receipt_sha256": "5125b532751ee04e247706fd55b913acd353268d7098a735dd052413477cbff8"
      }
    },
    "original_retained_count": 88,
    "original_retained_sha256": {
      "results/failures/p116_initial/results/g0_p116_twin_waste.json": "2b1b8cbaad1073be4b16e5d21f284d41702ad2c0b53a36e6ee7b7f4e3e32af93",
      "results/failures/p116_initial/results/g1_p116_twin_waste.json": "75e94554ac5d9d909e5eac59bd676c649db685eb52ffbba8a2340d5603251c21",
      "results/failures/p116_initial/results/quality/p116/gate_recorder_regressions.json": "a593bce18c837fecd2be95a8d4e26db910d3dda97549ec5f89d4622039448d18",
      "results/failures/p116_initial/results/quality/p116/handbook_build.json": "56eae998b1127173dfb7e960ea9fe8d7e1185173f085986dbea3b79d2c8ea989",
      "results/failures/p116_initial/results/quality/p116/handbook_chromium.json": "954bd4040311cd4f1f30c01603087a46bc1cd3ad5c7706e82507b5312f163945",
      "results/failures/p116_initial/results/quality/p116/handbook_links.json": "8f058ace114f6a06cd45fd453963eca38fa1a10c2ed185fd78e15911f429407c",
      "results/failures/p116_initial/results/quality/p116/historical_p107_replay.json": "a01b9dbdc30e77adbe18fa11f8cafcfe6417998e52676201a02e26e04f8026cc",
      "results/failures/p116_initial/results/quality/p116/historical_p108_replay.json": "763b4d607b4b83c75720357331cb03f7fae85ad7e43c12f37784a38b19d44d31",
      "results/failures/p116_initial/results/quality/p116/historical_p109_replay.json": "431f72a4fa583307ae89482367bec504e820158469fc648e3277cc7eb581bce4",
      "results/failures/p116_initial/results/quality/p116/historical_p110_replay.json": "490f52a3a0bf51480c458606e2c051538a8e7c8dd280ebd35a4ed4fc55e85a47",
      "results/failures/p116_initial/results/quality/p116/historical_p111_replay.json": "cac066932f6adfa5b022584097f8aaa962ab5f55444564874fc29b8e1ad5d5c8",
      "results/failures/p116_initial/results/quality/p116/historical_p112_replay.json": "4a9b924553d1c9d69d355986e57b9a1a1054857f49500d709665e095fbbd6ba0",
      "results/failures/p116_initial/results/quality/p116/historical_p113_replay.json": "23cbd5019d4413918bc597cf53bc12fabca3f8da893d04d0be19132a69b51cd6",
      "results/failures/p116_initial/results/quality/p116/historical_p114_replay.json": "622e9aa4817ae4346f0578188fe034bd6dec92cab58073ce66f093983b4a8856",
      "results/failures/p116_initial/results/quality/p116/historical_p115_replay.json": "d53f3497c84c2282845c4273cff9c0d03aa41135aa0f8ad064bd810364c8709c",
      "results/failures/p116_initial/results/quality/p116/p105_child_lifecycle_regressions.json": "c094d982c1caed63b48ed0ed68c0c90225c2aa46cfc9e8c21ea08388d69bf768",
      "results/failures/p116_initial/results/quality/p116/p113_history_regressions.json": "40ba441ae6174748963046eecf5ad300e12fd55b7d278c4cd5238b428aeb16bb",
      "results/failures/p116_initial/results/quality/p116/p114_history_regressions.json": "fc61f0a9fd69e682291f489fba4bd13a12783aba7bbbf89daa8434ed1825c49e",
      "results/failures/p116_initial/results/quality/p116/p115_history_regressions.json": "876dec83898bd12b7ce69d7e1b99708e20fb1d43f739a0915fc901e6bbd2aaff",
      "results/failures/p116_initial/results/quality/p116/p116_oracle_regressions.json": "2c5642da52831f1ef91db2acc4d1b786a4bc1cbec84d7a2f8c523a3cf7dc145a",
      "results/failures/p116_initial/results/quality/p116/p116_seal_regressions.json": "260640aed8645714a0e93e592ffd2d041aacae89167716423cca36137d253e3a",
      "results/failures/p116_initial/results/quality/p116/p116_verdict_regressions.json": "18cd75dc4e2fd8affac50720aed543996a35145d8259328646131acf6d46df6e",
      "results/failures/p116_initial/results/quality/p116/release_build.json": "9a3c9f74a883f127c9a7a32347a231d8d2c9fd15596a789c90987eb9367033b9",
      "results/failures/p116_initial/results/quality/p116/rust_fmt.json": "004e23b64f08f5fc36eed70110cf792b97037e897f6b39dcd0db7415d3262307",
      "results/failures/p116_initial/results/quality/p116/workspace_check.json": "0b56265e8cb921e71cabb28a80b2fc079e5c7141a44cfdfb48439841123b68bd",
      "results/failures/p116_initial/results/quality/p116/workspace_clippy.json": "31ee726f6aa84a6584c9990a15f63ec28e9200e138ccd0a9e06425a751d710f4",
      "results/failures/p116_initial/results/quality/p116/workspace_tests.json": "5125b532751ee04e247706fd55b913acd353268d7098a735dd052413477cbff8",
      "results/failures/p116_initial/target/p116-close-ci.py": "b7fb7ac69908f310d1565652c45a6af6f5e38486f7d7d13e378b664c1cbf2d62",
      "results/failures/p116_initial/target/p116-controls/g1/refusals/unknown_external_field/mesh.ndjson": "c3f297ca8400c465342382558e7ae78b6ec7eb868b3cc635a3ac64cf63bdba94",
      "results/failures/p116_initial/target/p116-controls/g1/refusals/unknown_external_field/out.json": "73044331c0567114c1d70ed33bb196e9a782f291d2d3bbeb75f6c1a0de36d6d6",
      "results/failures/p116_initial/target/p116-controls/g1/refusals/unknown_external_field/twin.json": "dd17004fef8da25d690274461a8caa05019fa52cdc43650c144f1c6819a9fd04",
      "results/failures/p116_initial/target/p116-controls/g1/two_table_mixture/out.json": "44a143deb335975cf29256a73ffc391475d67e016631f04d4da27f6f284b997f",
      "results/failures/p116_initial/target/p116-g0-replay.log": "06087e530e0a0b9bb585a83eb5aafccb8bc494f319aef5157984c0f13953ed69",
      "results/failures/p116_initial/target/p116-g0-seal.log": "c7e0980488eae42179dae49ed77e222e9319bcc773ea632dc277b7287d6e1856",
      "results/failures/p116_initial/target/p116-g1.log": "a836211e55cbd461718935edf88e91b07f9ecd572007f9eadd0028623a15cde2",
      "results/failures/p116_initial/target/p116-gate_recorder_regressions.log": "92572272431cff8c3b39b50c2877b77ef0e9f000ad0b6ea56ffe15a8383d029a",
      "results/failures/p116_initial/target/p116-gate_recorder_regressions.scope.log": "0d8b0ea1bf6d2a1a6dc6a6ff9c25e070e7957de1c0995db6cc5f830fb2598fc2",
      "results/failures/p116_initial/target/p116-handbook_build.log": "52c3c6019765112a0cf9a1823b19a000586fe39a97ad78b81216a7cbdb5d516c",
      "results/failures/p116_initial/target/p116-handbook_build.scope.log": "e26d33333242e3d39db6b835898b1ceb7af129d4ef6974443118bf668c3c005e",
      "results/failures/p116_initial/target/p116-handbook_chromium.log": "acee73fd1086b592436e6c5d7854d66c55cf7b120613a0ef8fb489e89e9f8e17",
      "results/failures/p116_initial/target/p116-handbook_chromium.scope.log": "26d670ca6f491c4f33ec2bb90faf2a67a452bd379dc9bf417ff503a81ca3c1e0",
      "results/failures/p116_initial/target/p116-handbook_links.log": "042e133be84546e38529b23b64e332216b7c7d90bf8c04fc001dc401e117cf5c",
      "results/failures/p116_initial/target/p116-handbook_links.scope.log": "5890e4972504ee6e9d92c7d30da4ac17bd62198f18ddcf350dc47f4fe114fece",
      "results/failures/p116_initial/target/p116-historical_p107_replay.log": "e0be01d08c791e4d9b4baed6b5299cecf687776088a2e4d012814bb2cab3678e",
      "results/failures/p116_initial/target/p116-historical_p107_replay.scope.log": "b4aeea040df220257e2f923024154fcf81ba6b2ccda3e3c8249679aa59fbc315",
      "results/failures/p116_initial/target/p116-historical_p108_replay.log": "1c9032456fecedb646b1d959bebf5bcefb14fa103d850c489e1a3269cb49d0b8",
      "results/failures/p116_initial/target/p116-historical_p108_replay.scope.log": "01e5fbfe179cca92c2f471befbcafafe71926e4e491a4de9250f38a4ea0d3d2d",
      "results/failures/p116_initial/target/p116-historical_p109_replay.log": "793ec2baa8a240394504c37aeea8a90f49b6fdc015b8d95c3b30a331348263ce",
      "results/failures/p116_initial/target/p116-historical_p109_replay.scope.log": "f67c43f3f6fca2c1021c4f6f4a305707c26601e8c6714879fe01286732c9a2c4",
      "results/failures/p116_initial/target/p116-historical_p110_replay.log": "4a20b711c03cec9d8a1c8c785d20fbc7ad00ac64a4bbebf9bc4eb3778cfdd694",
      "results/failures/p116_initial/target/p116-historical_p110_replay.scope.log": "537c264601f05cb1036a26d0f3a2ba16bb4c9d75b60c3f7996e021dbee0885cb",
      "results/failures/p116_initial/target/p116-historical_p111_replay.log": "0e213749c847f8026099fd16a169ace7a912be4be64003a2d39e4a22e0f6cbe7",
      "results/failures/p116_initial/target/p116-historical_p111_replay.scope.log": "a77fd78a5a09953a822c72c7a3731bef346ec9f25797c79bf8da1dc4eb37f84a",
      "results/failures/p116_initial/target/p116-historical_p112_replay.log": "abdecdf0cd55632437f418a609d0d21f1424cf0fad6659cf5e73d4bf8edef6eb",
      "results/failures/p116_initial/target/p116-historical_p112_replay.scope.log": "1521d97f4753b62d5a2613e106d6da2df25278cef46ddfbcbe514526a1a2e2ff",
      "results/failures/p116_initial/target/p116-historical_p113_replay.log": "ce00515469f4a8a63d685c8fd2b693dcde73fe7ec5297bd4e2caea01124ce4a5",
      "results/failures/p116_initial/target/p116-historical_p113_replay.scope.log": "4db67f3225c725247ea5f0ae05beae59fe32d3a3e6995be67917b330262d530c",
      "results/failures/p116_initial/target/p116-historical_p114_replay.log": "4c19ee7f1495e8ee509d24511bbdea1a7bb65573c9f15443b742dc56af999d6b",
      "results/failures/p116_initial/target/p116-historical_p114_replay.scope.log": "d60a8820be3df8fb1ba74a7a5483061ed3aa2c7150ff1c7a8c5a94178098989c",
      "results/failures/p116_initial/target/p116-historical_p115_replay.log": "a8405fc946aa07f744a860e8533c57b5c3c18848c3605a8d50fb836009c90899",
      "results/failures/p116_initial/target/p116-historical_p115_replay.scope.log": "9717d81b7a6033324177fc00bcdcf3f4bbddc11af440a5ef85a7f04a6d97a830",
      "results/failures/p116_initial/target/p116-p105_child_lifecycle_regressions.log": "b26d86ec05de4412cd5e3454291090a118cabe5ba4123acb1bd9b328effb6cce",
      "results/failures/p116_initial/target/p116-p105_child_lifecycle_regressions.scope.log": "d91de955163fa3c927a4f2b9cc46b93bb79ccb185d8884708c47edc2a89b6f1a",
      "results/failures/p116_initial/target/p116-p113_history_regressions.log": "a1ab16e6b5c60896c06f90bb64047c19e40178571e9499b2e7f1cbfdbc1d1023",
      "results/failures/p116_initial/target/p116-p113_history_regressions.scope.log": "64a4e05ee94db7ffbc41a56ba6af9ff88981eb5deb4b63676f829b54c6d2ff17",
      "results/failures/p116_initial/target/p116-p114_history_regressions.log": "0b02d449c7bb59b9c0ed3a27bc56bb10468f8b32b1b8feb77130a41f70da1657",
      "results/failures/p116_initial/target/p116-p114_history_regressions.scope.log": "d6c5d3140972d8cafadf5b081a2e0ad5a2ed510427300b2f1771a179e92b6b9d",
      "results/failures/p116_initial/target/p116-p115_history_regressions.log": "ab2c1495e24f7a3c390c5d0f30f6ef9503ef955fc92d529b9d3ef72a773f15f2",
      "results/failures/p116_initial/target/p116-p115_history_regressions.scope.log": "da54cdaa233669fa167f524c7c0687209ce01d981bb6986ada66a0c3851ae4ba",
      "results/failures/p116_initial/target/p116-p116_oracle_regressions.log": "3c756a9b29baee71ce9b9207680c162d9eab332a53dd6389165ff509df1cdb32",
      "results/failures/p116_initial/target/p116-p116_oracle_regressions.scope.log": "8b2e7ed15b4f6a66cf7b8a5a298f51f02f96bdf9f48beb95c1f04cc008bcb7cd",
      "results/failures/p116_initial/target/p116-p116_seal_regressions.log": "4d6447ad5e45f86dcf0922ae7911213d1be814cefc41da7eaba6d2ec7c147447",
      "results/failures/p116_initial/target/p116-p116_seal_regressions.scope.log": "cb7c7dc49240a7ebed6c3d103661cc7c2919a24bbd3c51b41776e158339201ac",
      "results/failures/p116_initial/target/p116-p116_verdict_regressions.log": "e0d7eafc8609fe9ef8b6c40c97b195a11b0bc3d137308db73bce42aad9ec9a53",
      "results/failures/p116_initial/target/p116-p116_verdict_regressions.scope.log": "d6fbc19d186c1dbba511b73ae16f84bffc22b1b8ae1ba5a0eb1bc423f9905fda",
      "results/failures/p116_initial/target/p116-preserve-initial.py": "cf77f87890e28037ff07a55feff0d40a17b5d7c23171474399b5532dd3f23679",
      "results/failures/p116_initial/target/p116-release_build.log": "3f28e3a2b566aea19cba25f8012fc9d86f77508233f3bbb6e3f14a84d43160fb",
      "results/failures/p116_initial/target/p116-release_build.scope.log": "2cb3446877a584f510c2d0397c792f21d800bb0c8744f0fcf415a16220d35e40",
      "results/failures/p116_initial/target/p116-resource-limits.log": "17685ea39974544f8692170020cea58f1e60429773023aa4f9f32ba3ca42112e",
      "results/failures/p116_initial/target/p116-rust_fmt.log": "d089e3fd1b6af72738fef9c8184fde8091a1e32d01cca07029facb83bbf17ea1",
      "results/failures/p116_initial/target/p116-rust_fmt.scope.log": "c62bda7bb0cc2b61633daa5bce3c627a9db82c1e4f34a0876c4fea98249b38a8",
      "results/failures/p116_initial/target/p116-workspace_check.log": "e861edc752fea8686616857992f4ad60d2c1a59724f7d58eeef91488ab66e29b",
      "results/failures/p116_initial/target/p116-workspace_check.scope.log": "43f8a0b0779f5fbd19f967d861b9ebade4060395895272a4cf9c0f3c01537dc3",
      "results/failures/p116_initial/target/p116-workspace_clippy.log": "ca2e7833da10ec20939ccbf9c17eb1aed6ef605e6ae3d7af009b9fce6d4394c7",
      "results/failures/p116_initial/target/p116-workspace_clippy.scope.log": "7c6e46e81df334a00c3eb3fc8b0305965818b0145141d6e8532cab2d7326903f",
      "results/failures/p116_initial/target/p116-workspace_tests.log": "4e93f6c06a56e8ca6bdf24aebf282f7b93ad466ab27af7610cbe19a6df3cbe49",
      "results/failures/p116_initial/target/p116-workspace_tests.scope.log": "7e888e3e3583a02c7110da2b96c560f000a5574f9315e79a0509bd19a0734b4f",
      "results/failures/p116_initial/target/p116-write-quality.py": "a00c189622b8ae554bfc85f3e42dbcbf5eb303276ac4348384d25d10fa60379e"
    },
    "original_rust_sha256": {
      "crates/actinv-cli/src/assimilate.rs": "b0f78a7666b9752c35948029d02cd52cd03a8b9596566a425b5512f30bd72237",
      "crates/actinv-cli/src/bin/actinv.rs": "1b47334f832ba5a39dfb16cd01f108c1ddc7926c89506cdadd13c9d75b16b78e",
      "crates/actinv-cli/src/budget.rs": "fa7627d38648f8808006894309b3c3c1ad5e93c7ccef74604ff013eb8ba8455c",
      "crates/actinv-cli/src/command.rs": "6049aa941b749bd18f5dc4851304492f0db920ff5ded1e7de941b582f0df85d5",
      "crates/actinv-cli/src/decide.rs": "f94367b7bff4b23b0db198c08e8894b06e17b5fc1b43d01fe4a7a5cd78ce35e2",
      "crates/actinv-cli/src/evalspread.rs": "dd9d19b9f71194417bc089ecb995d73cc631970c02305340999beb5fec8db59c",
      "crates/actinv-cli/src/lib.rs": "192fe4ad229d242dc07d5bf6378f54fdec4d09c0a1ea04161320dba7199dbe71",
      "crates/actinv-cli/src/optimize.rs": "7d4f384ac0075b5246757fe30fe53c6efd023da3ba11f54c77d95a7037830c28",
      "crates/actinv-cli/src/surrogate.rs": "4f5170c98d54041561921d33223ad8568fa212b2d68ebf5b832f54288786740c",
      "crates/actinv-cli/src/twin.rs": "ce6088b610747b49bf7f56a037f4a003d1927bd6efc3dfe37b449cf66e880e61",
      "crates/actinv-cli/src/twin_waste.rs": "ab563b458fbcf1fe230fc3f3afe7a55993479a14f7bfccd2ec4ef25f74456b3a",
      "crates/actinv-cli/src/waste.rs": "18acc9564e52f5286f33a4b6edc33c0a00ee5ba903f0c3bcb031d92568ff8c15",
      "crates/actinv-cli/src/waste_bounds.rs": "86e3199305a8a8526bfd95dbdedb587de932118d9a71027884ebb215801315e4",
      "crates/actinv-cli/src/waste_budget.rs": "23a41809157ce20357d4a0b4cdf805f79ba83aed28e8ca437f3262da68c162da",
      "crates/actinv-cli/src/waste_composition.rs": "5f24307f0b6674dff0a692bfe74dd694c025e151e12c77640b6d102ed5e3cb30",
      "crates/actinv-cli/src/waste_composition_solve.rs": "bacb623a8229cc4f86b3c5fe3f76a89c3c5c99f1cc364cdbaa5e8f1a7eafc569",
      "crates/actinv-cli/src/waste_composition_verify.rs": "363ae16501e33ff002db3afe5d12e76f39168cf516472350e59779fe2442a1b0",
      "crates/actinv-cli/src/waste_intrusion.rs": "32fd0c623960581995bea73744fadd52c07f1f3d0e9b7d9cbe03a03edfe1688c",
      "crates/actinv-cli/src/worker.rs": "1e99fbd1109027fbb2587686c9fcbbee1c8805bfe45134888181f40e252f4d51",
      "crates/actinv-cli/src/workflow.rs": "d5b166fe18acf3332c110a405097642dc6037f517a9373c5631b576589135edd",
      "crates/actinv-cli/tests/data_command.rs": "d88714714fb240cca43c69b78652a0473b363f3a394c53500fb2e4dd047e9cf4",
      "crates/actinv-cli/tests/validation.rs": "4ce61a0b0447bf63bef9d89403c16e0bfaa281c68c96340aaac82b572f5b69ee",
      "crates/actinv-cli/tests/version.rs": "d821ad302a2fa82e0ce91e9aae194c42488d05b71b2453d40c8d683b3ad8c3a1",
      "crates/actinv-core/examples/p92_balance.rs": "129fcd87769fdd9cf208940ed4115e2a1b36f5a82e60ba1df2e219ab12f53917",
      "crates/actinv-core/src/bin/cache_probe.rs": "ade32188ff57bb40e9f763a59a2c33e3f7b447779a0fb3495b5257472609ae03",
      "crates/actinv-core/src/bin/cram_probe.rs": "27dbf073400a7ad3afb64f913fa809951eb800d0de3f8f11688606a1c2f64943",
      "crates/actinv-core/src/bin/fission_probe.rs": "ea3e12d69ed22100717638e89c8573e4a850f3ce7671c8aa34a0fe34d2d1f49c",
      "crates/actinv-core/src/bin/flux_probe.rs": "a55ee49f8d0544fc05fec3e6d1ec5363de814db041b298087aeeb983362899b3",
      "crates/actinv-core/src/bin/parser_fuzz_probe.rs": "520cbeebb16e0cd289992f32dc7e302b3abfb459f5a1faf88946f23e42c53146",
      "crates/actinv-core/src/bin/photon_probe.rs": "abc4a8dff5025eceb8a7bad5aead22763961e3208b8b693ad0e99bca2f9cc66c",
      "crates/actinv-core/src/bin/prepared_probe.rs": "b5df928a0dc4ade085d8d3c8d5a03cadb61c9aebd6f2befef1f6214228723582",
      "crates/actinv-core/src/bin/uncertainty_probe.rs": "a95e9328bfe93b23db3134930b2a0a8cedfcd0e076f6784bd5bc403151b93798",
      "crates/actinv-core/src/bin/unit_probe.rs": "81eba337cb1d0e7c2ae060de43b21b989936dd2106a17db5ef5af8d6526e1a0f",
      "crates/actinv-core/src/chain.rs": "6c6a77f00e8c3a832e5c4b4c006cf78b3f1402c1530621b685b2f468e0862b23",
      "crates/actinv-core/src/clearance.rs": "d6a725cea709c2eb48ecfe1716e02d0c64f265451c387adc49dc2be9b15b74d8",
      "crates/actinv-core/src/cram.rs": "79f13e05c2111f1dae06f5069bcc569939f0d3c55d6456b4d6cba5fb5e474cba",
      "crates/actinv-core/src/cram_coeffs.rs": "ad87f5e6af18c6b4c4a0bb79d93d6530d7e45ae521e8521080f6106ca3b847a9",
      "crates/actinv-core/src/damage.rs": "d005ca5ab2b6d127002d903c504a95241a7e8b562a30742779d8e54aabbb1b37",
      "crates/actinv-core/src/doppler.rs": "92e693b957514a6889a5e4bde3182f498385289c306fd0d03becf572a2cd8c6f",
      "crates/actinv-core/src/finite.rs": "a14163d327d3792e1936a18e5cae84f8cfa2ac57b8d083a747b588e56c9e6a2f",
      "crates/actinv-core/src/flux.rs": "303429ede4c69afccf05e347dbe820f241c623a70cad4b43356c349528f940dd",
      "crates/actinv-core/src/gas.rs": "f358759dc25c7bb42d81006074a2f0b8ef679c0623725a3eef85cbe1bccbf6d4",
      "crates/actinv-core/src/lib.rs": "3fb7ac6b8c9a7380a0f3b1809303f288720d55b0d77d293c693acc833c368ef0",
      "crates/actinv-core/src/mesh.rs": "f27b3774c6de095eaf1179da86c85575defcfd42d6b6af24ce41ba73d10a6e89",
      "crates/actinv-core/src/photon.rs": "39cb950426d3eb528e0695ef1c87af865f155bf999b545d3452ad81241d1e728",
      "crates/actinv-core/src/prune.rs": "f243c865a425bb35b5f71978148a422a52945bd1d06b857369c3ea7f26a74435",
      "crates/actinv-core/src/quantity.rs": "ff87d2bcbd3efef668bc9563240e1bcc27072e466d39659dab1a2525950e46d9",
      "crates/actinv-core/src/r2s.rs": "f511d47d3fd36c6df5ab8b0aad85b31b010d2add9113611022a0b78baf9b5db4",
      "crates/actinv-core/src/radiological.rs": "0de7344850fbea048f2690a609d0f1fc8dd8205e8dedd3bc2684b157d99372a2",
      "crates/actinv-core/src/reverse.rs": "0539da50e2eac494d0e0aacff9c7f1f5a254b098e5cba338da53633ee9a5113a",
      "crates/actinv-core/src/run.rs": "9fccfee575f1ddfad229a7e7d225150f10f4e8aa776cc2e6e748850b9c558eb7",
      "crates/actinv-core/src/shielding.rs": "0ebf3068ace5641afe5fa4034eca7c12a8914d3d7f3760606007fbceda93c21e",
      "crates/actinv-core/src/source_adapter.rs": "f5d25dc6e3e471873e5fbc07c267269eb6da6d940587a6c36ca28635f1922e5f",
      "crates/actinv-core/src/sparse.rs": "0ab2864aacdfb87a2522132df003c00388ce2cd0e49a445ed4c87f67c99f0fbc",
      "crates/actinv-core/src/spec.rs": "7ae5c4c8b2b3adcf75ec7a8b9457b276b06a8e79816e66be33c43c145b2df480",
      "crates/actinv-core/src/study.rs": "eaece838acf380190719c9157dfad1d1fd3538b7f8c62bacc1120c11550a3226",
      "crates/actinv-core/src/uncertainty.rs": "fc680cbc0d3aeb479867c6c9ef86b7e33f6fb03642062172d7350c9c4606f8a5",
      "crates/actinv-core/src/waste.rs": "3ed8bb1d468cc19b1fb12dfe17d64065e00ddbfa5f47936e2b6cf638a6cbb607",
      "crates/actinv-core/src/waste_bounds.rs": "be9e39811dd496fc2622c5412beba3f5548f8153723a283f872815e652888d7f",
      "crates/actinv-core/src/waste_composition.rs": "de783f5d4eb301e8846839d9e54c9ba3da68824c1e85f7e020cef64bcace2f3c",
      "crates/actinv-core/src/waste_intrusion.rs": "efd2a4aa216652e627f70f854b9bff400228c4dd8cdfeb1070d11ab9841aaed6",
      "crates/actinv-data/src/activation.rs": "4a977463891ed236c6ab73cce785f1e70c2362fc4103934239f900d7ed2820c9",
      "crates/actinv-data/src/bin/dump.rs": "6faac1a95a31f3a6f2f7d0dc29fafcabd36768737070580c3e6e12f47d2d0464",
      "crates/actinv-data/src/bin/p18_corpus_probe.rs": "4f7afb6c2b4e388596f235f05d63555d03d573d18061e17463c863cdda0aa9e8",
      "crates/actinv-data/src/bin/p18b_corpus_probe.rs": "8dcf50a0b11631db0877e30be9397750b0b4c64eb3435ad601b2f753939effef",
      "crates/actinv-data/src/bin/p18b_oracle_probe.rs": "558b6ed1e6c1689196b0fe8b1467bd122a44113869e0754614f286b0d38bb66a",
      "crates/actinv-data/src/bin/p20_collapse_probe.rs": "570eaa5c84956e3aa0c96d0c7fb684ba3fa8174c18b7a1ec392497fa1927bf56",
      "crates/actinv-data/src/bin/p20_corpus_probe.rs": "fa5a5d5a1cd0f73f79aa83fa7f2907ce431b0e1c425075cd86bfe6f8a1361e1b",
      "crates/actinv-data/src/bin/prepared_data_probe.rs": "446faa941069cc65c28a35d331197fc6865b5f0e6e8163c9d7fcf55e57685366",
      "crates/actinv-data/src/builder.rs": "4d86b97ae1dde51c6ce6590f980e77bb19786b891da4080596ccc4dafa111ff8",
      "crates/actinv-data/src/composition.rs": "584399c14c25b24db09311622696bd2e5691dd3045cbaec0ce406ba1fefbf024",
      "crates/actinv-data/src/covariance.rs": "6165db1e3338634fb9320a1b22988836e8f16d68b47bd732715238886c9a26d4",
      "crates/actinv-data/src/decay.rs": "4be7dff38361d3e28775ed387b6cd8553768fbac69eea518176a3ffa23b385cf",
      "crates/actinv-data/src/doppler.rs": "8c9a0ef4a16ea5a54f14f087e9c66a258e7f1d9bee51f49b891318b958e89588",
      "crates/actinv-data/src/endf.rs": "53d7df649c930efa373c97127c817df9a0c1c712c60d97b409a5bd509282e252",
      "crates/actinv-data/src/fission.rs": "f2e4dce7d2bc566cbf5c32cf68b0fe3007f2b722b65eeecad17f2d81661b2011",
      "crates/actinv-data/src/groups.rs": "3c331b49d8464947c27fb8299152d4faa7658f18c658a476e416eaf08296e0f3",
      "crates/actinv-data/src/lib.rs": "91567ccc466c91bb10866f82545b1b929eeefa008a19920075cfe8f0bf669018",
      "crates/actinv-data/src/library.rs": "f1f80249839874ce695f530f662182663f888e87949d8aaeca8638ae5326c871",
      "crates/actinv-data/src/normalize.rs": "7041f7a53856f6409ac8d95fd44f683a5c18f496537339668d1953bd49261e6d",
      "crates/actinv-data/src/prepared.rs": "43bc4ea5590a4069fb5b503b798222a661a9c14718727bfddd77c55366414762",
      "crates/actinv-data/src/processing.rs": "b80de2abfc574df37e79db771aa164a754d3bad62c8fc2205b732609376b9700",
      "crates/actinv-data/src/resonance.rs": "8ad5bdfae5acaf6083729c2e4161c7e1f8c584cabf6c6ddc0d57d8b63edf1b54",
      "crates/actinv-data/src/shielding.rs": "b5596655068fd267e3422f60ea77ab69857d68cd6b3b4f8556dc084f041b98cc",
      "crates/actinv-data/src/tables.rs": "888923a68d6a7841c75883615f7cc738fc4a06ca5ec4f1e13ce3ea9146146d2f",
      "crates/actinv-gui/build.rs": "ba3dad3e79ca77e324554f943598000c523e4d777c4190b1682926d37bba8ab6",
      "crates/actinv-gui/src/app.rs": "866620532f9eea91b35af5587ac9b7453cf6a4fc546a753c9c6e3e3bad52366d",
      "crates/actinv-gui/src/capture.rs": "b5bfdb71a16a36b954d52770c8ce0258f961c89d41ee9f8a3a95c7dae30dfc9e",
      "crates/actinv-gui/src/lib.rs": "a25925117a2fe9daf1f6e7692750004c90ebbf4a273993af149cf8f822e91f9f",
      "crates/actinv-gui/src/main.rs": "b7ef2af84b0ee8b6131803590a421027375c821220611557b6d17f87795d93c6",
      "crates/actinv-gui/src/model.rs": "a2b345b2da356ed5953c8830f94e183c6d563b33c88b477f01e27ea93ce67764",
      "crates/actinv-gui/src/options.rs": "0d9a2fcdd592060a5b8a5ee3e71822af940fb18fbfa2d51600c554815528d0e4",
      "crates/actinv-gui/src/smoke.rs": "580f83ada2dd1d061f2e162b62a540a980ef813716c0f0a8f094deba7eb19e0d",
      "crates/actinv-gui/src/sweep.rs": "7b4d57895ef1d06348f1dd1411fe94f3c80cc76fa7b56d62453301813f63443c",
      "crates/actinv-gui/src/tour.rs": "0869eb3e7b2e0d8468a4708484d173905d56b979f3cfe21eb20b9d5613225685",
      "crates/actinv-gui/src/transport.rs": "6b3fd8795175e8b95be412719615e6018752353ea6dc30271d68966d01088a43",
      "crates/actinv-gui/src/visuals.rs": "35842c494d2e654999d1e065cbcbf1e833e8d63f1c46004924c40cc345eafe25",
      "crates/actinv-gui/src/web.rs": "6d6a672fc17c024234adc6fa887876131e5fdec8d5b33ca43d94fa868e86ca84",
      "crates/actinv-gui/src/web_app.rs": "5644807412fbe51d0e381d6be5e9b314f420088f629ab82ab2f5e7b665da30b9",
      "crates/actinv-gui/src/worker.rs": "cbc1185941ba34139062108560d2ab8931c94c24ac7281e9c86bc022dd4c7d0a"
    },
    "original_rust_source_count": 100,
    "original_source_count": 200,
    "original_source_sha256": {
      ".github/workflows/ci.yml": "11d6729210e5e150750fa37b4d9bbfde5fe60a3f53ec4c9a06d56b614de2c1c7",
      "controls/check_p105.py": "fad7a5e78f3f4b29941a3f4c340f875f5a31095ba429fa6c7857a47084810ef1",
      "controls/check_p105_verdict.py": "5b43632249829187eefd8a28f0530c966b32ab59f15fd67109f4a74620bbaa16",
      "controls/check_p107_history.py": "5817de21292b00e911fb53b6802ce0c271efc56c48aac87b8aeed4d65f7339d4",
      "controls/check_p111_history.py": "7ac84f74c56a250503428926b0acdafb0221742deea317493f56d55217b49da8",
      "controls/check_p112.py": "285a7600a00b05187a0f4e9fa8521e97edf9addee8745ab6f2237961b966d33a",
      "controls/check_p112_verdict.py": "d0f6503918940b5dd12e7c431cdcfbc1ddbc69ad6810bacea2b6bafdb27299d3",
      "controls/check_p113.py": "6318c6adc1ca9a26dcc35a2b14c1db466410865180fcbe6862a8f81c0297e8f7",
      "controls/check_p113_history.py": "53f0c8017d8bbcd0aab4dabfc3e5217921fdfaf667cf6124108002fcd7bf7f1f",
      "controls/check_p113_verdict.py": "6d92fc34722cb5e38d4a882032cc7d39f2a810c52135ba8ffb3f9b7dd65e5bd7",
      "controls/check_p114.py": "4023b41769d33c2a98b2b0d5d5f28e518fba4a811988dc8e6d5c9266934afdf5",
      "controls/check_p114_history.py": "cdd28c50a996dad95e5e054f2d67220543b46170e35d4246c216a4d30a7f18de",
      "controls/check_p114_verdict.py": "728e1dc3ba1b2df023083536b902b409f5595770b2afe8bc75d008f95cce8350",
      "controls/check_p115.py": "9bdcceaf12a28f89fbea67f65c28cbd5a22c87fccac46534379aecf9610b0c64",
      "controls/check_p115_history.py": "1a55476f5b8794fc1e1875307a82e101b257398ff46ccf6b527f1b7b8af7cec1",
      "controls/check_p115_verdict.py": "e947dc9052e637d6b8cfa4760b4b053ce629667993f5434ab515041983ad7a9c",
      "controls/check_p116.py": "e9cf7dab3242741e9972bf7428d526f02a2b60da93ba6fa6b5abb9fe765bdfd8",
      "controls/check_p116_verdict.py": "ca17762a211c6c7c39b50547066b296ad306393877a2d3717371972046621ccb",
      "controls/fixtures/p103/61.55_2025.xml": "7c08a6cb64d21e082ecf62a94fc3ef0be42c64fb68443658eff393ddc0bc0864",
      "controls/fixtures/p103/classification_vectors.json": "bfefb655b2df52da7ccb7a93cfd7c22bdc18762917e900e828ebd97d58b2bb42",
      "controls/fixtures/p113/cases.json": "e6bcebc856c7faaa571455a45c81da49e988a34bfd1f7149bc67656d93d5f956",
      "controls/p103_vector_fixture.py": "89c05549d8a9b71c256e3688f64b56cb62f24b2e59b7d5ab4a7e79ff6adbd284",
      "controls/p105_budget_control.py": "b9b69dc424a37d45b41b165276884c3d032d32ea968e3fd0f4c85add653c41bb",
      "controls/p111_intrusion_control.py": "a8152cf68719b6384610f2f8b08f2a3a46b901b8f3af7f9b3db8c61414e7c153",
      "controls/p113_legacy_control.py": "34e9ad3f614794902ec833de8514202690914a0ca369d995db2b6b167e367b2a",
      "controls/p113_twin_control.py": "6572000eb079985fd14354101f71d6062fc881ac666dd076b502b700b937c976",
      "controls/test_p113_history.py": "3b65fb727f1815e894bf8397495be2f15d56db66ad5800ba5e7f83db7a081e5f",
      "controls/test_p113_oracle.py": "a743c4832b08356e11df4f1151c7298416d94ac041aa2a9f17123a6ed942dc9d",
      "controls/test_p113_seal.py": "d1702033887b8599d3b5a469393f1e168df8f93785737b874b30b1d8b2968586",
      "controls/test_p113_verdict.py": "35eff843ac4d38e8bda13ffdf0ba2ced1c162b254ddab74680f0b9cece396d6e",
      "controls/test_p114_history.py": "47e7bce06faa290e6101ca8c2de487c259da23ec79dc01e8f48f519390fbd9d2",
      "controls/test_p114_oracle.py": "bb7d24c19626b037b84de773962d511a7db44e9bd9f9db07865d9f28b9aa27c7",
      "controls/test_p114_seal.py": "047920ffea9761b8eb473b0d0edf45e21fc1953bc3c15b231c5b52cbe07eb473",
      "controls/test_p114_verdict.py": "9e9a982790a748f385403ecbe2942f32fb3509f5c15231a35998ccd82ca8efae",
      "controls/test_p115_history.py": "54fc3e08ac12ee9f4ff067bbbef31f62b3252b42d0bbf79f61d47ff207ab29ee",
      "controls/test_p115_oracle.py": "075b26a7172dfba8fdad595e8f7fdabc1c1ed785d60be3d89c0c298384af3b98",
      "controls/test_p115_seal.py": "8dc63f89eb91922f10c576260723bb496f5ae68b6e813586db9d3396f0fb90a9",
      "controls/test_p115_verdict.py": "2836de878ae4d2cc79a43a9ba915102918907ad31b760c15caad76cf7ccea559",
      "controls/test_p116_oracle.py": "22b965dfad4ba3542d9017cdd940c0a567d59aa1a9292c80256b431cfa5e7d69",
      "controls/test_p116_seal.py": "2bb29174689b0a8e4284606e8672021eb86f7a5658f4819028eb857c875b1ff3",
      "controls/test_p116_verdict.py": "407c78970540c464a46a2720b1c0af4eb60db4dbf29241457ffa8b56a8eafe55",
      "crates/actinv-cli/src/assimilate.rs": "b0f78a7666b9752c35948029d02cd52cd03a8b9596566a425b5512f30bd72237",
      "crates/actinv-cli/src/bin/actinv.rs": "1b47334f832ba5a39dfb16cd01f108c1ddc7926c89506cdadd13c9d75b16b78e",
      "crates/actinv-cli/src/budget.rs": "fa7627d38648f8808006894309b3c3c1ad5e93c7ccef74604ff013eb8ba8455c",
      "crates/actinv-cli/src/command.rs": "6049aa941b749bd18f5dc4851304492f0db920ff5ded1e7de941b582f0df85d5",
      "crates/actinv-cli/src/decide.rs": "f94367b7bff4b23b0db198c08e8894b06e17b5fc1b43d01fe4a7a5cd78ce35e2",
      "crates/actinv-cli/src/evalspread.rs": "dd9d19b9f71194417bc089ecb995d73cc631970c02305340999beb5fec8db59c",
      "crates/actinv-cli/src/lib.rs": "192fe4ad229d242dc07d5bf6378f54fdec4d09c0a1ea04161320dba7199dbe71",
      "crates/actinv-cli/src/optimize.rs": "7d4f384ac0075b5246757fe30fe53c6efd023da3ba11f54c77d95a7037830c28",
      "crates/actinv-cli/src/surrogate.rs": "4f5170c98d54041561921d33223ad8568fa212b2d68ebf5b832f54288786740c",
      "crates/actinv-cli/src/twin.rs": "ce6088b610747b49bf7f56a037f4a003d1927bd6efc3dfe37b449cf66e880e61",
      "crates/actinv-cli/src/twin_waste.rs": "ab563b458fbcf1fe230fc3f3afe7a55993479a14f7bfccd2ec4ef25f74456b3a",
      "crates/actinv-cli/src/waste.rs": "18acc9564e52f5286f33a4b6edc33c0a00ee5ba903f0c3bcb031d92568ff8c15",
      "crates/actinv-cli/src/waste_bounds.rs": "86e3199305a8a8526bfd95dbdedb587de932118d9a71027884ebb215801315e4",
      "crates/actinv-cli/src/waste_budget.rs": "23a41809157ce20357d4a0b4cdf805f79ba83aed28e8ca437f3262da68c162da",
      "crates/actinv-cli/src/waste_composition.rs": "5f24307f0b6674dff0a692bfe74dd694c025e151e12c77640b6d102ed5e3cb30",
      "crates/actinv-cli/src/waste_composition_solve.rs": "bacb623a8229cc4f86b3c5fe3f76a89c3c5c99f1cc364cdbaa5e8f1a7eafc569",
      "crates/actinv-cli/src/waste_composition_verify.rs": "363ae16501e33ff002db3afe5d12e76f39168cf516472350e59779fe2442a1b0",
      "crates/actinv-cli/src/waste_intrusion.rs": "32fd0c623960581995bea73744fadd52c07f1f3d0e9b7d9cbe03a03edfe1688c",
      "crates/actinv-cli/src/worker.rs": "1e99fbd1109027fbb2587686c9fcbbee1c8805bfe45134888181f40e252f4d51",
      "crates/actinv-cli/src/workflow.rs": "d5b166fe18acf3332c110a405097642dc6037f517a9373c5631b576589135edd",
      "crates/actinv-cli/tests/data_command.rs": "d88714714fb240cca43c69b78652a0473b363f3a394c53500fb2e4dd047e9cf4",
      "crates/actinv-cli/tests/validation.rs": "4ce61a0b0447bf63bef9d89403c16e0bfaa281c68c96340aaac82b572f5b69ee",
      "crates/actinv-cli/tests/version.rs": "d821ad302a2fa82e0ce91e9aae194c42488d05b71b2453d40c8d683b3ad8c3a1",
      "crates/actinv-core/data/waste_us_nrc_61_55_v1.json": "890268af81a53815b8e11c238e4a1694eabb79664a1ca087fd7fe22b9fabe5d7",
      "crates/actinv-core/examples/p92_balance.rs": "129fcd87769fdd9cf208940ed4115e2a1b36f5a82e60ba1df2e219ab12f53917",
      "crates/actinv-core/src/bin/cache_probe.rs": "ade32188ff57bb40e9f763a59a2c33e3f7b447779a0fb3495b5257472609ae03",
      "crates/actinv-core/src/bin/cram_probe.rs": "27dbf073400a7ad3afb64f913fa809951eb800d0de3f8f11688606a1c2f64943",
      "crates/actinv-core/src/bin/fission_probe.rs": "ea3e12d69ed22100717638e89c8573e4a850f3ce7671c8aa34a0fe34d2d1f49c",
      "crates/actinv-core/src/bin/flux_probe.rs": "a55ee49f8d0544fc05fec3e6d1ec5363de814db041b298087aeeb983362899b3",
      "crates/actinv-core/src/bin/parser_fuzz_probe.rs": "520cbeebb16e0cd289992f32dc7e302b3abfb459f5a1faf88946f23e42c53146",
      "crates/actinv-core/src/bin/photon_probe.rs": "abc4a8dff5025eceb8a7bad5aead22763961e3208b8b693ad0e99bca2f9cc66c",
      "crates/actinv-core/src/bin/prepared_probe.rs": "b5df928a0dc4ade085d8d3c8d5a03cadb61c9aebd6f2befef1f6214228723582",
      "crates/actinv-core/src/bin/uncertainty_probe.rs": "a95e9328bfe93b23db3134930b2a0a8cedfcd0e076f6784bd5bc403151b93798",
      "crates/actinv-core/src/bin/unit_probe.rs": "81eba337cb1d0e7c2ae060de43b21b989936dd2106a17db5ef5af8d6526e1a0f",
      "crates/actinv-core/src/chain.rs": "6c6a77f00e8c3a832e5c4b4c006cf78b3f1402c1530621b685b2f468e0862b23",
      "crates/actinv-core/src/clearance.rs": "d6a725cea709c2eb48ecfe1716e02d0c64f265451c387adc49dc2be9b15b74d8",
      "crates/actinv-core/src/cram.rs": "79f13e05c2111f1dae06f5069bcc569939f0d3c55d6456b4d6cba5fb5e474cba",
      "crates/actinv-core/src/cram_coeffs.rs": "ad87f5e6af18c6b4c4a0bb79d93d6530d7e45ae521e8521080f6106ca3b847a9",
      "crates/actinv-core/src/damage.rs": "d005ca5ab2b6d127002d903c504a95241a7e8b562a30742779d8e54aabbb1b37",
      "crates/actinv-core/src/doppler.rs": "92e693b957514a6889a5e4bde3182f498385289c306fd0d03becf572a2cd8c6f",
      "crates/actinv-core/src/finite.rs": "a14163d327d3792e1936a18e5cae84f8cfa2ac57b8d083a747b588e56c9e6a2f",
      "crates/actinv-core/src/flux.rs": "303429ede4c69afccf05e347dbe820f241c623a70cad4b43356c349528f940dd",
      "crates/actinv-core/src/gas.rs": "f358759dc25c7bb42d81006074a2f0b8ef679c0623725a3eef85cbe1bccbf6d4",
      "crates/actinv-core/src/lib.rs": "3fb7ac6b8c9a7380a0f3b1809303f288720d55b0d77d293c693acc833c368ef0",
      "crates/actinv-core/src/mesh.rs": "f27b3774c6de095eaf1179da86c85575defcfd42d6b6af24ce41ba73d10a6e89",
      "crates/actinv-core/src/photon.rs": "39cb950426d3eb528e0695ef1c87af865f155bf999b545d3452ad81241d1e728",
      "crates/actinv-core/src/prune.rs": "f243c865a425bb35b5f71978148a422a52945bd1d06b857369c3ea7f26a74435",
      "crates/actinv-core/src/quantity.rs": "ff87d2bcbd3efef668bc9563240e1bcc27072e466d39659dab1a2525950e46d9",
      "crates/actinv-core/src/r2s.rs": "f511d47d3fd36c6df5ab8b0aad85b31b010d2add9113611022a0b78baf9b5db4",
      "crates/actinv-core/src/radiological.rs": "0de7344850fbea048f2690a609d0f1fc8dd8205e8dedd3bc2684b157d99372a2",
      "crates/actinv-core/src/reverse.rs": "0539da50e2eac494d0e0aacff9c7f1f5a254b098e5cba338da53633ee9a5113a",
      "crates/actinv-core/src/run.rs": "9fccfee575f1ddfad229a7e7d225150f10f4e8aa776cc2e6e748850b9c558eb7",
      "crates/actinv-core/src/shielding.rs": "0ebf3068ace5641afe5fa4034eca7c12a8914d3d7f3760606007fbceda93c21e",
      "crates/actinv-core/src/source_adapter.rs": "f5d25dc6e3e471873e5fbc07c267269eb6da6d940587a6c36ca28635f1922e5f",
      "crates/actinv-core/src/sparse.rs": "0ab2864aacdfb87a2522132df003c00388ce2cd0e49a445ed4c87f67c99f0fbc",
      "crates/actinv-core/src/spec.rs": "7ae5c4c8b2b3adcf75ec7a8b9457b276b06a8e79816e66be33c43c145b2df480",
      "crates/actinv-core/src/study.rs": "eaece838acf380190719c9157dfad1d1fd3538b7f8c62bacc1120c11550a3226",
      "crates/actinv-core/src/uncertainty.rs": "fc680cbc0d3aeb479867c6c9ef86b7e33f6fb03642062172d7350c9c4606f8a5",
      "crates/actinv-core/src/waste.rs": "3ed8bb1d468cc19b1fb12dfe17d64065e00ddbfa5f47936e2b6cf638a6cbb607",
      "crates/actinv-core/src/waste_bounds.rs": "be9e39811dd496fc2622c5412beba3f5548f8153723a283f872815e652888d7f",
      "crates/actinv-core/src/waste_composition.rs": "de783f5d4eb301e8846839d9e54c9ba3da68824c1e85f7e020cef64bcace2f3c",
      "crates/actinv-core/src/waste_intrusion.rs": "efd2a4aa216652e627f70f854b9bff400228c4dd8cdfeb1070d11ab9841aaed6",
      "crates/actinv-data/src/activation.rs": "4a977463891ed236c6ab73cce785f1e70c2362fc4103934239f900d7ed2820c9",
      "crates/actinv-data/src/bin/dump.rs": "6faac1a95a31f3a6f2f7d0dc29fafcabd36768737070580c3e6e12f47d2d0464",
      "crates/actinv-data/src/bin/p18_corpus_probe.rs": "4f7afb6c2b4e388596f235f05d63555d03d573d18061e17463c863cdda0aa9e8",
      "crates/actinv-data/src/bin/p18b_corpus_probe.rs": "8dcf50a0b11631db0877e30be9397750b0b4c64eb3435ad601b2f753939effef",
      "crates/actinv-data/src/bin/p18b_oracle_probe.rs": "558b6ed1e6c1689196b0fe8b1467bd122a44113869e0754614f286b0d38bb66a",
      "crates/actinv-data/src/bin/p20_collapse_probe.rs": "570eaa5c84956e3aa0c96d0c7fb684ba3fa8174c18b7a1ec392497fa1927bf56",
      "crates/actinv-data/src/bin/p20_corpus_probe.rs": "fa5a5d5a1cd0f73f79aa83fa7f2907ce431b0e1c425075cd86bfe6f8a1361e1b",
      "crates/actinv-data/src/bin/prepared_data_probe.rs": "446faa941069cc65c28a35d331197fc6865b5f0e6e8163c9d7fcf55e57685366",
      "crates/actinv-data/src/builder.rs": "4d86b97ae1dde51c6ce6590f980e77bb19786b891da4080596ccc4dafa111ff8",
      "crates/actinv-data/src/composition.rs": "584399c14c25b24db09311622696bd2e5691dd3045cbaec0ce406ba1fefbf024",
      "crates/actinv-data/src/covariance.rs": "6165db1e3338634fb9320a1b22988836e8f16d68b47bd732715238886c9a26d4",
      "crates/actinv-data/src/decay.rs": "4be7dff38361d3e28775ed387b6cd8553768fbac69eea518176a3ffa23b385cf",
      "crates/actinv-data/src/doppler.rs": "8c9a0ef4a16ea5a54f14f087e9c66a258e7f1d9bee51f49b891318b958e89588",
      "crates/actinv-data/src/endf.rs": "53d7df649c930efa373c97127c817df9a0c1c712c60d97b409a5bd509282e252",
      "crates/actinv-data/src/fission.rs": "f2e4dce7d2bc566cbf5c32cf68b0fe3007f2b722b65eeecad17f2d81661b2011",
      "crates/actinv-data/src/groups.rs": "3c331b49d8464947c27fb8299152d4faa7658f18c658a476e416eaf08296e0f3",
      "crates/actinv-data/src/lib.rs": "91567ccc466c91bb10866f82545b1b929eeefa008a19920075cfe8f0bf669018",
      "crates/actinv-data/src/library.rs": "f1f80249839874ce695f530f662182663f888e87949d8aaeca8638ae5326c871",
      "crates/actinv-data/src/normalize.rs": "7041f7a53856f6409ac8d95fd44f683a5c18f496537339668d1953bd49261e6d",
      "crates/actinv-data/src/prepared.rs": "43bc4ea5590a4069fb5b503b798222a661a9c14718727bfddd77c55366414762",
      "crates/actinv-data/src/processing.rs": "b80de2abfc574df37e79db771aa164a754d3bad62c8fc2205b732609376b9700",
      "crates/actinv-data/src/resonance.rs": "8ad5bdfae5acaf6083729c2e4161c7e1f8c584cabf6c6ddc0d57d8b63edf1b54",
      "crates/actinv-data/src/shielding.rs": "b5596655068fd267e3422f60ea77ab69857d68cd6b3b4f8556dc084f041b98cc",
      "crates/actinv-data/src/tables.rs": "888923a68d6a7841c75883615f7cc738fc4a06ca5ec4f1e13ce3ea9146146d2f",
      "crates/actinv-gui/build.rs": "ba3dad3e79ca77e324554f943598000c523e4d777c4190b1682926d37bba8ab6",
      "crates/actinv-gui/src/app.rs": "866620532f9eea91b35af5587ac9b7453cf6a4fc546a753c9c6e3e3bad52366d",
      "crates/actinv-gui/src/capture.rs": "b5bfdb71a16a36b954d52770c8ce0258f961c89d41ee9f8a3a95c7dae30dfc9e",
      "crates/actinv-gui/src/lib.rs": "a25925117a2fe9daf1f6e7692750004c90ebbf4a273993af149cf8f822e91f9f",
      "crates/actinv-gui/src/main.rs": "b7ef2af84b0ee8b6131803590a421027375c821220611557b6d17f87795d93c6",
      "crates/actinv-gui/src/model.rs": "a2b345b2da356ed5953c8830f94e183c6d563b33c88b477f01e27ea93ce67764",
      "crates/actinv-gui/src/options.rs": "0d9a2fcdd592060a5b8a5ee3e71822af940fb18fbfa2d51600c554815528d0e4",
      "crates/actinv-gui/src/smoke.rs": "580f83ada2dd1d061f2e162b62a540a980ef813716c0f0a8f094deba7eb19e0d",
      "crates/actinv-gui/src/sweep.rs": "7b4d57895ef1d06348f1dd1411fe94f3c80cc76fa7b56d62453301813f63443c",
      "crates/actinv-gui/src/tour.rs": "0869eb3e7b2e0d8468a4708484d173905d56b979f3cfe21eb20b9d5613225685",
      "crates/actinv-gui/src/transport.rs": "6b3fd8795175e8b95be412719615e6018752353ea6dc30271d68966d01088a43",
      "crates/actinv-gui/src/visuals.rs": "35842c494d2e654999d1e065cbcbf1e833e8d63f1c46004924c40cc345eafe25",
      "crates/actinv-gui/src/web.rs": "6d6a672fc17c024234adc6fa887876131e5fdec8d5b33ca43d94fa868e86ca84",
      "crates/actinv-gui/src/web_app.rs": "5644807412fbe51d0e381d6be5e9b314f420088f629ab82ab2f5e7b665da30b9",
      "crates/actinv-gui/src/worker.rs": "cbc1185941ba34139062108560d2ab8931c94c24ac7281e9c86bc022dd4c7d0a",
      "data/waste_us_nrc_61_55_v1.json": "890268af81a53815b8e11c238e4a1694eabb79664a1ca087fd7fe22b9fabe5d7",
      "docs/ROADMAP.md": "a4b0104b22674287240bd45f99adadf8f238edafcc1c479a21e53d1cd71a79a2",
      "docs/history/sessions/P116.md": "eaf878048f87e93ab00c891ef4d76009ce8970e7c6fbfc89540fc0a29b51fcba",
      "docs/maintainers/WASTE_RULE_SOURCE_REVIEW.md": "4d316aacee158dbcc36daf4bd191d84ee7c511d471555ec3084115dabaeefd64",
      "ledger.md": "f159809ffea9f7d166008b207972402664d73d0537c2f12dbbe70623cc9bedad",
      "protocols/ACTINV-P113_AMENDMENT_A.md": "6a0191ccc3500ebaeb3165a2b630d0c857d18335ce8fe70dcf07d9d7445ac46c",
      "protocols/ACTINV-P113_PROTOCOL.md": "0495157f3e8308d6a28475b94363e24b932f462c10f901518fa1c809a68ebbfa",
      "protocols/ACTINV-P114_AMENDMENT_A.md": "b320e9fe34dfa34c5bae88a10b7486f2618b41ac124790f5ac984e4332ab5c9e",
      "protocols/ACTINV-P114_PROTOCOL.md": "01b5a99cf8855c57e1ecae12ab794d3d2fe2ce81930868043f0805289ec0bb8c",
      "protocols/ACTINV-P115_AMENDMENT_A.md": "d2c6543d4a420e50b8697538411a163542e16d4fcb3fd3d2ff61b75af86170b3",
      "protocols/ACTINV-P115_PROTOCOL.md": "266dd88898b2e64b77c517d18a221576bf9d1c6fda107ccdf62c45e0321f95ba",
      "protocols/ACTINV-P116_PROTOCOL.md": "cf5841dafbd2470604b36d75fdafa2e2fc730e33abb26f6e44a4068e6388a8aa",
      "protocols/protocol_hash.txt": "3282f558bd19c863f7521169cd94cd6cefc982bf0bf5be2e0ccdeb109bdf988a",
      "results/failures/p113_after_amendment/invocation.json": "c21f659d7c190aede161d7107ae6e0889e6442d69b3d802f7b12850eb42dcc71",
      "results/failures/p113_after_amendment/target/p113-workspace-tests-final-confirmed.scope.log": "b80894b20594fb39e9f074e1494e08880d96682595ec733912dac24df2190ac2",
      "results/failures/p113_initial_seal/discovery.json": "0f099f92637eea2e3346f02be0d588f9f6d96c95cdd41aae0d7050b1fbd36c4f",
      "results/failures/p114_initial/discovery.json": "ac3f2638af88dedb56472ecbeda835efbf8c339316ece680867471043de87c7a",
      "results/failures/p115_after_amendment/results/quality/p115/p115_verdict_regressions.json": "16d3ea00fc0504369e5cb875c918b4b7f3a4f924a909a1b27dc2f4274f223449",
      "results/failures/p115_after_amendment/target/p115-p115_verdict_regressions.log": "b5f4ed19ca056a563cda1b3fe5f11a542c9e6edc788d8524766c543aaa870c6c",
      "results/failures/p115_initial/discovery.json": "22f03d9115f7c2ef5b4c98d19d9fe1cce85e62c38747036f1e130e4c711632db",
      "results/failures/p115_initial/results/quality/p115/p115_verdict_regressions.json": "b7656176ff945c7e503b5747424b979438b47c8aceb388911263073f8f588e54",
      "results/failures/p115_initial/target/p115-p115_verdict_regressions.log": "51a89379d6fde40f857f9f5b499d79f571b220976ac667ffb420bbf7bcc4945c",
      "results/g0_p103_seals.json": "31a87b130be75f290569d0bea083ec4e687e498a0627eeed25cf8c0209e38367",
      "results/g0_p105_successor.json": "53f478d4274515c4c4fb51661a7add371af719b241fc5e02acbe34a531d1ca6a",
      "results/g0_p112_intrusion_screen.json": "da06735bacade33eeb543e08300d09efcb5e995e9c9f8b80904cd5f8d9be1906",
      "results/g0_p113_twin_waste.json": "61d8c6faaf7eb93d8f3a4d9e369e8710eee45b93f946d405f54c216dd730a037",
      "results/g0b_p103_vectors.json": "a3a846da215940f66bb5f428a0aa4931b9a26250ea14a12d0bc5c5369cfd9293",
      "results/g1_p105_classes.json": "2010e03dd3bf6ad91eeba94c25fd1a02a6ba2cfc561f03912f860fa38f28dfab",
      "results/g1_p112_intrusion_screen.json": "1193312d504ef6e21c7be973d79b22c32b85ae619f9b6341b2269885013c61e6",
      "results/g2_p105_budget.json": "7413f9a3127a6b3d6c297232cff137e7c6a93cdd0fe6025226702588e7834d29",
      "results/g2_p112_intrusion_screen.json": "ff81ceacceac180039884c7c5d53525c4db107bb2cddcbf5d261d12d618538b4",
      "results/g3_p105_quality.json": "0ad41150b27c3e62acf2893d252bcd8986d989ba4cf90f4832bc4251252c88bc",
      "results/g3_p112_quality.json": "332445c7b022744dda5219bbbd8312440470db98f2b803ad6cbf5a8386ab865a",
      "results/g3_p113_quality.json": "529fb6b0f5c1542165300240a2d59cd2cd6ad9fa84c11d4f0748d48b72da2b01",
      "results/g3_p114_quality.json": "053cc816a07e97bb9831cdcf84f96a1d5d8f2f263219b87d5a10f4fb99813fbb",
      "results/g3_p115_quality.json": "9f48cde1106ebc7174961aa594fbf57e5c772c3aeed3a06a133558a6946aa45d",
      "results/p105_ci_runs.json": "9cc923e1075561253e27ea6b5c45d0dc2930f659283491d6ce34e536c10507c4",
      "results/p105_verdict.json": "0e2c770096662aaef1a9f4fd4a78d9aa8c71c775e86f1e27924708c84b361b41",
      "results/p107_verdict.json": "5e5bae7ebf1f5c244a84f6e03ffe19c3e148f3678d939bc12a09f26053aea3aa",
      "results/p108_verdict.json": "231071d8f4009294a2eec3ca1029054ec9542d9d1cdc29b12c282fd8d19041ef",
      "results/p109_verdict.json": "b6d370e3e560d0d7f780b0a7bb6344413fee87eb69eab865ac9e5ac58b449398",
      "results/p110_verdict.json": "1a2f7254e22333778c456139f19b231b76c7f2c3232115c1a104b61b2d43503d",
      "results/p111_verdict.json": "35c3b5eb4ef12fcad7e78f90a9103b476cdb51b29cb7974b7ec0a3ddae25579c",
      "results/p112_ci_runs.json": "20fe05c616515ec635fcab34134acae0bf902db45134af92b8a9cbc0c3d9fe7d",
      "results/p112_implementation_commit.json": "6c7ac49555c8ed383005175fa651413dd262a388e1e28d34813bf2277c84e117",
      "results/p112_verdict.json": "b94cdab3a9776d51df74b793b889f80198e8e5f6d9c0af04d7fba671d248e91e",
      "results/p113_failure_commit.json": "6abcea6e882eae37e0e9e051071dd1332e5f2448c795173987f0eb0c99387fcb",
      "results/p113_verdict.json": "ae000348b4e6c58eb217d1ce9c5e9946fcf7b440562835855f724f6a1650e461",
      "results/p114_failure_commit.json": "5776579180004babd35543dc7b17138226283d3277f9caba21da8486c9256d0e",
      "results/p114_verdict.json": "3d9208cae1ac6522e4b2c3d8c21440ecb4bc481f02faa46fb88f4068151bd382",
      "results/p115_failure_commit.json": "90b73dcd45c82e56a6eb44dff3a2222fa91c0a23bcf94f8a76550072de274b98",
      "results/p115_verdict.json": "4e09b66d5b1c74cafecdc278d9d5ce786292007a7dea0ab6e8c8588f7255faac",
      "scripts/run_p115_gate.py": "5d584b8314628cd7f3bd188bc427012a2ad6002889fe3a316fe65b742fa02a15",
      "scripts/run_p116_gate.py": "31098eb7182c06ecb2648553fc6703fcd8ea05d817d3beeaff6b2953be71cab0",
      "scripts/run_roadmap_gate.py": "e78a811fa44629c1fcdf2adcc7c8f80c74216dcc4dbfec58506396b6bc75421d",
      "scripts/test_run_p115_gate.py": "1b517b675328ef6c27049bbd1ece3fd8258782283a984165952c61a134b7f1f4",
      "scripts/test_run_p116_gate.py": "e9090787569cb63a4646dcc1350fc4a1494b73023f3a8300089ec10a39b61175",
      "scripts/test_run_roadmap_gate.py": "45d988ecf347e606053ddee8d49778e9ee8b53a9389602786220ba59bf291213"
    },
    "pass": true,
    "protocol_sha256": "cf5841dafbd2470604b36d75fdafa2e2fc730e33abb26f6e44a4068e6388a8aa",
    "repeat_byte_identical": true,
    "schema": "actinv-p116-repair-evidence-1"
  },
  "pack_mirror_identical": true,
  "pack_sha256": "890268af81a53815b8e11c238e4a1694eabb79664a1ca087fd7fe22b9fabe5d7",
  "pass": true,
  "persisted_seal_matches": true,
  "phase": "P116",
  "prior_verdict_details": {
    "P105": {
      "ci_evidence_sha256": "9cc923e1075561253e27ea6b5c45d0dc2930f659283491d6ce34e536c10507c4",
      "evidence_sha256": {
        "g0_p105_successor.json": "53f478d4274515c4c4fb51661a7add371af719b241fc5e02acbe34a531d1ca6a",
        "g1_p105_classes.json": "2010e03dd3bf6ad91eeba94c25fd1a02a6ba2cfc561f03912f860fa38f28dfab",
        "g2_p105_budget.json": "7413f9a3127a6b3d6c297232cff137e7c6a93cdd0fe6025226702588e7834d29",
        "g3_p105_quality.json": "0ad41150b27c3e62acf2893d252bcd8986d989ba4cf90f4832bc4251252c88bc"
      },
      "gates": {
        "G0": "PASS",
        "G1": "PASS",
        "G2": "PASS",
        "G3_CI": "PASS",
        "G3_local": "PASS"
      },
      "implementation_commit": "a1d2dc3397ace8b3d22c2e8ade8127cf4d5086e2",
      "phase": "P105",
      "predecessors": {
        "P103": "FAIL",
        "P104": "FAIL"
      },
      "qualification": "Nominal single-component U.S. Part 61 arithmetic and fixed-rate composition budgets; artificial activation control, no disposal acceptance or predictive library qualification.",
      "repair_rounds": 1,
      "schema": "actinv-p105-verdict-1",
      "verdict": "P105-PASS"
    },
    "P107": {
      "checks": {
        "artifact_read_errors": {},
        "ci": {
          "all_completed_success": true,
          "ci_head_sha_matches_implementation": true,
          "implementation_commit_sha": "27d5636ad5331a3dacd8130a6b5e3516fb661e9f",
          "implementation_record_valid": true,
          "observed_workflows": [
            "Build browser workbench",
            "Build handbook",
            "controls",
            "desktop builds",
            "fns-iron",
            "fusion-isotope"
          ],
          "pass": true,
          "required_workflows": [
            "Build browser workbench",
            "Build handbook",
            "controls",
            "desktop builds"
          ],
          "single_head_sha": true
        },
        "p107_amendment_registered": true,
        "predecessor_p105_terminal_pass": true,
        "predecessor_p106_terminal_fail": true,
        "quality": {
          "all_recorded_gate_exit_codes_zero": true,
          "production_rust_source_hashes": {
            "crates/actinv-cli/src/assimilate.rs": true,
            "crates/actinv-cli/src/bin/actinv.rs": true,
            "crates/actinv-cli/src/budget.rs": true,
            "crates/actinv-cli/src/command.rs": true,
            "crates/actinv-cli/src/decide.rs": true,
            "crates/actinv-cli/src/evalspread.rs": true,
            "crates/actinv-cli/src/lib.rs": true,
            "crates/actinv-cli/src/optimize.rs": true,
            "crates/actinv-cli/src/surrogate.rs": true,
            "crates/actinv-cli/src/twin.rs": true,
            "crates/actinv-cli/src/waste.rs": true,
            "crates/actinv-cli/src/waste_bounds.rs": true,
            "crates/actinv-cli/src/waste_budget.rs": true,
            "crates/actinv-cli/src/worker.rs": true,
            "crates/actinv-cli/src/workflow.rs": true,
            "crates/actinv-cli/tests/data_command.rs": true,
            "crates/actinv-cli/tests/validation.rs": true,
            "crates/actinv-cli/tests/version.rs": true,
            "crates/actinv-core/examples/p92_balance.rs": true,
            "crates/actinv-core/src/bin/cache_probe.rs": true,
            "crates/actinv-core/src/bin/cram_probe.rs": true,
            "crates/actinv-core/src/bin/fission_probe.rs": true,
            "crates/actinv-core/src/bin/flux_probe.rs": true,
            "crates/actinv-core/src/bin/parser_fuzz_probe.rs": true,
            "crates/actinv-core/src/bin/photon_probe.rs": true,
            "crates/actinv-core/src/bin/prepared_probe.rs": true,
            "crates/actinv-core/src/bin/uncertainty_probe.rs": true,
            "crates/actinv-core/src/bin/unit_probe.rs": true,
            "crates/actinv-core/src/chain.rs": true,
            "crates/actinv-core/src/clearance.rs": true,
            "crates/actinv-core/src/cram.rs": true,
            "crates/actinv-core/src/cram_coeffs.rs": true,
            "crates/actinv-core/src/damage.rs": true,
            "crates/actinv-core/src/doppler.rs": true,
            "crates/actinv-core/src/finite.rs": true,
            "crates/actinv-core/src/flux.rs": true,
            "crates/actinv-core/src/gas.rs": true,
            "crates/actinv-core/src/lib.rs": true,
            "crates/actinv-core/src/mesh.rs": true,
            "crates/actinv-core/src/photon.rs": true,
            "crates/actinv-core/src/prune.rs": true,
            "crates/actinv-core/src/quantity.rs": true,
            "crates/actinv-core/src/r2s.rs": true,
            "crates/actinv-core/src/radiological.rs": true,
            "crates/actinv-core/src/reverse.rs": true,
            "crates/actinv-core/src/run.rs": true,
            "crates/actinv-core/src/shielding.rs": true,
            "crates/actinv-core/src/source_adapter.rs": true,
            "crates/actinv-core/src/sparse.rs": true,
            "crates/actinv-core/src/spec.rs": true,
            "crates/actinv-core/src/study.rs": true,
            "crates/actinv-core/src/uncertainty.rs": true,
            "crates/actinv-core/src/waste.rs": true,
            "crates/actinv-core/src/waste_bounds.rs": true,
            "crates/actinv-data/src/activation.rs": true,
            "crates/actinv-data/src/bin/dump.rs": true,
            "crates/actinv-data/src/bin/p18_corpus_probe.rs": true,
            "crates/actinv-data/src/bin/p18b_corpus_probe.rs": true,
            "crates/actinv-data/src/bin/p18b_oracle_probe.rs": true,
            "crates/actinv-data/src/bin/p20_collapse_probe.rs": true,
            "crates/actinv-data/src/bin/p20_corpus_probe.rs": true,
            "crates/actinv-data/src/bin/prepared_data_probe.rs": true,
            "crates/actinv-data/src/builder.rs": true,
            "crates/actinv-data/src/composition.rs": true,
            "crates/actinv-data/src/covariance.rs": true,
            "crates/actinv-data/src/decay.rs": true,
            "crates/actinv-data/src/doppler.rs": true,
            "crates/actinv-data/src/endf.rs": true,
            "crates/actinv-data/src/fission.rs": true,
            "crates/actinv-data/src/groups.rs": true,
            "crates/actinv-data/src/lib.rs": true,
            "crates/actinv-data/src/library.rs": true,
            "crates/actinv-data/src/normalize.rs": true,
            "crates/actinv-data/src/prepared.rs": true,
            "crates/actinv-data/src/processing.rs": true,
            "crates/actinv-data/src/resonance.rs": true,
            "crates/actinv-data/src/shielding.rs": true,
            "crates/actinv-data/src/tables.rs": true,
            "crates/actinv-gui/build.rs": true,
            "crates/actinv-gui/src/app.rs": true,
            "crates/actinv-gui/src/capture.rs": true,
            "crates/actinv-gui/src/lib.rs": true,
            "crates/actinv-gui/src/main.rs": true,
            "crates/actinv-gui/src/model.rs": true,
            "crates/actinv-gui/src/options.rs": true,
            "crates/actinv-gui/src/smoke.rs": true,
            "crates/actinv-gui/src/sweep.rs": true,
            "crates/actinv-gui/src/tour.rs": true,
            "crates/actinv-gui/src/transport.rs": true,
            "crates/actinv-gui/src/visuals.rs": true,
            "crates/actinv-gui/src/web.rs": true,
            "crates/actinv-gui/src/web_app.rs": true,
            "crates/actinv-gui/src/worker.rs": true
          },
          "production_rust_source_hashes_match": true,
          "reported_gate_count": 12,
          "required_gate_names_present": true,
          "resource_limits": {
            "coordinator_jobs": true,
            "cpu_quota_percent": true,
            "disk_tmpdir": true,
            "memory_max_bytes": true,
            "memory_swap_max_bytes": true,
            "tasks_max": true
          },
          "workspace_tests_reported_green": true
        }
      },
      "ci_evidence_sha256": "65b0b75227ec48c7cdbc7564902a55d62f459acc6038b1488af1d40dcafb5b6a",
      "evidence_sha256": {
        "g0_p106_bounds.json": "69eeef0702031ea569bd38173696b06e554b58857c48305da581163c3084ea34",
        "g0_p106_replay_failure.json": "ba805c1b3739c4bd400736b3c2725ebbc020a4d6be29518c2b25c5ff573b3e9e",
        "g0_p107_bounds.json": "3a072b15502a09ff99ff5082c19d6add8f806bfb9f93f7d19e7977317ac5d2f0",
        "g1_p107_bounds.json": "6943673898e994118091e1a4c62b3bbfdf046e1699f4cbe6abbdec01e1c4732e",
        "g2_p107_bounds.json": "ae31c767b807f43db8904c5a4d05841a7174c4ebb9ed9c26da5063fc1406ee2e",
        "g3_p107_quality.json": "b942af69d778490ee6ee5f369d71782f57320cc048363a2256ae1ba763184b3a",
        "p105_verdict.json": "0e2c770096662aaef1a9f4fd4a78d9aa8c71c775e86f1e27924708c84b361b41",
        "p106_verdict.json": "a37f8a505db4d834fcab03105c37dd126ec120fc79a8f216418836de540412c3"
      },
      "gates": {
        "G0": "PASS",
        "G1": "PASS",
        "G2": "PASS",
        "G3_CI": "PASS",
        "G3_local": "PASS"
      },
      "implementation_commit": "27d5636ad5331a3dacd8130a6b5e3516fb661e9f",
      "implementation_record_sha256": "1be5e25cc80a7b62ca5a231a7f4af7cacb5bd93508512bacddd59c6a267775d7",
      "phase": "P107",
      "predecessors": {
        "P105": "PASS",
        "P106": "FAIL"
      },
      "qualification": "Conservative class supersets for declared whole-component rectangular activity bounds under the pinned 10 CFR Part 61.55 rule pack; no uncertainty propagation, upstream completeness qualification, or disposal-acceptance conclusion.",
      "repair_rounds": 1,
      "schema": "actinv-p107-verdict-1",
      "verdict": "P107-PASS"
    },
    "P108": {
      "ci_evidence_sha256": "d3a8a7e1960fa591304344859460fc93acaa4d8456f65e65392d3c701f0c1a18",
      "evidence_sha256": {
        "g0_p108_composition.json": "5877ba27fd8dbfe3439e35564111d50f95373131a028b2673535f85fab8ee6f4",
        "g1_p108_composition.json": "52547ec42a0baac25f1878fa97214ac3e5d916f1d35069fe18132e7e2690753e",
        "g2_p108_composition.json": "2fa2b0f683add74ab96e6a8bd608a6024a3c97c35fed9780da8eba780aaaac51",
        "g3_p108_quality.json": "1324e2adebc55a5ba82156bca8db00fac44d68e4b486028b24d9fdd4482fe22b"
      },
      "gates": {
        "G0": "PASS",
        "G1": "PASS",
        "G2": "PASS",
        "G3_CI": "PASS",
        "G3_local": "PASS",
        "P107": "PASS"
      },
      "implementation_commit": "78204834caeace66c050989c73259c1bf2f9969c",
      "implementation_record_sha256": "3016897150f1877af3c568c79088bd74c02d3b69f888c938c083be1a4cc1de75",
      "phase": "P108",
      "qualification": "Conservative classification supersets for a caller-declared fixed affine activity model over feasible natural-element weight-percent intervals constrained to sum to 100%; no native model generation, physical completeness, statistical uncertainty or disposal-acceptance conclusion.",
      "quality_checks": {
        "historical_source_verification": true,
        "required_gate_names_present": true,
        "resource_limits_match": true,
        "source_hashes_match": true,
        "workspace_tests_reported_green": true
      },
      "repair_rounds": 1,
      "schema": "actinv-p108-verdict-1",
      "verdict": "P108-PASS"
    },
    "P109": {
      "ci_evidence_sha256": null,
      "evidence_sha256": {
        "g0_p109_composition_solve.json": "cad2351bf53e7f0165c6a899bcd8b97ba302d73effbb3e52bd220dcf598c1c09",
        "g1_p109_composition_solve.json": "a74fc950793785af5fa667eca793aca5934fc54ab366435004f88093b2451986",
        "g2_p109_composition_solve.json": null,
        "g3_p109_quality.json": "d7b42c419704e21dcbe1fadfa3a3970a55b390851890e910598272571fcb1e36"
      },
      "gates": {
        "G0": "PASS",
        "G1": "FAIL",
        "G2": "FAIL",
        "G3_CI": "PENDING",
        "G3_local": "FAIL",
        "P108": "PASS",
        "amendment": "PASS"
      },
      "implementation_commit": null,
      "implementation_record_sha256": null,
      "phase": "P109",
      "qualification": "Conservative class supersets for a generated fixed-rate coupled/reach affine composition basis, with full native selected-extremum witness verification and explicit modeled-inventory coverage downgrades; no global numerical solver/model-error bound, physical completeness, statistical uncertainty or disposal-acceptance conclusion.",
      "quality_checks": {
        "historical_source_verification": false,
        "required_gate_names_present": false,
        "resource_limits_match": true,
        "source_hashes_match": true,
        "workspace_tests_reported_green": true
      },
      "repair_rounds": 1,
      "schema": "actinv-p109-verdict-1",
      "verdict": "P109-FAIL"
    },
    "P110": {
      "ci_evidence_sha256": "6c543f0b2e91aed75651401229f5267f14e8d0fa0f257ae2fcf0c8f695a65adc",
      "evidence_sha256": {
        "g0_p110_composition_solve.json": "b1e291b1bcbe4d860b26f0f61ab989fe0ac0c3318cbde1df49e3d617bf846d2c",
        "g1_p110_composition_solve.json": "9f02e1f81c509b4b25a055cc265404ba4145bf517355edc18f59b3b159074fc0",
        "g2_p110_composition_solve.json": "e3483f8ac21411b4d35b269547f51afd511fcefc1adb9600427b46b738327993",
        "g3_p110_quality.json": "a8e55ab3b51e96335b64594290d549e83a8c948286cd21a983ba39e97f1e3eb1"
      },
      "gates": {
        "G0": "PASS",
        "G1": "PASS",
        "G2": "PASS",
        "G3_CI": "PASS",
        "G3_local": "PASS",
        "P108": "PASS",
        "P109_preserved_FAIL": "PASS",
        "predecessor_amendment": "PASS",
        "repair_amendment": "PASS"
      },
      "implementation_commit": "f31e0f13af2f5ca69b86bc68a46e02bdcbd3f4a3",
      "implementation_record_sha256": "e6ec1d095393074606b2ffcb5bc63b9522483123c646917b6dac08c497e4af7d",
      "phase": "P110",
      "qualification": "Conservative class supersets for a generated fixed-rate coupled/reach affine composition basis, with full native selected-extremum witness verification and explicit modeled-inventory coverage downgrades; no global numerical solver/model-error bound, physical completeness, statistical uncertainty or disposal-acceptance conclusion.",
      "quality_checks": {
        "historical_source_verification": true,
        "required_gate_names_present": true,
        "resource_limits_match": true,
        "source_hashes_match": true,
        "workspace_tests_reported_green": true
      },
      "repair_rounds": 1,
      "schema": "actinv-p110-verdict-1",
      "verdict": "P110-PASS"
    },
    "P111": {
      "ci_evidence_sha256": null,
      "evidence_sha256": {
        "results/g0_p111_intrusion_screen.json": "a89640ce1c7517ad14ea8c047dade510a1645c2fd6eb49d8a5db0aee2b297940",
        "results/g1_p111_intrusion_screen.json": "f23fe8837def36420486e1007799f27d29cff488808c611dc28166b862262c23",
        "results/g2_p111_intrusion_screen.json": "de311b2981ec09f0eea8c05a19a84ac5bc83dd3f46e6596ce075de537837e1fd",
        "results/g3_p111_quality.json": "18caa3dced925f47ba5f3bbe2bdc2935a0d3db838b6137acd221126a80fb309e"
      },
      "gates": {
        "G0": "PASS",
        "G1": "PASS",
        "G2": "PASS",
        "G3_CI": "PENDING",
        "G3_local": "FAIL",
        "prior_dispositions": "PASS",
        "prior_verdicts_preserved": "PASS",
        "protocol": "PASS",
        "repair_policy": "PASS"
      },
      "implementation_commit": null,
      "implementation_record_sha256": null,
      "phase": "P111",
      "qualification": "Nominal whole-container screening against literal February 2026 draft Table 8-5 with explicit conditional presence interpretations and coverage outcomes; no disposal acceptance, intrusion dose, legal compliance, statistical uncertainty or physical inventory completeness qualification.",
      "quality_checks": {
        "fresh_release_reported_green": true,
        "historical_source_verification": false,
        "required_gate_names_present": false,
        "resource_limits_match": true,
        "source_hashes_match": true,
        "workspace_tests_reported_green": true
      },
      "repair_rounds": 1,
      "schema": "actinv-p111-verdict-1",
      "verdict": "P111-FAIL"
    },
    "P112": {
      "ci_evidence_sha256": "20fe05c616515ec635fcab34134acae0bf902db45134af92b8a9cbc0c3d9fe7d",
      "evidence_sha256": {
        "results/g0_p112_intrusion_screen.json": "da06735bacade33eeb543e08300d09efcb5e995e9c9f8b80904cd5f8d9be1906",
        "results/g1_p112_intrusion_screen.json": "1193312d504ef6e21c7be973d79b22c32b85ae619f9b6341b2269885013c61e6",
        "results/g2_p112_intrusion_screen.json": "ff81ceacceac180039884c7c5d53525c4db107bb2cddcbf5d261d12d618538b4",
        "results/g3_p112_quality.json": "332445c7b022744dda5219bbbd8312440470db98f2b803ad6cbf5a8386ab865a"
      },
      "gates": {
        "G0": "PASS",
        "G1": "PASS",
        "G2": "PASS",
        "G3_CI": "PASS",
        "G3_CI_evidence_consistent": "PASS",
        "G3_local": "PASS",
        "prior_verdict_hashes": "PASS",
        "prior_verdicts": "PASS",
        "protocol": "PASS",
        "repair_policy": "PASS",
        "source_controls_bound": "PASS"
      },
      "implementation_commit": "5fc35ac83b360d03c7b0d0056112de61abd62ee0",
      "implementation_record_sha256": "6c7ac49555c8ed383005175fa651413dd262a388e1e28d34813bf2277c84e117",
      "phase": "P112",
      "qualification": "Nominal whole-container screening against literal February 2026 draft Table 8-5 with explicit conditional presence interpretations and coverage outcomes; no disposal acceptance, intrusion dose, legal compliance, statistical uncertainty or physical inventory completeness qualification.",
      "quality_checks": {
        "adopted_gate_count": 18,
        "adopted_gate_entries_match": true,
        "checkpoint_commit": "ff7e42e9f106946e610297d46f9f2b8787813f7e",
        "fresh_gate_count": 10,
        "fresh_gate_entries_green": true,
        "handbook_file_count": 27,
        "historical_source_verification": true,
        "public_handbook_matches_checkpoint": true,
        "quality_sha256": "18caa3dced925f47ba5f3bbe2bdc2935a0d3db838b6137acd221126a80fb309e",
        "release_binary_sha256": "bb73bd5e6d43d33bb14adff1ee7d5393cacb2dd149ca983f29330cd631b6931f",
        "rust_hashes_match_checkpoint_and_worktree": true
      },
      "schema": "actinv-p112-verdict-1",
      "verdict": "P112-PASS"
    },
    "P113": {
      "ci_evidence_sha256": null,
      "evidence_sha256": {
        "results/g0_p113_twin_waste.json": "61d8c6faaf7eb93d8f3a4d9e369e8710eee45b93f946d405f54c216dd730a037",
        "results/g1_p113_twin_waste.json": null,
        "results/g2_p113_twin_waste.json": null,
        "results/g3_p113_quality.json": "529fb6b0f5c1542165300240a2d59cd2cd6ad9fa84c11d4f0748d48b72da2b01"
      },
      "gates": {
        "CI_evidence_consistent": "PASS",
        "G0": "FAIL",
        "G1": "FAIL",
        "G2": "FAIL",
        "G3_CI": "PENDING",
        "G3_local": "FAIL",
        "historical_p112": "PASS",
        "protocol": "PASS",
        "source_commit": "PASS"
      },
      "historical_source_verification": false,
      "implementation_commit": null,
      "implementation_record_sha256": null,
      "phase": "P113",
      "schema": "actinv-p113-verdict-1",
      "verdict": "P113-FAIL"
    },
    "P114": {
      "ci_evidence_sha256": null,
      "evidence_sha256": {
        "results/g0_p114_twin_waste.json": null,
        "results/g1_p114_twin_waste.json": null,
        "results/g2_p114_twin_waste.json": null,
        "results/g3_p114_quality.json": "053cc816a07e97bb9831cdcf84f96a1d5d8f2f263219b87d5a10f4fb99813fbb"
      },
      "gates": {
        "CI_evidence_consistent": "PASS",
        "G0": "FAIL",
        "G1": "FAIL",
        "G2": "FAIL",
        "G3_CI": "PENDING",
        "G3_local": "FAIL",
        "historical_p113_failure": "PASS",
        "protocol": "PASS",
        "source_commit": "PASS"
      },
      "historical_source_verification": false,
      "implementation_commit": null,
      "implementation_record_sha256": null,
      "phase": "P114",
      "schema": "actinv-p114-verdict-1",
      "verdict": "P114-FAIL"
    },
    "P115": {
      "checker_error": {
        "exception_type": "NameError",
        "failure_projection": "unsealed_G0_forced_false_only",
        "message": "name 'historical_p114' is not defined",
        "name": "historical_p114",
        "original_derivation_completed": false
      },
      "ci_evidence_sha256": null,
      "evidence_sha256": {
        "results/g0_p115_twin_waste.json": null,
        "results/g1_p115_twin_waste.json": null,
        "results/g2_p115_twin_waste.json": null,
        "results/g3_p115_quality.json": "9f48cde1106ebc7174961aa594fbf57e5c772c3aeed3a06a133558a6946aa45d"
      },
      "gates": {
        "CI_evidence_consistent": "PASS",
        "G0": "FAIL",
        "G1": "FAIL",
        "G2": "FAIL",
        "G3_CI": "PENDING",
        "G3_local": "FAIL",
        "historical_p113_failure": "PASS",
        "historical_p114_failure": "PASS",
        "protocol": "PASS",
        "source_commit": "PASS"
      },
      "historical_source_verification": false,
      "implementation_commit": null,
      "implementation_record_sha256": null,
      "phase": "P115",
      "schema": "actinv-p115-verdict-1",
      "verdict": "P115-FAIL"
    }
  },
  "prior_verdict_sha256": {
    "results/p105_verdict.json": "0e2c770096662aaef1a9f4fd4a78d9aa8c71c775e86f1e27924708c84b361b41",
    "results/p107_verdict.json": "5e5bae7ebf1f5c244a84f6e03ffe19c3e148f3678d939bc12a09f26053aea3aa",
    "results/p108_verdict.json": "231071d8f4009294a2eec3ca1029054ec9542d9d1cdc29b12c282fd8d19041ef",
    "results/p109_verdict.json": "b6d370e3e560d0d7f780b0a7bb6344413fee87eb69eab865ac9e5ac58b449398",
    "results/p110_verdict.json": "1a2f7254e22333778c456139f19b231b76c7f2c3232115c1a104b61b2d43503d",
    "results/p111_verdict.json": "35c3b5eb4ef12fcad7e78f90a9103b476cdb51b29cb7974b7ec0a3ddae25579c",
    "results/p112_verdict.json": "b94cdab3a9776d51df74b793b889f80198e8e5f6d9c0af04d7fba671d248e91e",
    "results/p113_verdict.json": "ae000348b4e6c58eb217d1ce9c5e9946fcf7b440562835855f724f6a1650e461",
    "results/p114_verdict.json": "3d9208cae1ac6522e4b2c3d8c21440ecb4bc481f02faa46fb88f4068151bd382",
    "results/p115_verdict.json": "4e09b66d5b1c74cafecdc278d9d5ce786292007a7dea0ab6e8c8588f7255faac"
  },
  "prior_verdicts_match": true,
  "production_rust_population_allowed": true,
  "production_rust_sha256": {
    "crates/actinv-cli/src/assimilate.rs": "b0f78a7666b9752c35948029d02cd52cd03a8b9596566a425b5512f30bd72237",
    "crates/actinv-cli/src/bin/actinv.rs": "1b47334f832ba5a39dfb16cd01f108c1ddc7926c89506cdadd13c9d75b16b78e",
    "crates/actinv-cli/src/budget.rs": "fa7627d38648f8808006894309b3c3c1ad5e93c7ccef74604ff013eb8ba8455c",
    "crates/actinv-cli/src/command.rs": "6049aa941b749bd18f5dc4851304492f0db920ff5ded1e7de941b582f0df85d5",
    "crates/actinv-cli/src/decide.rs": "f94367b7bff4b23b0db198c08e8894b06e17b5fc1b43d01fe4a7a5cd78ce35e2",
    "crates/actinv-cli/src/evalspread.rs": "dd9d19b9f71194417bc089ecb995d73cc631970c02305340999beb5fec8db59c",
    "crates/actinv-cli/src/lib.rs": "192fe4ad229d242dc07d5bf6378f54fdec4d09c0a1ea04161320dba7199dbe71",
    "crates/actinv-cli/src/optimize.rs": "7d4f384ac0075b5246757fe30fe53c6efd023da3ba11f54c77d95a7037830c28",
    "crates/actinv-cli/src/surrogate.rs": "4f5170c98d54041561921d33223ad8568fa212b2d68ebf5b832f54288786740c",
    "crates/actinv-cli/src/twin.rs": "ce6088b610747b49bf7f56a037f4a003d1927bd6efc3dfe37b449cf66e880e61",
    "crates/actinv-cli/src/twin_waste.rs": "e125e4a03e44d4175d9c82a10cd143888aecdcdf97084a2f2a5c92bd73416d5b",
    "crates/actinv-cli/src/waste.rs": "18acc9564e52f5286f33a4b6edc33c0a00ee5ba903f0c3bcb031d92568ff8c15",
    "crates/actinv-cli/src/waste_bounds.rs": "86e3199305a8a8526bfd95dbdedb587de932118d9a71027884ebb215801315e4",
    "crates/actinv-cli/src/waste_budget.rs": "23a41809157ce20357d4a0b4cdf805f79ba83aed28e8ca437f3262da68c162da",
    "crates/actinv-cli/src/waste_composition.rs": "5f24307f0b6674dff0a692bfe74dd694c025e151e12c77640b6d102ed5e3cb30",
    "crates/actinv-cli/src/waste_composition_solve.rs": "bacb623a8229cc4f86b3c5fe3f76a89c3c5c99f1cc364cdbaa5e8f1a7eafc569",
    "crates/actinv-cli/src/waste_composition_verify.rs": "363ae16501e33ff002db3afe5d12e76f39168cf516472350e59779fe2442a1b0",
    "crates/actinv-cli/src/waste_intrusion.rs": "32fd0c623960581995bea73744fadd52c07f1f3d0e9b7d9cbe03a03edfe1688c",
    "crates/actinv-cli/src/worker.rs": "1e99fbd1109027fbb2587686c9fcbbee1c8805bfe45134888181f40e252f4d51",
    "crates/actinv-cli/src/workflow.rs": "d5b166fe18acf3332c110a405097642dc6037f517a9373c5631b576589135edd",
    "crates/actinv-cli/tests/data_command.rs": "d88714714fb240cca43c69b78652a0473b363f3a394c53500fb2e4dd047e9cf4",
    "crates/actinv-cli/tests/validation.rs": "4ce61a0b0447bf63bef9d89403c16e0bfaa281c68c96340aaac82b572f5b69ee",
    "crates/actinv-cli/tests/version.rs": "d821ad302a2fa82e0ce91e9aae194c42488d05b71b2453d40c8d683b3ad8c3a1",
    "crates/actinv-core/examples/p92_balance.rs": "129fcd87769fdd9cf208940ed4115e2a1b36f5a82e60ba1df2e219ab12f53917",
    "crates/actinv-core/src/bin/cache_probe.rs": "ade32188ff57bb40e9f763a59a2c33e3f7b447779a0fb3495b5257472609ae03",
    "crates/actinv-core/src/bin/cram_probe.rs": "27dbf073400a7ad3afb64f913fa809951eb800d0de3f8f11688606a1c2f64943",
    "crates/actinv-core/src/bin/fission_probe.rs": "ea3e12d69ed22100717638e89c8573e4a850f3ce7671c8aa34a0fe34d2d1f49c",
    "crates/actinv-core/src/bin/flux_probe.rs": "a55ee49f8d0544fc05fec3e6d1ec5363de814db041b298087aeeb983362899b3",
    "crates/actinv-core/src/bin/parser_fuzz_probe.rs": "520cbeebb16e0cd289992f32dc7e302b3abfb459f5a1faf88946f23e42c53146",
    "crates/actinv-core/src/bin/photon_probe.rs": "abc4a8dff5025eceb8a7bad5aead22763961e3208b8b693ad0e99bca2f9cc66c",
    "crates/actinv-core/src/bin/prepared_probe.rs": "b5df928a0dc4ade085d8d3c8d5a03cadb61c9aebd6f2befef1f6214228723582",
    "crates/actinv-core/src/bin/uncertainty_probe.rs": "a95e9328bfe93b23db3134930b2a0a8cedfcd0e076f6784bd5bc403151b93798",
    "crates/actinv-core/src/bin/unit_probe.rs": "81eba337cb1d0e7c2ae060de43b21b989936dd2106a17db5ef5af8d6526e1a0f",
    "crates/actinv-core/src/chain.rs": "6c6a77f00e8c3a832e5c4b4c006cf78b3f1402c1530621b685b2f468e0862b23",
    "crates/actinv-core/src/clearance.rs": "d6a725cea709c2eb48ecfe1716e02d0c64f265451c387adc49dc2be9b15b74d8",
    "crates/actinv-core/src/cram.rs": "79f13e05c2111f1dae06f5069bcc569939f0d3c55d6456b4d6cba5fb5e474cba",
    "crates/actinv-core/src/cram_coeffs.rs": "ad87f5e6af18c6b4c4a0bb79d93d6530d7e45ae521e8521080f6106ca3b847a9",
    "crates/actinv-core/src/damage.rs": "d005ca5ab2b6d127002d903c504a95241a7e8b562a30742779d8e54aabbb1b37",
    "crates/actinv-core/src/doppler.rs": "92e693b957514a6889a5e4bde3182f498385289c306fd0d03becf572a2cd8c6f",
    "crates/actinv-core/src/finite.rs": "a14163d327d3792e1936a18e5cae84f8cfa2ac57b8d083a747b588e56c9e6a2f",
    "crates/actinv-core/src/flux.rs": "303429ede4c69afccf05e347dbe820f241c623a70cad4b43356c349528f940dd",
    "crates/actinv-core/src/gas.rs": "f358759dc25c7bb42d81006074a2f0b8ef679c0623725a3eef85cbe1bccbf6d4",
    "crates/actinv-core/src/lib.rs": "3fb7ac6b8c9a7380a0f3b1809303f288720d55b0d77d293c693acc833c368ef0",
    "crates/actinv-core/src/mesh.rs": "f27b3774c6de095eaf1179da86c85575defcfd42d6b6af24ce41ba73d10a6e89",
    "crates/actinv-core/src/photon.rs": "39cb950426d3eb528e0695ef1c87af865f155bf999b545d3452ad81241d1e728",
    "crates/actinv-core/src/prune.rs": "f243c865a425bb35b5f71978148a422a52945bd1d06b857369c3ea7f26a74435",
    "crates/actinv-core/src/quantity.rs": "ff87d2bcbd3efef668bc9563240e1bcc27072e466d39659dab1a2525950e46d9",
    "crates/actinv-core/src/r2s.rs": "f511d47d3fd36c6df5ab8b0aad85b31b010d2add9113611022a0b78baf9b5db4",
    "crates/actinv-core/src/radiological.rs": "0de7344850fbea048f2690a609d0f1fc8dd8205e8dedd3bc2684b157d99372a2",
    "crates/actinv-core/src/reverse.rs": "0539da50e2eac494d0e0aacff9c7f1f5a254b098e5cba338da53633ee9a5113a",
    "crates/actinv-core/src/run.rs": "9fccfee575f1ddfad229a7e7d225150f10f4e8aa776cc2e6e748850b9c558eb7",
    "crates/actinv-core/src/shielding.rs": "0ebf3068ace5641afe5fa4034eca7c12a8914d3d7f3760606007fbceda93c21e",
    "crates/actinv-core/src/source_adapter.rs": "f5d25dc6e3e471873e5fbc07c267269eb6da6d940587a6c36ca28635f1922e5f",
    "crates/actinv-core/src/sparse.rs": "0ab2864aacdfb87a2522132df003c00388ce2cd0e49a445ed4c87f67c99f0fbc",
    "crates/actinv-core/src/spec.rs": "7ae5c4c8b2b3adcf75ec7a8b9457b276b06a8e79816e66be33c43c145b2df480",
    "crates/actinv-core/src/study.rs": "eaece838acf380190719c9157dfad1d1fd3538b7f8c62bacc1120c11550a3226",
    "crates/actinv-core/src/uncertainty.rs": "fc680cbc0d3aeb479867c6c9ef86b7e33f6fb03642062172d7350c9c4606f8a5",
    "crates/actinv-core/src/waste.rs": "3ed8bb1d468cc19b1fb12dfe17d64065e00ddbfa5f47936e2b6cf638a6cbb607",
    "crates/actinv-core/src/waste_bounds.rs": "be9e39811dd496fc2622c5412beba3f5548f8153723a283f872815e652888d7f",
    "crates/actinv-core/src/waste_composition.rs": "de783f5d4eb301e8846839d9e54c9ba3da68824c1e85f7e020cef64bcace2f3c",
    "crates/actinv-core/src/waste_intrusion.rs": "efd2a4aa216652e627f70f854b9bff400228c4dd8cdfeb1070d11ab9841aaed6",
    "crates/actinv-data/src/activation.rs": "4a977463891ed236c6ab73cce785f1e70c2362fc4103934239f900d7ed2820c9",
    "crates/actinv-data/src/bin/dump.rs": "6faac1a95a31f3a6f2f7d0dc29fafcabd36768737070580c3e6e12f47d2d0464",
    "crates/actinv-data/src/bin/p18_corpus_probe.rs": "4f7afb6c2b4e388596f235f05d63555d03d573d18061e17463c863cdda0aa9e8",
    "crates/actinv-data/src/bin/p18b_corpus_probe.rs": "8dcf50a0b11631db0877e30be9397750b0b4c64eb3435ad601b2f753939effef",
    "crates/actinv-data/src/bin/p18b_oracle_probe.rs": "558b6ed1e6c1689196b0fe8b1467bd122a44113869e0754614f286b0d38bb66a",
    "crates/actinv-data/src/bin/p20_collapse_probe.rs": "570eaa5c84956e3aa0c96d0c7fb684ba3fa8174c18b7a1ec392497fa1927bf56",
    "crates/actinv-data/src/bin/p20_corpus_probe.rs": "fa5a5d5a1cd0f73f79aa83fa7f2907ce431b0e1c425075cd86bfe6f8a1361e1b",
    "crates/actinv-data/src/bin/prepared_data_probe.rs": "446faa941069cc65c28a35d331197fc6865b5f0e6e8163c9d7fcf55e57685366",
    "crates/actinv-data/src/builder.rs": "4d86b97ae1dde51c6ce6590f980e77bb19786b891da4080596ccc4dafa111ff8",
    "crates/actinv-data/src/composition.rs": "584399c14c25b24db09311622696bd2e5691dd3045cbaec0ce406ba1fefbf024",
    "crates/actinv-data/src/covariance.rs": "6165db1e3338634fb9320a1b22988836e8f16d68b47bd732715238886c9a26d4",
    "crates/actinv-data/src/decay.rs": "4be7dff38361d3e28775ed387b6cd8553768fbac69eea518176a3ffa23b385cf",
    "crates/actinv-data/src/doppler.rs": "8c9a0ef4a16ea5a54f14f087e9c66a258e7f1d9bee51f49b891318b958e89588",
    "crates/actinv-data/src/endf.rs": "53d7df649c930efa373c97127c817df9a0c1c712c60d97b409a5bd509282e252",
    "crates/actinv-data/src/fission.rs": "f2e4dce7d2bc566cbf5c32cf68b0fe3007f2b722b65eeecad17f2d81661b2011",
    "crates/actinv-data/src/groups.rs": "3c331b49d8464947c27fb8299152d4faa7658f18c658a476e416eaf08296e0f3",
    "crates/actinv-data/src/lib.rs": "91567ccc466c91bb10866f82545b1b929eeefa008a19920075cfe8f0bf669018",
    "crates/actinv-data/src/library.rs": "f1f80249839874ce695f530f662182663f888e87949d8aaeca8638ae5326c871",
    "crates/actinv-data/src/normalize.rs": "7041f7a53856f6409ac8d95fd44f683a5c18f496537339668d1953bd49261e6d",
    "crates/actinv-data/src/prepared.rs": "43bc4ea5590a4069fb5b503b798222a661a9c14718727bfddd77c55366414762",
    "crates/actinv-data/src/processing.rs": "b80de2abfc574df37e79db771aa164a754d3bad62c8fc2205b732609376b9700",
    "crates/actinv-data/src/resonance.rs": "8ad5bdfae5acaf6083729c2e4161c7e1f8c584cabf6c6ddc0d57d8b63edf1b54",
    "crates/actinv-data/src/shielding.rs": "b5596655068fd267e3422f60ea77ab69857d68cd6b3b4f8556dc084f041b98cc",
    "crates/actinv-data/src/tables.rs": "888923a68d6a7841c75883615f7cc738fc4a06ca5ec4f1e13ce3ea9146146d2f",
    "crates/actinv-gui/build.rs": "ba3dad3e79ca77e324554f943598000c523e4d777c4190b1682926d37bba8ab6",
    "crates/actinv-gui/src/app.rs": "866620532f9eea91b35af5587ac9b7453cf6a4fc546a753c9c6e3e3bad52366d",
    "crates/actinv-gui/src/capture.rs": "b5bfdb71a16a36b954d52770c8ce0258f961c89d41ee9f8a3a95c7dae30dfc9e",
    "crates/actinv-gui/src/lib.rs": "a25925117a2fe9daf1f6e7692750004c90ebbf4a273993af149cf8f822e91f9f",
    "crates/actinv-gui/src/main.rs": "b7ef2af84b0ee8b6131803590a421027375c821220611557b6d17f87795d93c6",
    "crates/actinv-gui/src/model.rs": "a2b345b2da356ed5953c8830f94e183c6d563b33c88b477f01e27ea93ce67764",
    "crates/actinv-gui/src/options.rs": "0d9a2fcdd592060a5b8a5ee3e71822af940fb18fbfa2d51600c554815528d0e4",
    "crates/actinv-gui/src/smoke.rs": "580f83ada2dd1d061f2e162b62a540a980ef813716c0f0a8f094deba7eb19e0d",
    "crates/actinv-gui/src/sweep.rs": "7b4d57895ef1d06348f1dd1411fe94f3c80cc76fa7b56d62453301813f63443c",
    "crates/actinv-gui/src/tour.rs": "0869eb3e7b2e0d8468a4708484d173905d56b979f3cfe21eb20b9d5613225685",
    "crates/actinv-gui/src/transport.rs": "6b3fd8795175e8b95be412719615e6018752353ea6dc30271d68966d01088a43",
    "crates/actinv-gui/src/visuals.rs": "35842c494d2e654999d1e065cbcbf1e833e8d63f1c46004924c40cc345eafe25",
    "crates/actinv-gui/src/web.rs": "6d6a672fc17c024234adc6fa887876131e5fdec8d5b33ca43d94fa868e86ca84",
    "crates/actinv-gui/src/web_app.rs": "5644807412fbe51d0e381d6be5e9b314f420088f629ab82ab2f5e7b665da30b9",
    "crates/actinv-gui/src/worker.rs": "cbc1185941ba34139062108560d2ab8931c94c24ac7281e9c86bc022dd4c7d0a"
  },
  "production_rust_source_count": 100,
  "protocol_registered": true,
  "protocol_sha256": "cf5841dafbd2470604b36d75fdafa2e2fc730e33abb26f6e44a4068e6388a8aa",
  "repair_amendment_registered": true,
  "repair_amendment_sha256": "3fa71d7c7537dbe9132f5de8d9f4a64d33126f065f4f41aef7496fab38be372c",
  "repair_discovery_sha256": "15f73cb664ff13a4ca75d7edcf098d2ee2ce557ff00f9d95cb23c366b612e441",
  "repair_rounds": 1,
  "request_component_target_counts": [
    4,
    4,
    4,
    4,
    4,
    4,
    4,
    4,
    4,
    4,
    4,
    4,
    4,
    4,
    4,
    4,
    4,
    4,
    2,
    4,
    4,
    4,
    4,
    4,
    4,
    4,
    4,
    4,
    4,
    4,
    4,
    4,
    4,
    4,
    4
  ],
  "request_count": 35,
  "request_ids": [
    "class_a",
    "class_b",
    "class_c",
    "above_class_c",
    "two_table_mixture",
    "short_group",
    "metal_c14",
    "metal_ni59",
    "metal_ni63",
    "metal_nb94",
    "mass_normalized_alpha",
    "alpha_group",
    "density_geometry",
    "volume_geometry",
    "external_h3_once",
    "required_h3",
    "missing_metadata",
    "empty_inventory",
    "unassigned_cell",
    "boundary_below",
    "boundary_equal",
    "boundary_above",
    "mixture_boundary_below",
    "mixture_boundary_equal",
    "mixture_boundary_above",
    "assay_baseline",
    "scalar_assay",
    "mixture_assay",
    "propagated_assay",
    "dose_assay",
    "repeat_deterministic",
    "uniform_split_reference",
    "unequal_cell_split_equivalent",
    "single_cell_unsplit_equivalent",
    "selected_step_reordering"
  ],
  "schema": "actinv-p116-twin-waste-g0-1"
}
{
  "component_target_count": 138,
  "failures": [],
  "independent_comparison_count": 138,
  "mutations_rejected": {
    "assay_adjustment": true,
    "assigned_count": true,
    "basis": true,
    "binding_contributor_count_2": true,
    "binding_normalized_margin_1": true,
    "binding_normalized_sum_0": true,
    "binding_passes_4": true,
    "binding_strict_3": true,
    "class": true,
    "class_counts_first_target": true,
    "class_counts_unknown": true,
    "component_mass": true,
    "constraint_contributor_count_3": true,
    "constraint_normalized_margin_0": true,
    "constraint_normalized_sum_2": true,
    "constraint_passes_5": true,
    "constraint_source_sum_fraction_1": true,
    "constraint_strict_4": true,
    "constraint_table_7": true,
    "constraint_target_class_6": true,
    "coverage": true,
    "external_activity": true,
    "external_status": true,
    "facility_component_count": true,
    "integer_count_type": true,
    "inventory": true,
    "membership": true,
    "membership_coverage": true,
    "missing_metadata_coverage": true,
    "missing_metadata_unknown_nuclides": true,
    "missing_metadata_unknown_reason": true,
    "required_h3_coverage": true,
    "required_h3_unknown_nuclides": true,
    "required_h3_unknown_reason": true,
    "result_status": true,
    "row_concentration_1": true,
    "row_fraction_0": true,
    "row_limit_2": true,
    "row_nuclide_4": true,
    "row_row_id_3": true,
    "unassigned_ids": true,
    "volume": true,
    "waste_type": true
  },
  "pass": true,
  "persisted_result_matches": true,
  "phase": "P116",
  "protocol_sha256": "cf5841dafbd2470604b36d75fdafa2e2fc730e33abb26f6e44a4068e6388a8aa",
  "refusal_controls": {
    "checks": {
      "alias_property_duplicate": true,
      "assay_file_size_cap": true,
      "bad_assay_missing": true,
      "bad_component_name": true,
      "bad_external_alias": true,
      "bad_external_exclusion": true,
      "bad_mass_value": true,
      "bad_type": true,
      "both_geometry": true,
      "canonical_activity_alias_collision": true,
      "duplicate_cell": true,
      "duplicate_mesh_cell": true,
      "duplicate_target": true,
      "empty_twin_group": true,
      "extra_mass_cell": true,
      "extra_waste_component": true,
      "invalid_property_z": true,
      "invalid_unselected_activity": true,
      "malformed_footer": true,
      "malformed_mesh_json": true,
      "mass_closure": true,
      "mesh_cell_count_cap": true,
      "mesh_size_cap": true,
      "missing_assigned_mesh_cell": true,
      "missing_external_step": true,
      "missing_mass_cell": true,
      "missing_waste_component": true,
      "neither_geometry": true,
      "nonregular_input_path": true,
      "nuclide_property_count_cap": true,
      "null_external": true,
      "null_properties": true,
      "null_waste": true,
      "outer_spec_size_cap": true,
      "overlap": true,
      "positive_activity_count_cap": true,
      "raw_duplicate_key": true,
      "raw_duplicate_mesh_record_key": true,
      "selected_target_missing_step": true,
      "serialized_output_size_cap": true,
      "too_many_targets": true,
      "truncated_mesh": true,
      "unequal_component_timestamps": true,
      "unknown_component_field": true,
      "unknown_external_field": true,
      "unknown_property_field": true,
      "unknown_rules": true,
      "unknown_waste_field": true,
      "zero_half_life": true,
      "zero_target": true
    },
    "pass": true
  },
  "repeat_byte_identical": true,
  "request_count": 35,
  "request_evidence": [
    {
      "component_target_count": 4,
      "id": "class_a",
      "input_sha256": "741fa275fb6541aa60738bc1ac20ed99969548ea598446d93423a26660b4c8ae",
      "ordinary_waste_sha256": "9d4d0457ad0ea974e9e2f2e0b2be6157e46b4dc7cfb95351b1258e401de23517",
      "output_sha256": "716572bbe798d4c43e57a3ce25b7e662a437e555ed7496c2edef0dade37b38b9"
    },
    {
      "component_target_count": 4,
      "id": "class_b",
      "input_sha256": "c3f297ca8400c465342382558e7ae78b6ec7eb868b3cc635a3ac64cf63bdba94",
      "ordinary_waste_sha256": "51b2ef61eb331416dfa5f08db0a931d87f5373bdf10e6e48cbca47302443ae50",
      "output_sha256": "e270150299715d9ba3a5982f88f71e8e8124c436894789aa1adcba9b13896b10"
    },
    {
      "component_target_count": 4,
      "id": "class_c",
      "input_sha256": "0728e2664dbe99c69f5ce60626dcccd3392bf4bd6bfe89725f2678dbdde20f1c",
      "ordinary_waste_sha256": "9d4d0457ad0ea974e9e2f2e0b2be6157e46b4dc7cfb95351b1258e401de23517",
      "output_sha256": "a43eb30592a4046c71b7d4420bfd79f2f7adbc772e531828aea8e4cd9c1136d4"
    },
    {
      "component_target_count": 4,
      "id": "above_class_c",
      "input_sha256": "17b593ca98da392977537952c64eb1cd0f121a999448992f991a045b3ece920e",
      "ordinary_waste_sha256": "9d4d0457ad0ea974e9e2f2e0b2be6157e46b4dc7cfb95351b1258e401de23517",
      "output_sha256": "f75f3398a574b005c47e1332daaa52e756808c95d0df7bbe497c70a7d64bdea0"
    },
    {
      "component_target_count": 4,
      "id": "two_table_mixture",
      "input_sha256": "c21e99e3b0c9b916287fc9c6aac1f4d860e1c2e9392a837fab7017c965b63d78",
      "ordinary_waste_sha256": "5632eaef925e31c4ed9e07e4ef289f7e504e1d9c001b959d6f84fc74fd528501",
      "output_sha256": "669b9a480e4012c98e7007ead97015ad9e6d7916ddfea2d433fed6de219786ee"
    },
    {
      "component_target_count": 4,
      "id": "short_group",
      "input_sha256": "3aa26ce9438035a7fb24e7ac6234a2a2b3bd81278ffdc2be3029511650f0148e",
      "ordinary_waste_sha256": "4c4d470bf12b9219d06066f4beda509e825259193a4502b1cd009bd20b3f85dd",
      "output_sha256": "67aaaeea56ca74e9346466d64f8c66e5a44a7d6b1501c6e66a5cb3efdf7b9fbc"
    },
    {
      "component_target_count": 4,
      "id": "metal_c14",
      "input_sha256": "e54c1715d1c0b183d8142ad5c1840911e5c385f16037ea8b77ec47e2c5cf18c2",
      "ordinary_waste_sha256": "9bbde6d542727f0f24f0db20cf398f3f5ba617dc737abe1cd174d9e32b85d5cc",
      "output_sha256": "90a8cd6930578b38c594be474d6a61bb594813d47935d846182e88dfcc599e61"
    },
    {
      "component_target_count": 4,
      "id": "metal_ni59",
      "input_sha256": "1b3fc3b8a3b17552d651a8050efd2cce06b6318f1f5d1adfd5ccc8ac575bcd45",
      "ordinary_waste_sha256": "0c1a3c02016a9355f58049d9554c77c3a52ea0caa4448f935ea5acf426283009",
      "output_sha256": "237d3ca62aec6e334c5b9670deb6cc609651c5916063add0591fac89249cfcb7"
    },
    {
      "component_target_count": 4,
      "id": "metal_ni63",
      "input_sha256": "6ae7d7bd329744a9225e2338ec2c9c63d785652ac715d3bd2b349ef7cca8dcfb",
      "ordinary_waste_sha256": "44b77c9a941a468bb69eaa195dfcd558fbdc735c84a10f8200f96c2564edcb61",
      "output_sha256": "785ff4b8bdd47a0d3ed2bae8ac425218f5bfe81124083068c053ecdf83b6278b"
    },
    {
      "component_target_count": 4,
      "id": "metal_nb94",
      "input_sha256": "fca5ea192592d5906aea86f5495ef5870efdd0e8a85b382f37a9fe21e97c402b",
      "ordinary_waste_sha256": "6723d97b01322f3bd094bb24957b69ce8d7856ef01819a4191ce629d6f049774",
      "output_sha256": "eb3be881588d935f5de1f2467dfcff598c48b9c89e31d24cf151e92ac65d66ca"
    },
    {
      "component_target_count": 4,
      "id": "mass_normalized_alpha",
      "input_sha256": "7e87983365290a7f251146efa1569225a198d4dcea6bd51f9a788c9ee104521b",
      "ordinary_waste_sha256": "98bf5fda179922f8d96ca301adb956331cc5113bd6bc6aafd3218a2453b29d73",
      "output_sha256": "63aa07b24a83c0c1f2ef02b6fd77f654433c95c44c3c10581ba4b92867784789"
    },
    {
      "component_target_count": 4,
      "id": "alpha_group",
      "input_sha256": "9599f3de39c9d30ac4bc62b699a7a4bfb665ae833a35778ad61a130d2591546a",
      "ordinary_waste_sha256": "4d0f0dc587ba131f52a9f5d059ec8dc754e88e3e63845cfb225dae3f8c547f93",
      "output_sha256": "80df1b98d377dc1bf13f258943cf81a1dd1a2710b64e6b939cf6d043ee9a32e5"
    },
    {
      "component_target_count": 4,
      "id": "density_geometry",
      "input_sha256": "3ebb0a37b32383754de7ab312eda9cff52663466b7634a37462ef06123d80488",
      "ordinary_waste_sha256": "951a456337d24a9e365104fb4515fa0cfb874d3fa75efc267c1a290098097fb9",
      "output_sha256": "679c58b590d43b34758ded0bb2a2a3096f88fec24d11b1e57a9e0dcb6c0e99c0"
    },
    {
      "component_target_count": 4,
      "id": "volume_geometry",
      "input_sha256": "3ebb0a37b32383754de7ab312eda9cff52663466b7634a37462ef06123d80488",
      "ordinary_waste_sha256": "9d4d0457ad0ea974e9e2f2e0b2be6157e46b4dc7cfb95351b1258e401de23517",
      "output_sha256": "1a02ac958a628d3ba3f4019627c480b41a59f7051736e4073ac9c62900f1fc5b"
    },
    {
      "component_target_count": 4,
      "id": "external_h3_once",
      "input_sha256": "edf536c6e173d5c182a96d38eeb950a33c1bbb36ba08a9e903f3487b6d5a94d0",
      "ordinary_waste_sha256": "237f6c71dda79f084b439c4e84f84bbc12f8171fc928890e605821a7ded0d58a",
      "output_sha256": "b4f84b63b430361a55cd8aa53d26af3814c60656166e45ad242846cd240d6453"
    },
    {
      "component_target_count": 4,
      "id": "required_h3",
      "input_sha256": "6c1f716fa43b31d1aff9dca792359637dcf3d905a4c5e8c763a758594186aab5",
      "ordinary_waste_sha256": "c9fb7ec3e4d077512a5c058e34de3e2e39d2f93586932ada8d52c7214ec5e501",
      "output_sha256": "71e95d02eccdc893f3053c9a6d09c5b0a9a56fdbae59e2bbfe9ccc8c890f8eb0"
    },
    {
      "component_target_count": 4,
      "id": "missing_metadata",
      "input_sha256": "fd390969a9c374e84654c0ccfb0e2803a6549cc7ee2959ef02292035bd1ce831",
      "ordinary_waste_sha256": "7f1da7a14bb61af1a3dcfacc6886b7739110b1a830b0f50cd42d2258ac16012d",
      "output_sha256": "a74e6efa438a115f87d980d9e76a90f871629c4ab872bd6d34283b1d184a0e3e"
    },
    {
      "component_target_count": 4,
      "id": "empty_inventory",
      "input_sha256": "41f4899f854a53d469269b9425828152b3f773a47a90ab844d637991caa95561",
      "ordinary_waste_sha256": "7f1da7a14bb61af1a3dcfacc6886b7739110b1a830b0f50cd42d2258ac16012d",
      "output_sha256": "ee903227adf14573ae8226479b79d927afbb71e99aff928d19194434a22f536c"
    },
    {
      "component_target_count": 2,
      "id": "unassigned_cell",
      "input_sha256": "6c1f716fa43b31d1aff9dca792359637dcf3d905a4c5e8c763a758594186aab5",
      "ordinary_waste_sha256": "36c763334b9a60231f27cb87c4f8299a1e6f779fe1e193b08dfdea25d9360209",
      "output_sha256": "ba4649cb68914869cda601c78d97de653d8b4055ca8cf65d2fc3e58938f779ad"
    },
    {
      "component_target_count": 4,
      "id": "boundary_below",
      "input_sha256": "9408aeb80c0049065aec7873715b8a32fab635ee8bfcf37374d6d68341aa843e",
      "ordinary_waste_sha256": "9d4d0457ad0ea974e9e2f2e0b2be6157e46b4dc7cfb95351b1258e401de23517",
      "output_sha256": "44baaade0d861a5c8ab9019bd35181b72c05ac6dfd4fb8501a25522bd3b0b99d"
    },
    {
      "component_target_count": 4,
      "id": "boundary_equal",
      "input_sha256": "33a281ff82379af6f3573b973381f3d11d1fadfe1ec38ee276a8c61f36c4d5d7",
      "ordinary_waste_sha256": "9d4d0457ad0ea974e9e2f2e0b2be6157e46b4dc7cfb95351b1258e401de23517",
      "output_sha256": "bb96540c0d469427c626d26b3afb63e44c12b20adf88ee88cf33be3654e7bdcd"
    },
    {
      "component_target_count": 4,
      "id": "boundary_above",
      "input_sha256": "ac5c5ddbd772b57a90b9b0f4c4b742e38cf2d1d8229270c3d586c3c2904fa95a",
      "ordinary_waste_sha256": "9d4d0457ad0ea974e9e2f2e0b2be6157e46b4dc7cfb95351b1258e401de23517",
      "output_sha256": "da40eff67240dd2bdafa036c5ea28401bd4a657f2781c8d6574ed4ee9b37e524"
    },
    {
      "component_target_count": 4,
      "id": "mixture_boundary_below",
      "input_sha256": "546f15ee4d85d5a856d9c97158ec2a83581d35dc6fd0d6bcf0cf753e7f89d390",
      "ordinary_waste_sha256": "47637b8a10eefec323d10063e240a102cb77991690caed3b1a1bd1f31082568f",
      "output_sha256": "5d385fc578f3d0b1199acc4ef09fe5fef48ada332ab11b0bd83cf58bec207425"
    },
    {
      "component_target_count": 4,
      "id": "mixture_boundary_equal",
      "input_sha256": "b36f76d6a06b6e38fda50cd27318d4fe3ea6342539986d939d451d4d3f921f8a",
      "ordinary_waste_sha256": "47637b8a10eefec323d10063e240a102cb77991690caed3b1a1bd1f31082568f",
      "output_sha256": "9d998a84cca835d9fdd2825b42aac0889fd66beff61a1cdc67a0d4ac46e89e0e"
    },
    {
      "component_target_count": 4,
      "id": "mixture_boundary_above",
      "input_sha256": "ef544f6f4f62ad5a8db712949be7e75fcaaef63e0b668f430db2a339fa418e41",
      "ordinary_waste_sha256": "47637b8a10eefec323d10063e240a102cb77991690caed3b1a1bd1f31082568f",
      "output_sha256": "043a171ccd8b2d643c74519dd4f56585cfe0a74a59b3293ce3b5d144be5ba6cb"
    },
    {
      "component_target_count": 4,
      "id": "assay_baseline",
      "input_sha256": "7e25ba76a8f2db27e1476119bd1fa324e2beea5955d8119f144403c4f147825d",
      "ordinary_waste_sha256": "4378636d5263f157deaaf4e5654566b58d495bcf3781e43dfdbc6a980e92e610",
      "output_sha256": "8fb7445eff75dbd6541559baa37ae4fb47a483fd6eef6708cf3c0c9b2e6ffadd"
    },
    {
      "component_target_count": 4,
      "id": "scalar_assay",
      "input_sha256": "7e25ba76a8f2db27e1476119bd1fa324e2beea5955d8119f144403c4f147825d",
      "ordinary_waste_sha256": "4378636d5263f157deaaf4e5654566b58d495bcf3781e43dfdbc6a980e92e610",
      "output_sha256": "aeae15b6ef238330cf51ba3a948b52f7723a6491ce9a776df4254114222f94bb"
    },
    {
      "component_target_count": 4,
      "id": "mixture_assay",
      "input_sha256": "7e25ba76a8f2db27e1476119bd1fa324e2beea5955d8119f144403c4f147825d",
      "ordinary_waste_sha256": "4378636d5263f157deaaf4e5654566b58d495bcf3781e43dfdbc6a980e92e610",
      "output_sha256": "aeae15b6ef238330cf51ba3a948b52f7723a6491ce9a776df4254114222f94bb"
    },
    {
      "component_target_count": 4,
      "id": "propagated_assay",
      "input_sha256": "7e25ba76a8f2db27e1476119bd1fa324e2beea5955d8119f144403c4f147825d",
      "ordinary_waste_sha256": "4378636d5263f157deaaf4e5654566b58d495bcf3781e43dfdbc6a980e92e610",
      "output_sha256": "8cf3b72cc538e15428961fbe459e73941f2a7f6262073a0d242238ad598f8357"
    },
    {
      "component_target_count": 4,
      "id": "dose_assay",
      "input_sha256": "7e25ba76a8f2db27e1476119bd1fa324e2beea5955d8119f144403c4f147825d",
      "ordinary_waste_sha256": "4378636d5263f157deaaf4e5654566b58d495bcf3781e43dfdbc6a980e92e610",
      "output_sha256": "b4a5b217059cd3b9e119e15f6775ac64d00dcb0e8f2af1a8037ec7cfb54ca843"
    },
    {
      "component_target_count": 4,
      "id": "repeat_deterministic",
      "input_sha256": "d6472f230e39f67f83d8f2ddf552d052cad53df98ab84a0831a174a379353da5",
      "ordinary_waste_sha256": "4378636d5263f157deaaf4e5654566b58d495bcf3781e43dfdbc6a980e92e610",
      "output_sha256": "8e0b136452bed602fa4f39779b9ad15613cd4a6e4a4e75c551fa5fa5d15a3074"
    },
    {
      "component_target_count": 4,
      "id": "uniform_split_reference",
      "input_sha256": "7e25ba76a8f2db27e1476119bd1fa324e2beea5955d8119f144403c4f147825d",
      "ordinary_waste_sha256": "4378636d5263f157deaaf4e5654566b58d495bcf3781e43dfdbc6a980e92e610",
      "output_sha256": "8fb7445eff75dbd6541559baa37ae4fb47a483fd6eef6708cf3c0c9b2e6ffadd"
    },
    {
      "component_target_count": 4,
      "id": "unequal_cell_split_equivalent",
      "input_sha256": "3cec8777a5f82592a8d02f72cfe68f929e25ce8db410202a0e13d1950150b261",
      "ordinary_waste_sha256": "4378636d5263f157deaaf4e5654566b58d495bcf3781e43dfdbc6a980e92e610",
      "output_sha256": "c4356a95688880ebc1c55a6ae618d289482c035ce2e4531c6b48d3678f8b27d3"
    },
    {
      "component_target_count": 4,
      "id": "single_cell_unsplit_equivalent",
      "input_sha256": "7e25ba76a8f2db27e1476119bd1fa324e2beea5955d8119f144403c4f147825d",
      "ordinary_waste_sha256": "c6bd5c9c090246253ef13317a57ade2d7606f1e425747070a9c83ea2772559a9",
      "output_sha256": "60f5e7a0823b3ecd2c4ac120d978f8a97c26a7f45c4156aac61955458fd9be55"
    },
    {
      "component_target_count": 4,
      "id": "selected_step_reordering",
      "input_sha256": "7e25ba76a8f2db27e1476119bd1fa324e2beea5955d8119f144403c4f147825d",
      "ordinary_waste_sha256": "09e2549b76b064e0f59a554852dbeac9e0d9411374e5323ea8ffa01bffac4bfb",
      "output_sha256": "cd2067c4ca0ea6640d6a21cfed2f67b31b3bb86ac779163fe0489c406d90f957"
    }
  ],
  "schema": "actinv-p116-twin-waste-g1-1"
}
{
  "exact_replay_equal": true,
  "g0_exact_replay_equal": true,
  "g0_result_sha256": "7e08a5f94e2cce3d62229c1e1233938270420c27556abb1a81e3f304ebc4cf78",
  "g1_result_sha256": "74f6eab80ee223c81b6f7391f3f4147d7fa38ffeac55485f3d2a05e8618a65b9",
  "pass": true,
  "persisted_result_matches": true,
  "phase": "P116",
  "protocol_sha256": "cf5841dafbd2470604b36d75fdafa2e2fc730e33abb26f6e44a4068e6388a8aa",
  "schema": "actinv-p116-twin-waste-g2-1",
  "separate_output_paths_byte_identical": true
}
....
----------------------------------------------------------------------
Ran 4 tests in 170.113s

OK
{
  "all_100_rust_sources_match_git": true,
  "checkpoint_commit": "2117f3b5df715ce832658f58250103789be845bb",
  "ci_archive_discovery_sha256": "c007355933dd2f685f6189714a96277e6448a9da0802c0c18db331f72d660039",
  "ci_archive_file_count": 13,
  "ci_archive_files_sha256": {
    "logs/p116-ci-controls-attempt1.log": "c37a90530459fbcf47869e2de29b90467f9cc477444818440f127e75d8c414dd",
    "logs/p116-ci-controls-attempt2.log": "1f4ec06167f63c4e5511dd82e9a0d0c759b32e76c71190fcde0f731d1a101094",
    "logs/p116-ci-fns-iron-attempt1.log": "2bf0241b25f347b88d9be960a8612a0008fe36f9f2c5495b45f57264810322bc",
    "logs/p116-ci-fns-iron-attempt2.log": "289747aba4aa751790eeb707ddea1ee69397ae70cbcf3954142b7e160e9ab292",
    "metadata/p116-ci-controls-attempt1.json": "d092a73a48fbcb1ad53e6cfb5dccdf252e32bde7fba3645801dac3befb88746e",
    "metadata/p116-ci-controls-attempt2.json": "4c5d40173bd00792ff12c92fd6513b0a9f6b00e38e3bb788fbb4e3b4ce1bccfb",
    "metadata/p116-ci-fns-iron-attempt1.json": "735bcb2bf9b505190acd1dc2ab2f9ee711f577cf703b223f1446c72ecf428cc5",
    "metadata/p116-ci-fns-iron-attempt2.json": "6334e98097c75f2e3814ac012791feab3226d8ff723c755a0b05d94e70b78ca5",
    "metadata/p116-ci-iaea-headers.txt": "e09724cfccc8e04ad6892379c25eb6ef4f6ac3813535d0b3a3f9687b8689099a",
    "metadata/p116-ci-terminal.json": "78b5f445eaa230093f3c169fa062ca48e152c5627201f54c8585d82e070b6217",
    "pre_ci_local_verdict.json": "f3be6d6ada4afbfe28f9f32a06be300c219c94b0fda45f31051124ebf6fad606",
    "source/p116-preserve-ci-failure.py": "8c72ee70265e710a46bd4e768bc6ee53d5bbb6c3aac08138317e0b47c2357220"
  },
  "ci_runs_sha256": "df939adb6bcb2a81bb9bca58df8638ea16ce0cdfcf94f89f1e07b3d302ff3c73",
  "control_source_count": 99,
  "control_sources_match_git": true,
  "derived_verdict_matches_persisted": true,
  "failed_workflows": [
    "controls",
    "fns-iron"
  ],
  "implementation_sha256": "be2e96c12e5fd5356eb493bc14909a782f6f6cba2fb739645d264ae0f1b249fa",
  "local_science_pass": true,
  "p116_artifact_sha256": {
    "results/g0_p116_twin_waste.json": "7e08a5f94e2cce3d62229c1e1233938270420c27556abb1a81e3f304ebc4cf78",
    "results/g1_p116_twin_waste.json": "74f6eab80ee223c81b6f7391f3f4147d7fa38ffeac55485f3d2a05e8618a65b9",
    "results/g2_p116_twin_waste.json": "5e1cb32140fa7fe3000bf2d22e54b30af021d992f689d1a1a7ff1038b979fb6b",
    "results/g3_p116_quality.json": "746876fc7c2d9da2432c5e1a816702a648f18c9ae920798c2639f9670082dd5b"
  },
  "pass": true,
  "phase": "P116",
  "protocol_sha256": "cf5841dafbd2470604b36d75fdafa2e2fc730e33abb26f6e44a4068e6388a8aa",
  "schema": "actinv-p116-history-verification-1",
  "successful_workflow_count": 4,
  "terminal_verdict_sha256": "7d782e476b051cc2e7d9666e984511167f30d6e1e5ec73afc127d34ac9dac710",
  "verdict": "P116-FAIL"
}
