Running as unit: run-p1794764-i10177604.scope; invocation ID: 8d98695c5a23424fb70b51b6dab9173a
{"errors": [], "resources": {"cgroup_limits": {"cpu.max": "200000 100000", "memory.max": "6442450944", "memory.swap.max": "0", "pids.max": "128"}, "cgroup_path": "/user.slice/user-1000.slice/user@1000.service/app.slice/run-p1794764-i10177604.scope", "environment": {"CARGO_BUILD_JOBS": "1", "RAYON_NUM_THREADS": "2", "RUST_TEST_THREADS": "1"}, "platform": "linux", "tmpdir": {"filesystem": "ext4", "mount_point": "/", "path": "target/preflight-tmp"}}}
{
  "adopted_p116_gates": {
    "full_p116_read_only_replay": {
      "argv": [
        "python3",
        "controls/check_p116.py",
        "--no-write"
      ],
      "exit_code": 0,
      "log_path": "results/quality/p116/full_p116_read_only_replay.log",
      "log_sha256": "fb9195f87534194d8aab6a16b730bf97d7c7b00c5fe2d5c07cbccd157d3adbed",
      "name": "full_p116_read_only_replay",
      "receipt_path": "results/quality/p116/full_p116_read_only_replay.json",
      "receipt_sha256": "2c41bf31c4530854b4ffd72b918e3cd2ef1e3aff6a11c3fbd86bedcee4ceb458",
      "resources": {
        "cgroup_limits": {
          "cpu.max": "200000 100000",
          "memory.max": "6442450944",
          "memory.swap.max": "0",
          "pids.max": "128"
        },
        "cgroup_path": "/user.slice/user-1000.slice/user@1000.service/app.slice/run-p1254048-i9625402.scope",
        "environment": {
          "CARGO_BUILD_JOBS": "1",
          "RAYON_NUM_THREADS": "2",
          "RUST_TEST_THREADS": "1"
        },
        "platform": "linux",
        "tmpdir": {
          "filesystem": "ext4",
          "mount_point": "/",
          "path": "target/preflight-tmp"
        }
      }
    },
    "gate_recorder_regressions": {
      "argv": [
        "python3",
        "scripts/test_run_p116_gate.py"
      ],
      "exit_code": 0,
      "log_path": "results/quality/p116/gate_recorder_regressions.log",
      "log_sha256": "da7c66ca30e1f3ede6305ce3ff0257060360c84ee24a7665d84c4ae523328b77",
      "name": "gate_recorder_regressions",
      "receipt_path": "results/quality/p116/gate_recorder_regressions.json",
      "receipt_sha256": "7584312532baff27edfcfbf57613b603d81afc34dea1f23a21577de5a133e7e8",
      "resources": {
        "cgroup_limits": {
          "cpu.max": "200000 100000",
          "memory.max": "6442450944",
          "memory.swap.max": "0",
          "pids.max": "128"
        },
        "cgroup_path": "/user.slice/user-1000.slice/user@1000.service/app.slice/run-p1177689-i9569584.scope",
        "environment": {
          "CARGO_BUILD_JOBS": "1",
          "RAYON_NUM_THREADS": "2",
          "RUST_TEST_THREADS": "1"
        },
        "platform": "linux",
        "tmpdir": {
          "filesystem": "ext4",
          "mount_point": "/",
          "path": "target/preflight-tmp"
        }
      }
    },
    "handbook_build": {
      "argv": [
        "/home/connoravila/Documents/actinv/scratch/mdbook-demo/bin/mdbook",
        "build"
      ],
      "exit_code": 0,
      "log_path": "results/quality/p116/handbook_build.log",
      "log_sha256": "52c3c6019765112a0cf9a1823b19a000586fe39a97ad78b81216a7cbdb5d516c",
      "name": "handbook_build",
      "receipt_path": "results/quality/p116/handbook_build.json",
      "receipt_sha256": "50659b2b9cf5c861bf8292d020e85b15941dab380c875b2fbc235f575e69f61f",
      "resources": {
        "cgroup_limits": {
          "cpu.max": "200000 100000",
          "memory.max": "6442450944",
          "memory.swap.max": "0",
          "pids.max": "128"
        },
        "cgroup_path": "/user.slice/user-1000.slice/user@1000.service/app.slice/run-p1251526-i9650339.scope",
        "environment": {
          "CARGO_BUILD_JOBS": "1",
          "RAYON_NUM_THREADS": "2",
          "RUST_TEST_THREADS": "1"
        },
        "platform": "linux",
        "tmpdir": {
          "filesystem": "ext4",
          "mount_point": "/",
          "path": "target/preflight-tmp"
        }
      }
    },
    "handbook_chromium": {
      "argv": [
        "python3",
        "target/p103-docs-smoke.py"
      ],
      "exit_code": 0,
      "log_path": "results/quality/p116/handbook_chromium.log",
      "log_sha256": "6fea601703061aba45cb74649d28b8403679568fd9436d4a96416185c96c644b",
      "name": "handbook_chromium",
      "receipt_path": "results/quality/p116/handbook_chromium.json",
      "receipt_sha256": "46d5ac08548c9caad0b278a3054d76bc1d783392cc6fe3fa921aea960ac60b7b",
      "resources": {
        "cgroup_limits": {
          "cpu.max": "200000 100000",
          "memory.max": "6442450944",
          "memory.swap.max": "0",
          "pids.max": "128"
        },
        "cgroup_path": "/user.slice/user-1000.slice/user@1000.service/app.slice/run-p1251601-i9625023.scope",
        "environment": {
          "CARGO_BUILD_JOBS": "1",
          "RAYON_NUM_THREADS": "2",
          "RUST_TEST_THREADS": "1"
        },
        "platform": "linux",
        "tmpdir": {
          "filesystem": "ext4",
          "mount_point": "/",
          "path": "target/preflight-tmp"
        }
      }
    },
    "handbook_links": {
      "argv": [
        "python3",
        "scripts/check_docs.py",
        "dist/docs"
      ],
      "exit_code": 0,
      "log_path": "results/quality/p116/handbook_links.log",
      "log_sha256": "042e133be84546e38529b23b64e332216b7c7d90bf8c04fc001dc401e117cf5c",
      "name": "handbook_links",
      "receipt_path": "results/quality/p116/handbook_links.json",
      "receipt_sha256": "895251d790bcc0806b11ff4b202e61d5a5b038b25c65ff4f6dde4e39910c80c9",
      "resources": {
        "cgroup_limits": {
          "cpu.max": "200000 100000",
          "memory.max": "6442450944",
          "memory.swap.max": "0",
          "pids.max": "128"
        },
        "cgroup_path": "/user.slice/user-1000.slice/user@1000.service/app.slice/run-p1251587-i9640277.scope",
        "environment": {
          "CARGO_BUILD_JOBS": "1",
          "RAYON_NUM_THREADS": "2",
          "RUST_TEST_THREADS": "1"
        },
        "platform": "linux",
        "tmpdir": {
          "filesystem": "ext4",
          "mount_point": "/",
          "path": "target/preflight-tmp"
        }
      }
    },
    "historical_p107_replay": {
      "argv": [
        "python3",
        "controls/check_p107_history.py"
      ],
      "exit_code": 0,
      "log_path": "results/quality/p116/historical_p107_replay.log",
      "log_sha256": "e0be01d08c791e4d9b4baed6b5299cecf687776088a2e4d012814bb2cab3678e",
      "name": "historical_p107_replay",
      "receipt_path": "results/quality/p116/historical_p107_replay.json",
      "receipt_sha256": "8e8667a5f678bd4f9a967ca416459a113c81271e157813175c364de280aad739",
      "resources": {
        "cgroup_limits": {
          "cpu.max": "200000 100000",
          "memory.max": "6442450944",
          "memory.swap.max": "0",
          "pids.max": "128"
        },
        "cgroup_path": "/user.slice/user-1000.slice/user@1000.service/app.slice/run-p1237694-i9615899.scope",
        "environment": {
          "CARGO_BUILD_JOBS": "1",
          "RAYON_NUM_THREADS": "2",
          "RUST_TEST_THREADS": "1"
        },
        "platform": "linux",
        "tmpdir": {
          "filesystem": "ext4",
          "mount_point": "/",
          "path": "target/preflight-tmp"
        }
      }
    },
    "historical_p108_replay": {
      "argv": [
        "python3",
        "controls/check_p108_verdict.py"
      ],
      "exit_code": 0,
      "log_path": "results/quality/p116/historical_p108_replay.log",
      "log_sha256": "1c9032456fecedb646b1d959bebf5bcefb14fa103d850c489e1a3269cb49d0b8",
      "name": "historical_p108_replay",
      "receipt_path": "results/quality/p116/historical_p108_replay.json",
      "receipt_sha256": "972a45e5733945adea2fe11325cfeae5bd6dbdb24e429569efb176ee81c58a04",
      "resources": {
        "cgroup_limits": {
          "cpu.max": "200000 100000",
          "memory.max": "6442450944",
          "memory.swap.max": "0",
          "pids.max": "128"
        },
        "cgroup_path": "/user.slice/user-1000.slice/user@1000.service/app.slice/run-p1237803-i9642056.scope",
        "environment": {
          "CARGO_BUILD_JOBS": "1",
          "RAYON_NUM_THREADS": "2",
          "RUST_TEST_THREADS": "1"
        },
        "platform": "linux",
        "tmpdir": {
          "filesystem": "ext4",
          "mount_point": "/",
          "path": "target/preflight-tmp"
        }
      }
    },
    "historical_p109_replay": {
      "argv": [
        "python3",
        "controls/check_p109_history.py"
      ],
      "exit_code": 0,
      "log_path": "results/quality/p116/historical_p109_replay.log",
      "log_sha256": "793ec2baa8a240394504c37aeea8a90f49b6fdc015b8d95c3b30a331348263ce",
      "name": "historical_p109_replay",
      "receipt_path": "results/quality/p116/historical_p109_replay.json",
      "receipt_sha256": "e39d0431f8d84956683fde481c3866df631f4132586177346f6fde673adf5ad8",
      "resources": {
        "cgroup_limits": {
          "cpu.max": "200000 100000",
          "memory.max": "6442450944",
          "memory.swap.max": "0",
          "pids.max": "128"
        },
        "cgroup_path": "/user.slice/user-1000.slice/user@1000.service/app.slice/run-p1237915-i9634520.scope",
        "environment": {
          "CARGO_BUILD_JOBS": "1",
          "RAYON_NUM_THREADS": "2",
          "RUST_TEST_THREADS": "1"
        },
        "platform": "linux",
        "tmpdir": {
          "filesystem": "ext4",
          "mount_point": "/",
          "path": "target/preflight-tmp"
        }
      }
    },
    "historical_p110_replay": {
      "argv": [
        "python3",
        "controls/check_p110_verdict.py"
      ],
      "exit_code": 0,
      "log_path": "results/quality/p116/historical_p110_replay.log",
      "log_sha256": "4a20b711c03cec9d8a1c8c785d20fbc7ad00ac64a4bbebf9bc4eb3778cfdd694",
      "name": "historical_p110_replay",
      "receipt_path": "results/quality/p116/historical_p110_replay.json",
      "receipt_sha256": "1d0f032433e808f10defba88addd2476a019b747e9c7f92fb1e66deb7e1596b2",
      "resources": {
        "cgroup_limits": {
          "cpu.max": "200000 100000",
          "memory.max": "6442450944",
          "memory.swap.max": "0",
          "pids.max": "128"
        },
        "cgroup_path": "/user.slice/user-1000.slice/user@1000.service/app.slice/run-p1238031-i9630839.scope",
        "environment": {
          "CARGO_BUILD_JOBS": "1",
          "RAYON_NUM_THREADS": "2",
          "RUST_TEST_THREADS": "1"
        },
        "platform": "linux",
        "tmpdir": {
          "filesystem": "ext4",
          "mount_point": "/",
          "path": "target/preflight-tmp"
        }
      }
    },
    "historical_p111_replay": {
      "argv": [
        "python3",
        "controls/check_p111_history.py"
      ],
      "exit_code": 0,
      "log_path": "results/quality/p116/historical_p111_replay.log",
      "log_sha256": "0e213749c847f8026099fd16a169ace7a912be4be64003a2d39e4a22e0f6cbe7",
      "name": "historical_p111_replay",
      "receipt_path": "results/quality/p116/historical_p111_replay.json",
      "receipt_sha256": "611df0e11ea2f35a5b2b0c403e3cc086d67cc65dc99295a5e205e27fd68c6470",
      "resources": {
        "cgroup_limits": {
          "cpu.max": "200000 100000",
          "memory.max": "6442450944",
          "memory.swap.max": "0",
          "pids.max": "128"
        },
        "cgroup_path": "/user.slice/user-1000.slice/user@1000.service/app.slice/run-p1238146-i9642093.scope",
        "environment": {
          "CARGO_BUILD_JOBS": "1",
          "RAYON_NUM_THREADS": "2",
          "RUST_TEST_THREADS": "1"
        },
        "platform": "linux",
        "tmpdir": {
          "filesystem": "ext4",
          "mount_point": "/",
          "path": "target/preflight-tmp"
        }
      }
    },
    "historical_p112_replay": {
      "argv": [
        "python3",
        "controls/check_p112_verdict.py"
      ],
      "exit_code": 0,
      "log_path": "results/quality/p116/historical_p112_replay.log",
      "log_sha256": "abdecdf0cd55632437f418a609d0d21f1424cf0fad6659cf5e73d4bf8edef6eb",
      "name": "historical_p112_replay",
      "receipt_path": "results/quality/p116/historical_p112_replay.json",
      "receipt_sha256": "4030b5a57ae605983c4394faba5fb2a5f6c90c03acb2111a90fb6c1f7e9918bb",
      "resources": {
        "cgroup_limits": {
          "cpu.max": "200000 100000",
          "memory.max": "6442450944",
          "memory.swap.max": "0",
          "pids.max": "128"
        },
        "cgroup_path": "/user.slice/user-1000.slice/user@1000.service/app.slice/run-p1238295-i9634561.scope",
        "environment": {
          "CARGO_BUILD_JOBS": "1",
          "RAYON_NUM_THREADS": "2",
          "RUST_TEST_THREADS": "1"
        },
        "platform": "linux",
        "tmpdir": {
          "filesystem": "ext4",
          "mount_point": "/",
          "path": "target/preflight-tmp"
        }
      }
    },
    "historical_p113_replay": {
      "argv": [
        "python3",
        "controls/check_p113_history.py"
      ],
      "exit_code": 0,
      "log_path": "results/quality/p116/historical_p113_replay.log",
      "log_sha256": "ce00515469f4a8a63d685c8fd2b693dcde73fe7ec5297bd4e2caea01124ce4a5",
      "name": "historical_p113_replay",
      "receipt_path": "results/quality/p116/historical_p113_replay.json",
      "receipt_sha256": "6d7c002a88c55de6def7467066b539f0f2a7ba96c2a97330840abe80a5c550b2",
      "resources": {
        "cgroup_limits": {
          "cpu.max": "200000 100000",
          "memory.max": "6442450944",
          "memory.swap.max": "0",
          "pids.max": "128"
        },
        "cgroup_path": "/user.slice/user-1000.slice/user@1000.service/app.slice/run-p1238566-i9642161.scope",
        "environment": {
          "CARGO_BUILD_JOBS": "1",
          "RAYON_NUM_THREADS": "2",
          "RUST_TEST_THREADS": "1"
        },
        "platform": "linux",
        "tmpdir": {
          "filesystem": "ext4",
          "mount_point": "/",
          "path": "target/preflight-tmp"
        }
      }
    },
    "historical_p114_replay": {
      "argv": [
        "python3",
        "controls/check_p114_history.py"
      ],
      "exit_code": 0,
      "log_path": "results/quality/p116/historical_p114_replay.log",
      "log_sha256": "4c19ee7f1495e8ee509d24511bbdea1a7bb65573c9f15443b742dc56af999d6b",
      "name": "historical_p114_replay",
      "receipt_path": "results/quality/p116/historical_p114_replay.json",
      "receipt_sha256": "ae75e27b8ef0636d29c228e11aa6754f56d3d50ff4a412e47ca4edcc66a1f11c",
      "resources": {
        "cgroup_limits": {
          "cpu.max": "200000 100000",
          "memory.max": "6442450944",
          "memory.swap.max": "0",
          "pids.max": "128"
        },
        "cgroup_path": "/user.slice/user-1000.slice/user@1000.service/app.slice/run-p1239189-i9642233.scope",
        "environment": {
          "CARGO_BUILD_JOBS": "1",
          "RAYON_NUM_THREADS": "2",
          "RUST_TEST_THREADS": "1"
        },
        "platform": "linux",
        "tmpdir": {
          "filesystem": "ext4",
          "mount_point": "/",
          "path": "target/preflight-tmp"
        }
      }
    },
    "historical_p115_replay": {
      "argv": [
        "python3",
        "controls/check_p115_history.py"
      ],
      "exit_code": 0,
      "log_path": "results/quality/p116/historical_p115_replay.log",
      "log_sha256": "a8405fc946aa07f744a860e8533c57b5c3c18848c3605a8d50fb836009c90899",
      "name": "historical_p115_replay",
      "receipt_path": "results/quality/p116/historical_p115_replay.json",
      "receipt_sha256": "4cb17142e6f4273c67d1b9d724d1b816f1d91473d26067956beaa7f7ce3984f6",
      "resources": {
        "cgroup_limits": {
          "cpu.max": "200000 100000",
          "memory.max": "6442450944",
          "memory.swap.max": "0",
          "pids.max": "128"
        },
        "cgroup_path": "/user.slice/user-1000.slice/user@1000.service/app.slice/run-p1241433-i9631229.scope",
        "environment": {
          "CARGO_BUILD_JOBS": "1",
          "RAYON_NUM_THREADS": "2",
          "RUST_TEST_THREADS": "1"
        },
        "platform": "linux",
        "tmpdir": {
          "filesystem": "ext4",
          "mount_point": "/",
          "path": "target/preflight-tmp"
        }
      }
    },
    "p105_child_lifecycle_regressions": {
      "argv": [
        "python3",
        "controls/test_p105_children.py"
      ],
      "exit_code": 0,
      "log_path": "results/quality/p116/p105_child_lifecycle_regressions.log",
      "log_sha256": "0143566113177c34c01617619f7684529a6fabf297c6f757c0b478e5b4602da2",
      "name": "p105_child_lifecycle_regressions",
      "receipt_path": "results/quality/p116/p105_child_lifecycle_regressions.json",
      "receipt_sha256": "9c8e325cc884c2f3f83a0a666d8450d618da80d71d45fe2250ed0026f1f8a21a",
      "resources": {
        "cgroup_limits": {
          "cpu.max": "200000 100000",
          "memory.max": "6442450944",
          "memory.swap.max": "0",
          "pids.max": "128"
        },
        "cgroup_path": "/user.slice/user-1000.slice/user@1000.service/app.slice/run-p1237671-i9627260.scope",
        "environment": {
          "CARGO_BUILD_JOBS": "1",
          "RAYON_NUM_THREADS": "2",
          "RUST_TEST_THREADS": "1"
        },
        "platform": "linux",
        "tmpdir": {
          "filesystem": "ext4",
          "mount_point": "/",
          "path": "target/preflight-tmp"
        }
      }
    },
    "p105_scientific_replay": {
      "argv": [
        "python3",
        "controls/check_p105.py",
        "--no-write"
      ],
      "exit_code": 0,
      "log_path": "results/quality/p116/p105_scientific_replay.log",
      "log_sha256": "a5eab8cdde178d49f9e1ffcffc95f95af52129eb77acafed2135d99a95f47b67",
      "name": "p105_scientific_replay",
      "receipt_path": "results/quality/p116/p105_scientific_replay.json",
      "receipt_sha256": "1555243b4f51f71d639b72d6b5ea6fdcfd14e673489eb106775228d4f8d437e8",
      "resources": {
        "cgroup_limits": {
          "cpu.max": "200000 100000",
          "memory.max": "6442450944",
          "memory.swap.max": "0",
          "pids.max": "128"
        },
        "cgroup_path": "/user.slice/user-1000.slice/user@1000.service/app.slice/run-p1252054-i9625084.scope",
        "environment": {
          "CARGO_BUILD_JOBS": "1",
          "RAYON_NUM_THREADS": "2",
          "RUST_TEST_THREADS": "1"
        },
        "platform": "linux",
        "tmpdir": {
          "filesystem": "ext4",
          "mount_point": "/",
          "path": "target/preflight-tmp"
        }
      }
    },
    "p107_scientific_replay": {
      "argv": [
        "python3",
        "controls/check_p107.py",
        "--no-write"
      ],
      "exit_code": 0,
      "log_path": "results/quality/p116/p107_scientific_replay.log",
      "log_sha256": "8c59c021d6c9268d82a4bb29624bb2bdae5682d9d436b89c6d5ed9d6d1a1b725",
      "name": "p107_scientific_replay",
      "receipt_path": "results/quality/p116/p107_scientific_replay.json",
      "receipt_sha256": "57d91395af46fb044246d9080904f96cbb23165d5d1dac244031b85906f2a463",
      "resources": {
        "cgroup_limits": {
          "cpu.max": "200000 100000",
          "memory.max": "6442450944",
          "memory.swap.max": "0",
          "pids.max": "128"
        },
        "cgroup_path": "/user.slice/user-1000.slice/user@1000.service/app.slice/run-p1252136-i9643800.scope",
        "environment": {
          "CARGO_BUILD_JOBS": "1",
          "RAYON_NUM_THREADS": "2",
          "RUST_TEST_THREADS": "1"
        },
        "platform": "linux",
        "tmpdir": {
          "filesystem": "ext4",
          "mount_point": "/",
          "path": "target/preflight-tmp"
        }
      }
    },
    "p108_scientific_replay": {
      "argv": [
        "python3",
        "controls/check_p108.py",
        "--no-write"
      ],
      "exit_code": 0,
      "log_path": "results/quality/p116/p108_scientific_replay.log",
      "log_sha256": "3afc5b535e3ad9bab18990c480e17028c0663a3fcbf734e34d4133588e695a34",
      "name": "p108_scientific_replay",
      "receipt_path": "results/quality/p116/p108_scientific_replay.json",
      "receipt_sha256": "1a0cd3b8b47921620e61d06d67e60ea3d63e59e9e6a6baec8bcbb1c05e9b87c1",
      "resources": {
        "cgroup_limits": {
          "cpu.max": "200000 100000",
          "memory.max": "6442450944",
          "memory.swap.max": "0",
          "pids.max": "128"
        },
        "cgroup_path": "/user.slice/user-1000.slice/user@1000.service/app.slice/run-p1252171-i9628984.scope",
        "environment": {
          "CARGO_BUILD_JOBS": "1",
          "RAYON_NUM_THREADS": "2",
          "RUST_TEST_THREADS": "1"
        },
        "platform": "linux",
        "tmpdir": {
          "filesystem": "ext4",
          "mount_point": "/",
          "path": "target/preflight-tmp"
        }
      }
    },
    "p110_scientific_replay": {
      "argv": [
        "python3",
        "controls/check_p110.py",
        "--no-write"
      ],
      "exit_code": 0,
      "log_path": "results/quality/p116/p110_scientific_replay.log",
      "log_sha256": "2987537e35dcdc70763eb73a86111296394078b6dd6cbec732f14281cb3c2f13",
      "name": "p110_scientific_replay",
      "receipt_path": "results/quality/p116/p110_scientific_replay.json",
      "receipt_sha256": "bfc7c297b57b6d1abd537e02de13acc4f474b3653534946cf69d13ef287eeb4d",
      "resources": {
        "cgroup_limits": {
          "cpu.max": "200000 100000",
          "memory.max": "6442450944",
          "memory.swap.max": "0",
          "pids.max": "128"
        },
        "cgroup_path": "/user.slice/user-1000.slice/user@1000.service/app.slice/run-p1252321-i9636243.scope",
        "environment": {
          "CARGO_BUILD_JOBS": "1",
          "RAYON_NUM_THREADS": "2",
          "RUST_TEST_THREADS": "1"
        },
        "platform": "linux",
        "tmpdir": {
          "filesystem": "ext4",
          "mount_point": "/",
          "path": "target/preflight-tmp"
        }
      }
    },
    "p111_scientific_replay": {
      "argv": [
        "python3",
        "controls/check_p111.py",
        "--no-write"
      ],
      "exit_code": 0,
      "log_path": "results/quality/p116/p111_scientific_replay.log",
      "log_sha256": "12f90e6b98502eba63db25b0f53073b30e9ba794924ad5b19f9fb255ac6fa62f",
      "name": "p111_scientific_replay",
      "receipt_path": "results/quality/p116/p111_scientific_replay.json",
      "receipt_sha256": "3de743cf7ff0c39c105d85ef82e88cbdd564cde5f29d8d89dc3681b76b357ce4",
      "resources": {
        "cgroup_limits": {
          "cpu.max": "200000 100000",
          "memory.max": "6442450944",
          "memory.swap.max": "0",
          "pids.max": "128"
        },
        "cgroup_path": "/user.slice/user-1000.slice/user@1000.service/app.slice/run-p1252683-i9643899.scope",
        "environment": {
          "CARGO_BUILD_JOBS": "1",
          "RAYON_NUM_THREADS": "2",
          "RUST_TEST_THREADS": "1"
        },
        "platform": "linux",
        "tmpdir": {
          "filesystem": "ext4",
          "mount_point": "/",
          "path": "target/preflight-tmp"
        }
      }
    },
    "p112_scientific_replay": {
      "argv": [
        "python3",
        "controls/check_p112.py",
        "--no-write"
      ],
      "exit_code": 0,
      "log_path": "results/quality/p116/p112_scientific_replay.log",
      "log_sha256": "ffe342777c33a7bada89105286856625060de9b868ae6981513598cc12c2f872",
      "name": "p112_scientific_replay",
      "receipt_path": "results/quality/p116/p112_scientific_replay.json",
      "receipt_sha256": "6bee740c581cd378172a68e3e6a6ff2eaaf42d44cbab7c5933d7f7fe8a1e62d6",
      "resources": {
        "cgroup_limits": {
          "cpu.max": "200000 100000",
          "memory.max": "6442450944",
          "memory.swap.max": "0",
          "pids.max": "128"
        },
        "cgroup_path": "/user.slice/user-1000.slice/user@1000.service/app.slice/run-p1253148-i9646452.scope",
        "environment": {
          "CARGO_BUILD_JOBS": "1",
          "RAYON_NUM_THREADS": "2",
          "RUST_TEST_THREADS": "1"
        },
        "platform": "linux",
        "tmpdir": {
          "filesystem": "ext4",
          "mount_point": "/",
          "path": "target/preflight-tmp"
        }
      }
    },
    "p113_history_regressions": {
      "argv": [
        "python3",
        "controls/test_p113_history.py"
      ],
      "exit_code": 0,
      "log_path": "results/quality/p116/p113_history_regressions.log",
      "log_sha256": "8fcf0ee705912ed332326e974b0f25c957302b24d27509202931a1556cf2ab9b",
      "name": "p113_history_regressions",
      "receipt_path": "results/quality/p116/p113_history_regressions.json",
      "receipt_sha256": "b6622dafa46204c9a2068a67daf68af1914d55da032c239f6b73c66498a593b7",
      "resources": {
        "cgroup_limits": {
          "cpu.max": "200000 100000",
          "memory.max": "6442450944",
          "memory.swap.max": "0",
          "pids.max": "128"
        },
        "cgroup_path": "/user.slice/user-1000.slice/user@1000.service/app.slice/run-p1234715-i9622963.scope",
        "environment": {
          "CARGO_BUILD_JOBS": "1",
          "RAYON_NUM_THREADS": "2",
          "RUST_TEST_THREADS": "1"
        },
        "platform": "linux",
        "tmpdir": {
          "filesystem": "ext4",
          "mount_point": "/",
          "path": "target/preflight-tmp"
        }
      }
    },
    "p114_history_regressions": {
      "argv": [
        "python3",
        "controls/test_p114_history.py"
      ],
      "exit_code": 0,
      "log_path": "results/quality/p116/p114_history_regressions.log",
      "log_sha256": "5b40119de7c7467d84cae48b923db85fcce04173527ea384437cf21b36e3526a",
      "name": "p114_history_regressions",
      "receipt_path": "results/quality/p116/p114_history_regressions.json",
      "receipt_sha256": "ca631b32c6946085d9d73680915a0ff7dd920db9898970a4091574f8a2a565a2",
      "resources": {
        "cgroup_limits": {
          "cpu.max": "200000 100000",
          "memory.max": "6442450944",
          "memory.swap.max": "0",
          "pids.max": "128"
        },
        "cgroup_path": "/user.slice/user-1000.slice/user@1000.service/app.slice/run-p1235388-i9613007.scope",
        "environment": {
          "CARGO_BUILD_JOBS": "1",
          "RAYON_NUM_THREADS": "2",
          "RUST_TEST_THREADS": "1"
        },
        "platform": "linux",
        "tmpdir": {
          "filesystem": "ext4",
          "mount_point": "/",
          "path": "target/preflight-tmp"
        }
      }
    },
    "p115_history_regressions": {
      "argv": [
        "python3",
        "controls/test_p115_history.py"
      ],
      "exit_code": 0,
      "log_path": "results/quality/p116/p115_history_regressions.log",
      "log_sha256": "9c7d32233b2c859694cf8b6827fa44da47d897fcb7ab012e27f426f06252f36c",
      "name": "p115_history_regressions",
      "receipt_path": "results/quality/p116/p115_history_regressions.json",
      "receipt_sha256": "a5516ba89522f886e86530108ff07d225b19aa6eecbba81464a0774321a92be6",
      "resources": {
        "cgroup_limits": {
          "cpu.max": "200000 100000",
          "memory.max": "6442450944",
          "memory.swap.max": "0",
          "pids.max": "128"
        },
        "cgroup_path": "/user.slice/user-1000.slice/user@1000.service/app.slice/run-p1237638-i9619804.scope",
        "environment": {
          "CARGO_BUILD_JOBS": "1",
          "RAYON_NUM_THREADS": "2",
          "RUST_TEST_THREADS": "1"
        },
        "platform": "linux",
        "tmpdir": {
          "filesystem": "ext4",
          "mount_point": "/",
          "path": "target/preflight-tmp"
        }
      }
    },
    "p116_oracle_regressions": {
      "argv": [
        "python3",
        "controls/test_p116_oracle.py"
      ],
      "exit_code": 0,
      "log_path": "results/quality/p116/p116_oracle_regressions.log",
      "log_sha256": "5fa769cf82eb2c407ee183680beef4f8d0dc757a9fb2fab81dcd3d39174a6797",
      "name": "p116_oracle_regressions",
      "receipt_path": "results/quality/p116/p116_oracle_regressions.json",
      "receipt_sha256": "8eacce7a4405ce706b532cd5ed14bdec0f3e59ca91700ca82d1f7c61891fbc69",
      "resources": {
        "cgroup_limits": {
          "cpu.max": "200000 100000",
          "memory.max": "6442450944",
          "memory.swap.max": "0",
          "pids.max": "128"
        },
        "cgroup_path": "/user.slice/user-1000.slice/user@1000.service/app.slice/run-p1177641-i9565982.scope",
        "environment": {
          "CARGO_BUILD_JOBS": "1",
          "RAYON_NUM_THREADS": "2",
          "RUST_TEST_THREADS": "1"
        },
        "platform": "linux",
        "tmpdir": {
          "filesystem": "ext4",
          "mount_point": "/",
          "path": "target/preflight-tmp"
        }
      }
    },
    "p116_seal_regressions": {
      "argv": [
        "python3",
        "controls/test_p116_seal.py"
      ],
      "exit_code": 0,
      "log_path": "results/quality/p116/p116_seal_regressions.log",
      "log_sha256": "2b70b63f61d25c202fcc969f2120b9a0eaebc713ce035acd298a430454dc85eb",
      "name": "p116_seal_regressions",
      "receipt_path": "results/quality/p116/p116_seal_regressions.json",
      "receipt_sha256": "9cf006d04dc5e37e02a88cdf414958e02dd6eed02f6f4eff4fb74b4462e382bf",
      "resources": {
        "cgroup_limits": {
          "cpu.max": "200000 100000",
          "memory.max": "6442450944",
          "memory.swap.max": "0",
          "pids.max": "128"
        },
        "cgroup_path": "/user.slice/user-1000.slice/user@1000.service/app.slice/run-p1180206-i9569896.scope",
        "environment": {
          "CARGO_BUILD_JOBS": "1",
          "RAYON_NUM_THREADS": "2",
          "RUST_TEST_THREADS": "1"
        },
        "platform": "linux",
        "tmpdir": {
          "filesystem": "ext4",
          "mount_point": "/",
          "path": "target/preflight-tmp"
        }
      }
    },
    "p116_verdict_regressions": {
      "argv": [
        "python3",
        "controls/test_p116_verdict.py"
      ],
      "exit_code": 0,
      "log_path": "results/quality/p116/p116_verdict_regressions.log",
      "log_sha256": "35b4472250deee3366eea17752a99fe8adb54d1eca8e0beba86d45aa03300219",
      "name": "p116_verdict_regressions",
      "receipt_path": "results/quality/p116/p116_verdict_regressions.json",
      "receipt_sha256": "82a8b3882dbe0f33336e90c06a8547def6e69203f974b4ad9ad25c23662c62b4",
      "resources": {
        "cgroup_limits": {
          "cpu.max": "200000 100000",
          "memory.max": "6442450944",
          "memory.swap.max": "0",
          "pids.max": "128"
        },
        "cgroup_path": "/user.slice/user-1000.slice/user@1000.service/app.slice/run-p1177668-i9576841.scope",
        "environment": {
          "CARGO_BUILD_JOBS": "1",
          "RAYON_NUM_THREADS": "2",
          "RUST_TEST_THREADS": "1"
        },
        "platform": "linux",
        "tmpdir": {
          "filesystem": "ext4",
          "mount_point": "/",
          "path": "target/preflight-tmp"
        }
      }
    },
    "release_build": {
      "argv": [
        "cargo",
        "build",
        "--release",
        "-p",
        "actinv-cli"
      ],
      "exit_code": 0,
      "log_path": "results/quality/p116/release_build.log",
      "log_sha256": "270d1956188977e71a281ab1f8b5a01456cac69c6f4cfc75f72a54009c1b4649",
      "name": "release_build",
      "receipt_path": "results/quality/p116/release_build.json",
      "receipt_sha256": "ec4986f3329dce746fbe8daf8729b1dc201e6f8c1658ddccd1f25cfcf1574008",
      "resources": {
        "cgroup_limits": {
          "cpu.max": "200000 100000",
          "memory.max": "6442450944",
          "memory.swap.max": "0",
          "pids.max": "128"
        },
        "cgroup_path": "/user.slice/user-1000.slice/user@1000.service/app.slice/run-p1179690-i9577132.scope",
        "environment": {
          "CARGO_BUILD_JOBS": "1",
          "RAYON_NUM_THREADS": "2",
          "RUST_TEST_THREADS": "1"
        },
        "platform": "linux",
        "tmpdir": {
          "filesystem": "ext4",
          "mount_point": "/",
          "path": "target/preflight-tmp"
        }
      }
    },
    "rust_fmt": {
      "argv": [
        "cargo",
        "fmt",
        "--all",
        "--",
        "--check"
      ],
      "exit_code": 0,
      "log_path": "results/quality/p116/rust_fmt.log",
      "log_sha256": "d089e3fd1b6af72738fef9c8184fde8091a1e32d01cca07029facb83bbf17ea1",
      "name": "rust_fmt",
      "receipt_path": "results/quality/p116/rust_fmt.json",
      "receipt_sha256": "059aa108a9b89bbc2cbe81e5958dea37bf4027743d28328210a7fc37d644a6a7",
      "resources": {
        "cgroup_limits": {
          "cpu.max": "200000 100000",
          "memory.max": "6442450944",
          "memory.swap.max": "0",
          "pids.max": "128"
        },
        "cgroup_path": "/user.slice/user-1000.slice/user@1000.service/app.slice/run-p1177761-i9554661.scope",
        "environment": {
          "CARGO_BUILD_JOBS": "1",
          "RAYON_NUM_THREADS": "2",
          "RUST_TEST_THREADS": "1"
        },
        "platform": "linux",
        "tmpdir": {
          "filesystem": "ext4",
          "mount_point": "/",
          "path": "target/preflight-tmp"
        }
      }
    },
    "workspace_check": {
      "argv": [
        "cargo",
        "check",
        "--workspace",
        "--all-targets",
        "--all-features"
      ],
      "exit_code": 0,
      "log_path": "results/quality/p116/workspace_check.log",
      "log_sha256": "c6a0ea85a98afe3bfd9e52324c0f8e9bd1664dba9afc3d25c358a4297a7a7d46",
      "name": "workspace_check",
      "receipt_path": "results/quality/p116/workspace_check.json",
      "receipt_sha256": "f60d75630c570aed67d41f75beaac86b1832f07f09b56153cd55da59749a16a3",
      "resources": {
        "cgroup_limits": {
          "cpu.max": "200000 100000",
          "memory.max": "6442450944",
          "memory.swap.max": "0",
          "pids.max": "128"
        },
        "cgroup_path": "/user.slice/user-1000.slice/user@1000.service/app.slice/run-p1177794-i9554665.scope",
        "environment": {
          "CARGO_BUILD_JOBS": "1",
          "RAYON_NUM_THREADS": "2",
          "RUST_TEST_THREADS": "1"
        },
        "platform": "linux",
        "tmpdir": {
          "filesystem": "ext4",
          "mount_point": "/",
          "path": "target/preflight-tmp"
        }
      }
    },
    "workspace_clippy": {
      "argv": [
        "cargo",
        "clippy",
        "--workspace",
        "--all-targets",
        "--all-features",
        "--",
        "-D",
        "warnings"
      ],
      "exit_code": 0,
      "log_path": "results/quality/p116/workspace_clippy.log",
      "log_sha256": "f0a54df55b91fa4984629f70a0c8ddc2125c57b02387826d4236d2b078410b3d",
      "name": "workspace_clippy",
      "receipt_path": "results/quality/p116/workspace_clippy.json",
      "receipt_sha256": "c2932bd7bf8719bd6cea211fc2556e00b178d3a2f4506c0f0d1a138e70d59505",
      "resources": {
        "cgroup_limits": {
          "cpu.max": "200000 100000",
          "memory.max": "6442450944",
          "memory.swap.max": "0",
          "pids.max": "128"
        },
        "cgroup_path": "/user.slice/user-1000.slice/user@1000.service/app.slice/run-p1177874-i9562567.scope",
        "environment": {
          "CARGO_BUILD_JOBS": "1",
          "RAYON_NUM_THREADS": "2",
          "RUST_TEST_THREADS": "1"
        },
        "platform": "linux",
        "tmpdir": {
          "filesystem": "ext4",
          "mount_point": "/",
          "path": "target/preflight-tmp"
        }
      }
    },
    "workspace_tests": {
      "argv": [
        "cargo",
        "test",
        "--workspace",
        "--all-targets",
        "--all-features"
      ],
      "exit_code": 0,
      "log_path": "results/quality/p116/workspace_tests.log",
      "log_sha256": "12730ded6429777add3349e958a2abd14fd355eac3c29ba2ecdcb0fcb754e998",
      "name": "workspace_tests",
      "receipt_path": "results/quality/p116/workspace_tests.json",
      "receipt_sha256": "422fd1bf54c9bdfa91e94568ab7105f1016cef95487651ceba4ca104ecbc2f96",
      "resources": {
        "cgroup_limits": {
          "cpu.max": "200000 100000",
          "memory.max": "6442450944",
          "memory.swap.max": "0",
          "pids.max": "128"
        },
        "cgroup_path": "/user.slice/user-1000.slice/user@1000.service/app.slice/run-p1177943-i9573772.scope",
        "environment": {
          "CARGO_BUILD_JOBS": "1",
          "RAYON_NUM_THREADS": "2",
          "RUST_TEST_THREADS": "1"
        },
        "platform": "linux",
        "tmpdir": {
          "filesystem": "ext4",
          "mount_point": "/",
          "path": "target/preflight-tmp"
        }
      }
    }
  },
  "current_rust_matches_p116": true,
  "current_rust_sha256": {
    "crates/actinv-cli/src/assimilate.rs": "b0f78a7666b9752c35948029d02cd52cd03a8b9596566a425b5512f30bd72237",
    "crates/actinv-cli/src/bin/actinv.rs": "1b47334f832ba5a39dfb16cd01f108c1ddc7926c89506cdadd13c9d75b16b78e",
    "crates/actinv-cli/src/budget.rs": "fa7627d38648f8808006894309b3c3c1ad5e93c7ccef74604ff013eb8ba8455c",
    "crates/actinv-cli/src/command.rs": "6049aa941b749bd18f5dc4851304492f0db920ff5ded1e7de941b582f0df85d5",
    "crates/actinv-cli/src/decide.rs": "f94367b7bff4b23b0db198c08e8894b06e17b5fc1b43d01fe4a7a5cd78ce35e2",
    "crates/actinv-cli/src/evalspread.rs": "dd9d19b9f71194417bc089ecb995d73cc631970c02305340999beb5fec8db59c",
    "crates/actinv-cli/src/lib.rs": "192fe4ad229d242dc07d5bf6378f54fdec4d09c0a1ea04161320dba7199dbe71",
    "crates/actinv-cli/src/optimize.rs": "7d4f384ac0075b5246757fe30fe53c6efd023da3ba11f54c77d95a7037830c28",
    "crates/actinv-cli/src/surrogate.rs": "4f5170c98d54041561921d33223ad8568fa212b2d68ebf5b832f54288786740c",
    "crates/actinv-cli/src/twin.rs": "ce6088b610747b49bf7f56a037f4a003d1927bd6efc3dfe37b449cf66e880e61",
    "crates/actinv-cli/src/twin_waste.rs": "e125e4a03e44d4175d9c82a10cd143888aecdcdf97084a2f2a5c92bd73416d5b",
    "crates/actinv-cli/src/waste.rs": "18acc9564e52f5286f33a4b6edc33c0a00ee5ba903f0c3bcb031d92568ff8c15",
    "crates/actinv-cli/src/waste_bounds.rs": "86e3199305a8a8526bfd95dbdedb587de932118d9a71027884ebb215801315e4",
    "crates/actinv-cli/src/waste_budget.rs": "23a41809157ce20357d4a0b4cdf805f79ba83aed28e8ca437f3262da68c162da",
    "crates/actinv-cli/src/waste_composition.rs": "5f24307f0b6674dff0a692bfe74dd694c025e151e12c77640b6d102ed5e3cb30",
    "crates/actinv-cli/src/waste_composition_solve.rs": "bacb623a8229cc4f86b3c5fe3f76a89c3c5c99f1cc364cdbaa5e8f1a7eafc569",
    "crates/actinv-cli/src/waste_composition_verify.rs": "363ae16501e33ff002db3afe5d12e76f39168cf516472350e59779fe2442a1b0",
    "crates/actinv-cli/src/waste_intrusion.rs": "32fd0c623960581995bea73744fadd52c07f1f3d0e9b7d9cbe03a03edfe1688c",
    "crates/actinv-cli/src/worker.rs": "1e99fbd1109027fbb2587686c9fcbbee1c8805bfe45134888181f40e252f4d51",
    "crates/actinv-cli/src/workflow.rs": "d5b166fe18acf3332c110a405097642dc6037f517a9373c5631b576589135edd",
    "crates/actinv-cli/tests/data_command.rs": "d88714714fb240cca43c69b78652a0473b363f3a394c53500fb2e4dd047e9cf4",
    "crates/actinv-cli/tests/validation.rs": "4ce61a0b0447bf63bef9d89403c16e0bfaa281c68c96340aaac82b572f5b69ee",
    "crates/actinv-cli/tests/version.rs": "d821ad302a2fa82e0ce91e9aae194c42488d05b71b2453d40c8d683b3ad8c3a1",
    "crates/actinv-core/examples/p92_balance.rs": "129fcd87769fdd9cf208940ed4115e2a1b36f5a82e60ba1df2e219ab12f53917",
    "crates/actinv-core/src/bin/cache_probe.rs": "ade32188ff57bb40e9f763a59a2c33e3f7b447779a0fb3495b5257472609ae03",
    "crates/actinv-core/src/bin/cram_probe.rs": "27dbf073400a7ad3afb64f913fa809951eb800d0de3f8f11688606a1c2f64943",
    "crates/actinv-core/src/bin/fission_probe.rs": "ea3e12d69ed22100717638e89c8573e4a850f3ce7671c8aa34a0fe34d2d1f49c",
    "crates/actinv-core/src/bin/flux_probe.rs": "a55ee49f8d0544fc05fec3e6d1ec5363de814db041b298087aeeb983362899b3",
    "crates/actinv-core/src/bin/parser_fuzz_probe.rs": "520cbeebb16e0cd289992f32dc7e302b3abfb459f5a1faf88946f23e42c53146",
    "crates/actinv-core/src/bin/photon_probe.rs": "abc4a8dff5025eceb8a7bad5aead22763961e3208b8b693ad0e99bca2f9cc66c",
    "crates/actinv-core/src/bin/prepared_probe.rs": "b5df928a0dc4ade085d8d3c8d5a03cadb61c9aebd6f2befef1f6214228723582",
    "crates/actinv-core/src/bin/uncertainty_probe.rs": "a95e9328bfe93b23db3134930b2a0a8cedfcd0e076f6784bd5bc403151b93798",
    "crates/actinv-core/src/bin/unit_probe.rs": "81eba337cb1d0e7c2ae060de43b21b989936dd2106a17db5ef5af8d6526e1a0f",
    "crates/actinv-core/src/chain.rs": "6c6a77f00e8c3a832e5c4b4c006cf78b3f1402c1530621b685b2f468e0862b23",
    "crates/actinv-core/src/clearance.rs": "d6a725cea709c2eb48ecfe1716e02d0c64f265451c387adc49dc2be9b15b74d8",
    "crates/actinv-core/src/cram.rs": "79f13e05c2111f1dae06f5069bcc569939f0d3c55d6456b4d6cba5fb5e474cba",
    "crates/actinv-core/src/cram_coeffs.rs": "ad87f5e6af18c6b4c4a0bb79d93d6530d7e45ae521e8521080f6106ca3b847a9",
    "crates/actinv-core/src/damage.rs": "d005ca5ab2b6d127002d903c504a95241a7e8b562a30742779d8e54aabbb1b37",
    "crates/actinv-core/src/doppler.rs": "92e693b957514a6889a5e4bde3182f498385289c306fd0d03becf572a2cd8c6f",
    "crates/actinv-core/src/finite.rs": "a14163d327d3792e1936a18e5cae84f8cfa2ac57b8d083a747b588e56c9e6a2f",
    "crates/actinv-core/src/flux.rs": "303429ede4c69afccf05e347dbe820f241c623a70cad4b43356c349528f940dd",
    "crates/actinv-core/src/gas.rs": "f358759dc25c7bb42d81006074a2f0b8ef679c0623725a3eef85cbe1bccbf6d4",
    "crates/actinv-core/src/lib.rs": "3fb7ac6b8c9a7380a0f3b1809303f288720d55b0d77d293c693acc833c368ef0",
    "crates/actinv-core/src/mesh.rs": "f27b3774c6de095eaf1179da86c85575defcfd42d6b6af24ce41ba73d10a6e89",
    "crates/actinv-core/src/photon.rs": "39cb950426d3eb528e0695ef1c87af865f155bf999b545d3452ad81241d1e728",
    "crates/actinv-core/src/prune.rs": "f243c865a425bb35b5f71978148a422a52945bd1d06b857369c3ea7f26a74435",
    "crates/actinv-core/src/quantity.rs": "ff87d2bcbd3efef668bc9563240e1bcc27072e466d39659dab1a2525950e46d9",
    "crates/actinv-core/src/r2s.rs": "f511d47d3fd36c6df5ab8b0aad85b31b010d2add9113611022a0b78baf9b5db4",
    "crates/actinv-core/src/radiological.rs": "0de7344850fbea048f2690a609d0f1fc8dd8205e8dedd3bc2684b157d99372a2",
    "crates/actinv-core/src/reverse.rs": "0539da50e2eac494d0e0aacff9c7f1f5a254b098e5cba338da53633ee9a5113a",
    "crates/actinv-core/src/run.rs": "9fccfee575f1ddfad229a7e7d225150f10f4e8aa776cc2e6e748850b9c558eb7",
    "crates/actinv-core/src/shielding.rs": "0ebf3068ace5641afe5fa4034eca7c12a8914d3d7f3760606007fbceda93c21e",
    "crates/actinv-core/src/source_adapter.rs": "f5d25dc6e3e471873e5fbc07c267269eb6da6d940587a6c36ca28635f1922e5f",
    "crates/actinv-core/src/sparse.rs": "0ab2864aacdfb87a2522132df003c00388ce2cd0e49a445ed4c87f67c99f0fbc",
    "crates/actinv-core/src/spec.rs": "7ae5c4c8b2b3adcf75ec7a8b9457b276b06a8e79816e66be33c43c145b2df480",
    "crates/actinv-core/src/study.rs": "eaece838acf380190719c9157dfad1d1fd3538b7f8c62bacc1120c11550a3226",
    "crates/actinv-core/src/uncertainty.rs": "fc680cbc0d3aeb479867c6c9ef86b7e33f6fb03642062172d7350c9c4606f8a5",
    "crates/actinv-core/src/waste.rs": "3ed8bb1d468cc19b1fb12dfe17d64065e00ddbfa5f47936e2b6cf638a6cbb607",
    "crates/actinv-core/src/waste_bounds.rs": "be9e39811dd496fc2622c5412beba3f5548f8153723a283f872815e652888d7f",
    "crates/actinv-core/src/waste_composition.rs": "de783f5d4eb301e8846839d9e54c9ba3da68824c1e85f7e020cef64bcace2f3c",
    "crates/actinv-core/src/waste_intrusion.rs": "efd2a4aa216652e627f70f854b9bff400228c4dd8cdfeb1070d11ab9841aaed6",
    "crates/actinv-data/src/activation.rs": "4a977463891ed236c6ab73cce785f1e70c2362fc4103934239f900d7ed2820c9",
    "crates/actinv-data/src/bin/dump.rs": "6faac1a95a31f3a6f2f7d0dc29fafcabd36768737070580c3e6e12f47d2d0464",
    "crates/actinv-data/src/bin/p18_corpus_probe.rs": "4f7afb6c2b4e388596f235f05d63555d03d573d18061e17463c863cdda0aa9e8",
    "crates/actinv-data/src/bin/p18b_corpus_probe.rs": "8dcf50a0b11631db0877e30be9397750b0b4c64eb3435ad601b2f753939effef",
    "crates/actinv-data/src/bin/p18b_oracle_probe.rs": "558b6ed1e6c1689196b0fe8b1467bd122a44113869e0754614f286b0d38bb66a",
    "crates/actinv-data/src/bin/p20_collapse_probe.rs": "570eaa5c84956e3aa0c96d0c7fb684ba3fa8174c18b7a1ec392497fa1927bf56",
    "crates/actinv-data/src/bin/p20_corpus_probe.rs": "fa5a5d5a1cd0f73f79aa83fa7f2907ce431b0e1c425075cd86bfe6f8a1361e1b",
    "crates/actinv-data/src/bin/prepared_data_probe.rs": "446faa941069cc65c28a35d331197fc6865b5f0e6e8163c9d7fcf55e57685366",
    "crates/actinv-data/src/builder.rs": "4d86b97ae1dde51c6ce6590f980e77bb19786b891da4080596ccc4dafa111ff8",
    "crates/actinv-data/src/composition.rs": "584399c14c25b24db09311622696bd2e5691dd3045cbaec0ce406ba1fefbf024",
    "crates/actinv-data/src/covariance.rs": "6165db1e3338634fb9320a1b22988836e8f16d68b47bd732715238886c9a26d4",
    "crates/actinv-data/src/decay.rs": "4be7dff38361d3e28775ed387b6cd8553768fbac69eea518176a3ffa23b385cf",
    "crates/actinv-data/src/doppler.rs": "8c9a0ef4a16ea5a54f14f087e9c66a258e7f1d9bee51f49b891318b958e89588",
    "crates/actinv-data/src/endf.rs": "53d7df649c930efa373c97127c817df9a0c1c712c60d97b409a5bd509282e252",
    "crates/actinv-data/src/fission.rs": "f2e4dce7d2bc566cbf5c32cf68b0fe3007f2b722b65eeecad17f2d81661b2011",
    "crates/actinv-data/src/groups.rs": "3c331b49d8464947c27fb8299152d4faa7658f18c658a476e416eaf08296e0f3",
    "crates/actinv-data/src/lib.rs": "91567ccc466c91bb10866f82545b1b929eeefa008a19920075cfe8f0bf669018",
    "crates/actinv-data/src/library.rs": "f1f80249839874ce695f530f662182663f888e87949d8aaeca8638ae5326c871",
    "crates/actinv-data/src/normalize.rs": "7041f7a53856f6409ac8d95fd44f683a5c18f496537339668d1953bd49261e6d",
    "crates/actinv-data/src/prepared.rs": "43bc4ea5590a4069fb5b503b798222a661a9c14718727bfddd77c55366414762",
    "crates/actinv-data/src/processing.rs": "b80de2abfc574df37e79db771aa164a754d3bad62c8fc2205b732609376b9700",
    "crates/actinv-data/src/resonance.rs": "8ad5bdfae5acaf6083729c2e4161c7e1f8c584cabf6c6ddc0d57d8b63edf1b54",
    "crates/actinv-data/src/shielding.rs": "b5596655068fd267e3422f60ea77ab69857d68cd6b3b4f8556dc084f041b98cc",
    "crates/actinv-data/src/tables.rs": "888923a68d6a7841c75883615f7cc738fc4a06ca5ec4f1e13ce3ea9146146d2f",
    "crates/actinv-gui/build.rs": "ba3dad3e79ca77e324554f943598000c523e4d777c4190b1682926d37bba8ab6",
    "crates/actinv-gui/src/app.rs": "866620532f9eea91b35af5587ac9b7453cf6a4fc546a753c9c6e3e3bad52366d",
    "crates/actinv-gui/src/capture.rs": "b5bfdb71a16a36b954d52770c8ce0258f961c89d41ee9f8a3a95c7dae30dfc9e",
    "crates/actinv-gui/src/lib.rs": "a25925117a2fe9daf1f6e7692750004c90ebbf4a273993af149cf8f822e91f9f",
    "crates/actinv-gui/src/main.rs": "b7ef2af84b0ee8b6131803590a421027375c821220611557b6d17f87795d93c6",
    "crates/actinv-gui/src/model.rs": "a2b345b2da356ed5953c8830f94e183c6d563b33c88b477f01e27ea93ce67764",
    "crates/actinv-gui/src/options.rs": "0d9a2fcdd592060a5b8a5ee3e71822af940fb18fbfa2d51600c554815528d0e4",
    "crates/actinv-gui/src/smoke.rs": "580f83ada2dd1d061f2e162b62a540a980ef813716c0f0a8f094deba7eb19e0d",
    "crates/actinv-gui/src/sweep.rs": "7b4d57895ef1d06348f1dd1411fe94f3c80cc76fa7b56d62453301813f63443c",
    "crates/actinv-gui/src/tour.rs": "0869eb3e7b2e0d8468a4708484d173905d56b979f3cfe21eb20b9d5613225685",
    "crates/actinv-gui/src/transport.rs": "6b3fd8795175e8b95be412719615e6018752353ea6dc30271d68966d01088a43",
    "crates/actinv-gui/src/visuals.rs": "35842c494d2e654999d1e065cbcbf1e833e8d63f1c46004924c40cc345eafe25",
    "crates/actinv-gui/src/web.rs": "6d6a672fc17c024234adc6fa887876131e5fdec8d5b33ca43d94fa868e86ca84",
    "crates/actinv-gui/src/web_app.rs": "5644807412fbe51d0e381d6be5e9b314f420088f629ab82ab2f5e7b665da30b9",
    "crates/actinv-gui/src/worker.rs": "cbc1185941ba34139062108560d2ab8931c94c24ac7281e9c86bc022dd4c7d0a"
  },
  "failures": [],
  "fresh_gate_names": [
    "fns_diagnosis",
    "fns_regressions",
    "fns_science",
    "full_read_only_replay",
    "g0_replay",
    "g0_seal",
    "g1",
    "g2",
    "native_data_fetch",
    "p116_history_regressions",
    "p116_history_replay",
    "p117_regressions",
    "p117_verdict_regressions",
    "recorder_regressions",
    "rust_fmt",
    "seed_local_verify",
    "seed_offline_install",
    "seed_regressions",
    "seed_release_download"
  ],
  "fresh_gates": {
    "fns_diagnosis": {
      "argv": [
        "python3",
        "controls/fns_iron_diagnose.py",
        "--data-root",
        "target/p117-fns-data",
        "--baseline",
        "target/p117-fns-run",
        "--output",
        "target/p117-fns-run/diagnosis"
      ],
      "exit_code": 0,
      "log_path": "results/quality/p117/fns_diagnosis.log",
      "log_sha256": "84faf79ea53f2b08d095be325a71458200cf6b84f33785bdbb926b167c9d6f18",
      "name": "fns_diagnosis",
      "receipt_path": "results/quality/p117/fns_diagnosis.json",
      "receipt_sha256": "9dfd2f15399ebfb77f8674797c4b786579cce53d0bc530f8fb811fe0b8087fed",
      "resources": {
        "cgroup_limits": {
          "cpu.max": "200000 100000",
          "memory.max": "6442450944",
          "memory.swap.max": "0",
          "pids.max": "128"
        },
        "cgroup_path": "/user.slice/user-1000.slice/user@1000.service/app.slice/run-p1574124-i9952460.scope",
        "environment": {
          "CARGO_BUILD_JOBS": "1",
          "RAYON_NUM_THREADS": "2",
          "RUST_TEST_THREADS": "1"
        },
        "platform": "linux",
        "tmpdir": {
          "filesystem": "ext4",
          "mount_point": "/",
          "path": "target/preflight-tmp"
        }
      }
    },
    "fns_regressions": {
      "argv": [
        "python3",
        "-m",
        "unittest",
        "discover",
        "-s",
        "controls",
        "-p",
        "test_fns_iron*.py"
      ],
      "exit_code": 0,
      "log_path": "results/quality/p117/fns_regressions.log",
      "log_sha256": "cfac0c82abe32517343767efaee85ed2aae9139d511ec435456c2b051e8ec1db",
      "name": "fns_regressions",
      "receipt_path": "results/quality/p117/fns_regressions.json",
      "receipt_sha256": "a533550ac4595a2425a5170c495aa7cff46c7490aebe60461879ec6e13539cc7",
      "resources": {
        "cgroup_limits": {
          "cpu.max": "200000 100000",
          "memory.max": "6442450944",
          "memory.swap.max": "0",
          "pids.max": "128"
        },
        "cgroup_path": "/user.slice/user-1000.slice/user@1000.service/app.slice/run-p1573291-i9963947.scope",
        "environment": {
          "CARGO_BUILD_JOBS": "1",
          "RAYON_NUM_THREADS": "2",
          "RUST_TEST_THREADS": "1"
        },
        "platform": "linux",
        "tmpdir": {
          "filesystem": "ext4",
          "mount_point": "/",
          "path": "target/preflight-tmp"
        }
      }
    },
    "fns_science": {
      "argv": [
        "python3",
        "controls/fns_iron.py",
        "--data-root",
        "target/p117-fns-data",
        "--output",
        "target/p117-fns-run"
      ],
      "exit_code": 0,
      "log_path": "results/quality/p117/fns_science.log",
      "log_sha256": "156efe3b7d5703abd8a9e574bf48902abb9b039d25df0960d096aa1caa77e960",
      "name": "fns_science",
      "receipt_path": "results/quality/p117/fns_science.json",
      "receipt_sha256": "708c9c0ff7eb8b7ad7ba480be1896e23e80bf1b6a64c9a889a185322558e37fe",
      "resources": {
        "cgroup_limits": {
          "cpu.max": "200000 100000",
          "memory.max": "6442450944",
          "memory.swap.max": "0",
          "pids.max": "128"
        },
        "cgroup_path": "/user.slice/user-1000.slice/user@1000.service/app.slice/run-p1573423-i9955836.scope",
        "environment": {
          "CARGO_BUILD_JOBS": "1",
          "RAYON_NUM_THREADS": "2",
          "RUST_TEST_THREADS": "1"
        },
        "platform": "linux",
        "tmpdir": {
          "filesystem": "ext4",
          "mount_point": "/",
          "path": "target/preflight-tmp"
        }
      }
    },
    "full_read_only_replay": {
      "argv": [
        "python3",
        "controls/check_p117.py",
        "--no-write"
      ],
      "exit_code": 0,
      "log_path": "results/quality/p117/full_read_only_replay.log",
      "log_sha256": "419dca407a7d59a114d706b3c9099ca5c0df745725602066269e991045e307b0",
      "name": "full_read_only_replay",
      "receipt_path": "results/quality/p117/full_read_only_replay.json",
      "receipt_sha256": "e446e4dc045c5277c8636baf8e7a90e0d605ec5fa2a70eb26009b57e934e980d",
      "resources": {
        "cgroup_limits": {
          "cpu.max": "200000 100000",
          "memory.max": "6442450944",
          "memory.swap.max": "0",
          "pids.max": "128"
        },
        "cgroup_path": "/user.slice/user-1000.slice/user@1000.service/app.slice/run-p1753895-i10136085.scope",
        "environment": {
          "CARGO_BUILD_JOBS": "1",
          "RAYON_NUM_THREADS": "2",
          "RUST_TEST_THREADS": "1"
        },
        "platform": "linux",
        "tmpdir": {
          "filesystem": "ext4",
          "mount_point": "/",
          "path": "target/preflight-tmp"
        }
      }
    },
    "g0_replay": {
      "argv": [
        "python3",
        "controls/check_p117.py",
        "--g0-only",
        "--no-write"
      ],
      "exit_code": 0,
      "log_path": "results/quality/p117/g0_replay.log",
      "log_sha256": "36a6ed29f40ccedd40f2fd4621f365efadbd98de9e22c22b1dc6f4d7b0c2ec1d",
      "name": "g0_replay",
      "receipt_path": "results/quality/p117/g0_replay.json",
      "receipt_sha256": "3b4aa11dad99d0692d7fc90c4fc04fc56080b6913e73743b9471e939a185e226",
      "resources": {
        "cgroup_limits": {
          "cpu.max": "200000 100000",
          "memory.max": "6442450944",
          "memory.swap.max": "0",
          "pids.max": "128"
        },
        "cgroup_path": "/user.slice/user-1000.slice/user@1000.service/app.slice/run-p1670349-i10064454.scope",
        "environment": {
          "CARGO_BUILD_JOBS": "1",
          "RAYON_NUM_THREADS": "2",
          "RUST_TEST_THREADS": "1"
        },
        "platform": "linux",
        "tmpdir": {
          "filesystem": "ext4",
          "mount_point": "/",
          "path": "target/preflight-tmp"
        }
      }
    },
    "g0_seal": {
      "argv": [
        "python3",
        "controls/check_p117.py",
        "--g0-only"
      ],
      "exit_code": 0,
      "log_path": "results/quality/p117/g0_seal.log",
      "log_sha256": "36a6ed29f40ccedd40f2fd4621f365efadbd98de9e22c22b1dc6f4d7b0c2ec1d",
      "name": "g0_seal",
      "receipt_path": "results/quality/p117/g0_seal.json",
      "receipt_sha256": "d0b10a275d2562f501e11b4431b75f247837e794ca4fda88ef845fc063b8bf6c",
      "resources": {
        "cgroup_limits": {
          "cpu.max": "200000 100000",
          "memory.max": "6442450944",
          "memory.swap.max": "0",
          "pids.max": "128"
        },
        "cgroup_path": "/user.slice/user-1000.slice/user@1000.service/app.slice/run-p1630568-i10020421.scope",
        "environment": {
          "CARGO_BUILD_JOBS": "1",
          "RAYON_NUM_THREADS": "2",
          "RUST_TEST_THREADS": "1"
        },
        "platform": "linux",
        "tmpdir": {
          "filesystem": "ext4",
          "mount_point": "/",
          "path": "target/preflight-tmp"
        }
      }
    },
    "g1": {
      "argv": [
        "python3",
        "controls/check_p117.py",
        "--g1-only"
      ],
      "exit_code": 0,
      "log_path": "results/quality/p117/g1.log",
      "log_sha256": "ed2b30cafe1832cb54d8dd826f2883960710aa66bf4a428e18bba16d59d44c83",
      "name": "g1",
      "receipt_path": "results/quality/p117/g1.json",
      "receipt_sha256": "5b5ec0ce31748fee7ab6913fb373f9927e8c6b69e6403f99d6849cb88d24ec0c",
      "resources": {
        "cgroup_limits": {
          "cpu.max": "200000 100000",
          "memory.max": "6442450944",
          "memory.swap.max": "0",
          "pids.max": "128"
        },
        "cgroup_path": "/user.slice/user-1000.slice/user@1000.service/app.slice/run-p1713785-i10102353.scope",
        "environment": {
          "CARGO_BUILD_JOBS": "1",
          "RAYON_NUM_THREADS": "2",
          "RUST_TEST_THREADS": "1"
        },
        "platform": "linux",
        "tmpdir": {
          "filesystem": "ext4",
          "mount_point": "/",
          "path": "target/preflight-tmp"
        }
      }
    },
    "g2": {
      "argv": [
        "python3",
        "controls/check_p117.py",
        "--g2-only"
      ],
      "exit_code": 0,
      "log_path": "results/quality/p117/g2.log",
      "log_sha256": "6c0bb81ccb5da0be760c6fa2834a098f202aa8cdfc66b4a4d56ea492446ed8fc",
      "name": "g2",
      "receipt_path": "results/quality/p117/g2.json",
      "receipt_sha256": "6d2047dc2230a6238bd683ae42f2c53bff98c8debad63db45c63b3ce41196735",
      "resources": {
        "cgroup_limits": {
          "cpu.max": "200000 100000",
          "memory.max": "6442450944",
          "memory.swap.max": "0",
          "pids.max": "128"
        },
        "cgroup_path": "/user.slice/user-1000.slice/user@1000.service/app.slice/run-p1714041-i10102372.scope",
        "environment": {
          "CARGO_BUILD_JOBS": "1",
          "RAYON_NUM_THREADS": "2",
          "RUST_TEST_THREADS": "1"
        },
        "platform": "linux",
        "tmpdir": {
          "filesystem": "ext4",
          "mount_point": "/",
          "path": "target/preflight-tmp"
        }
      }
    },
    "native_data_fetch": {
      "argv": [
        "target/release/actinv",
        "data",
        "fetch",
        "--output",
        "target/p117-fns-data"
      ],
      "exit_code": 0,
      "log_path": "results/quality/p117/native_data_fetch.log",
      "log_sha256": "88107b104d53a2a284e83e3267b610a3099abb0ee57619d46884ad3d680666a5",
      "name": "native_data_fetch",
      "receipt_path": "results/quality/p117/native_data_fetch.json",
      "receipt_sha256": "379e7c8516c03a4671a7866d8ea287674e3674acbab5b7563c6c9aa7eddc304d",
      "resources": {
        "cgroup_limits": {
          "cpu.max": "200000 100000",
          "memory.max": "6442450944",
          "memory.swap.max": "0",
          "pids.max": "128"
        },
        "cgroup_path": "/user.slice/user-1000.slice/user@1000.service/app.slice/run-p1572945-i9947218.scope",
        "environment": {
          "CARGO_BUILD_JOBS": "1",
          "RAYON_NUM_THREADS": "2",
          "RUST_TEST_THREADS": "1"
        },
        "platform": "linux",
        "tmpdir": {
          "filesystem": "ext4",
          "mount_point": "/",
          "path": "target/preflight-tmp"
        }
      }
    },
    "p116_history_regressions": {
      "argv": [
        "python3",
        "controls/test_p116_history.py"
      ],
      "exit_code": 0,
      "log_path": "results/quality/p117/p116_history_regressions.log",
      "log_sha256": "55ab2bd8b9aa66edbcd9d8999561057077a26826ca5705a1fc2e4930ea4823bb",
      "name": "p116_history_regressions",
      "receipt_path": "results/quality/p117/p116_history_regressions.json",
      "receipt_sha256": "599021b2531794470ec2ae6bebb196419e0638ce60176a54a1ca3ad84c7b95b6",
      "resources": {
        "cgroup_limits": {
          "cpu.max": "200000 100000",
          "memory.max": "6442450944",
          "memory.swap.max": "0",
          "pids.max": "128"
        },
        "cgroup_path": "/user.slice/user-1000.slice/user@1000.service/app.slice/run-p1490899-i9881318.scope",
        "environment": {
          "CARGO_BUILD_JOBS": "1",
          "RAYON_NUM_THREADS": "2",
          "RUST_TEST_THREADS": "1"
        },
        "platform": "linux",
        "tmpdir": {
          "filesystem": "ext4",
          "mount_point": "/",
          "path": "target/preflight-tmp"
        }
      }
    },
    "p116_history_replay": {
      "argv": [
        "python3",
        "controls/check_p116_history.py"
      ],
      "exit_code": 0,
      "log_path": "results/quality/p117/p116_history_replay.log",
      "log_sha256": "7031368e12cfa9646096339e1689714222ede34f5a8e9121ac03ad1053de27ba",
      "name": "p116_history_replay",
      "receipt_path": "results/quality/p117/p116_history_replay.json",
      "receipt_sha256": "19e31574d64cf6bd00ff68c6653c85b4e08808f274e22db9c5f5845e08ee35ae",
      "resources": {
        "cgroup_limits": {
          "cpu.max": "200000 100000",
          "memory.max": "6442450944",
          "memory.swap.max": "0",
          "pids.max": "128"
        },
        "cgroup_path": "/user.slice/user-1000.slice/user@1000.service/app.slice/run-p1532185-i9933047.scope",
        "environment": {
          "CARGO_BUILD_JOBS": "1",
          "RAYON_NUM_THREADS": "2",
          "RUST_TEST_THREADS": "1"
        },
        "platform": "linux",
        "tmpdir": {
          "filesystem": "ext4",
          "mount_point": "/",
          "path": "target/preflight-tmp"
        }
      }
    },
    "p117_regressions": {
      "argv": [
        "python3",
        "controls/test_p117.py"
      ],
      "exit_code": 0,
      "log_path": "results/quality/p117/p117_regressions.log",
      "log_sha256": "204a623af41f8ea2a78449e8a45586e50f9e5ac0c1d685675bc6648a147b2b08",
      "name": "p117_regressions",
      "receipt_path": "results/quality/p117/p117_regressions.json",
      "receipt_sha256": "c54212e043b5629148de5e697bcbe3df435723c9b44d9b146fd1c62a10bf2176",
      "resources": {
        "cgroup_limits": {
          "cpu.max": "200000 100000",
          "memory.max": "6442450944",
          "memory.swap.max": "0",
          "pids.max": "128"
        },
        "cgroup_path": "/user.slice/user-1000.slice/user@1000.service/app.slice/run-p1589430-i9969102.scope",
        "environment": {
          "CARGO_BUILD_JOBS": "1",
          "RAYON_NUM_THREADS": "2",
          "RUST_TEST_THREADS": "1"
        },
        "platform": "linux",
        "tmpdir": {
          "filesystem": "ext4",
          "mount_point": "/",
          "path": "target/preflight-tmp"
        }
      }
    },
    "p117_verdict_regressions": {
      "argv": [
        "python3",
        "controls/test_p117_verdict.py"
      ],
      "exit_code": 0,
      "log_path": "results/quality/p117/p117_verdict_regressions.log",
      "log_sha256": "5d4884b81ec2651a93f8cd3bebd625abebbd29c4fb58d07bd652ff3efb19dadc",
      "name": "p117_verdict_regressions",
      "receipt_path": "results/quality/p117/p117_verdict_regressions.json",
      "receipt_sha256": "57eef8850404010cac3c35bf96023ec7c903881a3cabe2b26f22f214cb6c5e34",
      "resources": {
        "cgroup_limits": {
          "cpu.max": "200000 100000",
          "memory.max": "6442450944",
          "memory.swap.max": "0",
          "pids.max": "128"
        },
        "cgroup_path": "/user.slice/user-1000.slice/user@1000.service/app.slice/run-p1630475-i10016390.scope",
        "environment": {
          "CARGO_BUILD_JOBS": "1",
          "RAYON_NUM_THREADS": "2",
          "RUST_TEST_THREADS": "1"
        },
        "platform": "linux",
        "tmpdir": {
          "filesystem": "ext4",
          "mount_point": "/",
          "path": "target/preflight-tmp"
        }
      }
    },
    "recorder_regressions": {
      "argv": [
        "python3",
        "scripts/test_run_p117_gate.py"
      ],
      "exit_code": 0,
      "log_path": "results/quality/p117/recorder_regressions.log",
      "log_sha256": "b91efdb61215905fdc6b3349177e1498f972ec8778b9875c7a790bae8fa10331",
      "name": "recorder_regressions",
      "receipt_path": "results/quality/p117/recorder_regressions.json",
      "receipt_sha256": "55572e6b0d8c91d17789971750fff37305e2c810e6e7116e69cd8cde100465af",
      "resources": {
        "cgroup_limits": {
          "cpu.max": "200000 100000",
          "memory.max": "6442450944",
          "memory.swap.max": "0",
          "pids.max": "128"
        },
        "cgroup_path": "/user.slice/user-1000.slice/user@1000.service/app.slice/run-p1484258-i9865990.scope",
        "environment": {
          "CARGO_BUILD_JOBS": "1",
          "RAYON_NUM_THREADS": "2",
          "RUST_TEST_THREADS": "1"
        },
        "platform": "linux",
        "tmpdir": {
          "filesystem": "ext4",
          "mount_point": "/",
          "path": "target/preflight-tmp"
        }
      }
    },
    "rust_fmt": {
      "argv": [
        "cargo",
        "fmt",
        "--all",
        "--",
        "--check"
      ],
      "exit_code": 0,
      "log_path": "results/quality/p117/rust_fmt.log",
      "log_sha256": "d089e3fd1b6af72738fef9c8184fde8091a1e32d01cca07029facb83bbf17ea1",
      "name": "rust_fmt",
      "receipt_path": "results/quality/p117/rust_fmt.json",
      "receipt_sha256": "b6b284d24730c2ef93b9609cc20c9ed4d0711533c6b082e1e5701620ff9b7fe3",
      "resources": {
        "cgroup_limits": {
          "cpu.max": "200000 100000",
          "memory.max": "6442450944",
          "memory.swap.max": "0",
          "pids.max": "128"
        },
        "cgroup_path": "/user.slice/user-1000.slice/user@1000.service/app.slice/run-p1484315-i9854507.scope",
        "environment": {
          "CARGO_BUILD_JOBS": "1",
          "RAYON_NUM_THREADS": "2",
          "RUST_TEST_THREADS": "1"
        },
        "platform": "linux",
        "tmpdir": {
          "filesystem": "ext4",
          "mount_point": "/",
          "path": "target/preflight-tmp"
        }
      }
    },
    "seed_local_verify": {
      "argv": [
        "python3",
        "results/quality/p117/source/prepare_seed.py"
      ],
      "exit_code": 0,
      "log_path": "results/quality/p117/seed_local_verify.log",
      "log_sha256": "58d7dd5ba79a45eb91516de77036f3632c7fbcea5258c785921cefcffeeeeae5",
      "name": "seed_local_verify",
      "receipt_path": "results/quality/p117/seed_local_verify.json",
      "receipt_sha256": "f4165e1437dc85e8c78ffa7de772717a1a7cfea29d03ab40e02654a384d954f0",
      "resources": {
        "cgroup_limits": {
          "cpu.max": "200000 100000",
          "memory.max": "6442450944",
          "memory.swap.max": "0",
          "pids.max": "128"
        },
        "cgroup_path": "/user.slice/user-1000.slice/user@1000.service/app.slice/run-p1571775-i9959841.scope",
        "environment": {
          "CARGO_BUILD_JOBS": "1",
          "RAYON_NUM_THREADS": "2",
          "RUST_TEST_THREADS": "1"
        },
        "platform": "linux",
        "tmpdir": {
          "filesystem": "ext4",
          "mount_point": "/",
          "path": "target/preflight-tmp"
        }
      }
    },
    "seed_offline_install": {
      "argv": [
        "python3",
        "results/quality/p117/source/offline_install.py"
      ],
      "exit_code": 0,
      "log_path": "results/quality/p117/seed_offline_install.log",
      "log_sha256": "502a5f90595a24131d4f7718b011b2da05ba7ba5263332fb25f76212a4e39caa",
      "name": "seed_offline_install",
      "receipt_path": "results/quality/p117/seed_offline_install.json",
      "receipt_sha256": "631d156a1401943cb12fbb9b05ef48d35595b4c7719f947138b3f9c1336651a6",
      "resources": {
        "cgroup_limits": {
          "cpu.max": "200000 100000",
          "memory.max": "6442450944",
          "memory.swap.max": "0",
          "pids.max": "128"
        },
        "cgroup_path": "/user.slice/user-1000.slice/user@1000.service/app.slice/run-p1571971-i9963765.scope",
        "environment": {
          "CARGO_BUILD_JOBS": "1",
          "RAYON_NUM_THREADS": "2",
          "RUST_TEST_THREADS": "1"
        },
        "platform": "linux",
        "tmpdir": {
          "filesystem": "ext4",
          "mount_point": "/",
          "path": "target/preflight-tmp"
        }
      }
    },
    "seed_regressions": {
      "argv": [
        "python3",
        "scripts/test_fetch_ci_seed.py"
      ],
      "exit_code": 0,
      "log_path": "results/quality/p117/seed_regressions.log",
      "log_sha256": "f6e3f5d6d62ac3f0218283882b1ed3eea8e1e9db6334edecd6188b43989248a0",
      "name": "seed_regressions",
      "receipt_path": "results/quality/p117/seed_regressions.json",
      "receipt_sha256": "e43a17209e33315f59580bd3760723ee0e799154dc01370380954231877cbc6b",
      "resources": {
        "cgroup_limits": {
          "cpu.max": "200000 100000",
          "memory.max": "6442450944",
          "memory.swap.max": "0",
          "pids.max": "128"
        },
        "cgroup_path": "/user.slice/user-1000.slice/user@1000.service/app.slice/run-p1571707-i9955613.scope",
        "environment": {
          "CARGO_BUILD_JOBS": "1",
          "RAYON_NUM_THREADS": "2",
          "RUST_TEST_THREADS": "1"
        },
        "platform": "linux",
        "tmpdir": {
          "filesystem": "ext4",
          "mount_point": "/",
          "path": "target/preflight-tmp"
        }
      }
    },
    "seed_release_download": {
      "argv": [
        "python3",
        "scripts/fetch_ci_seed.py",
        "--mode",
        "all",
        "--destination",
        "target/p117-release-downloaded"
      ],
      "exit_code": 0,
      "log_path": "results/quality/p117/seed_release_download.log",
      "log_sha256": "41164a33ef001b5032b98f4afb8a76cc24fc7b10f37335da96823b9e3acaaa3d",
      "name": "seed_release_download",
      "receipt_path": "results/quality/p117/seed_release_download.json",
      "receipt_sha256": "9fd190042e30978ad2b1f732e0889b66926f7af2a240244556db45e48124eaf1",
      "resources": {
        "cgroup_limits": {
          "cpu.max": "200000 100000",
          "memory.max": "6442450944",
          "memory.swap.max": "0",
          "pids.max": "128"
        },
        "cgroup_path": "/user.slice/user-1000.slice/user@1000.service/app.slice/run-p1572682-i9931836.scope",
        "environment": {
          "CARGO_BUILD_JOBS": "1",
          "RAYON_NUM_THREADS": "2",
          "RUST_TEST_THREADS": "1"
        },
        "platform": "linux",
        "tmpdir": {
          "filesystem": "ext4",
          "mount_point": "/",
          "path": "target/preflight-tmp"
        }
      }
    }
  },
  "g0_sha256": "fa86567838c012d193dbfb9786c67e6565167ef78e23c1a7e961dd835643d6b0",
  "g1_sha256": "c5d4cc7c77c3ce2134f14aa9d756dddb1d7a672f169c2648d5551f47f2aa2516",
  "g2_sha256": "38e69b7229145b0364a809fbf5d0428144930c952e2b4c8f466f262a00480278",
  "p116_adopted": {
    "gate_names": [
      "full_p116_read_only_replay",
      "gate_recorder_regressions",
      "handbook_build",
      "handbook_chromium",
      "handbook_links",
      "historical_p107_replay",
      "historical_p108_replay",
      "historical_p109_replay",
      "historical_p110_replay",
      "historical_p111_replay",
      "historical_p112_replay",
      "historical_p113_replay",
      "historical_p114_replay",
      "historical_p115_replay",
      "p105_child_lifecycle_regressions",
      "p105_scientific_replay",
      "p107_scientific_replay",
      "p108_scientific_replay",
      "p110_scientific_replay",
      "p111_scientific_replay",
      "p112_scientific_replay",
      "p113_history_regressions",
      "p114_history_regressions",
      "p115_history_regressions",
      "p116_oracle_regressions",
      "p116_seal_regressions",
      "p116_verdict_regressions",
      "release_build",
      "rust_fmt",
      "workspace_check",
      "workspace_clippy",
      "workspace_tests"
    ],
    "gates": {
      "full_p116_read_only_replay": {
        "argv": [
          "python3",
          "controls/check_p116.py",
          "--no-write"
        ],
        "exit_code": 0,
        "log_path": "results/quality/p116/full_p116_read_only_replay.log",
        "log_sha256": "fb9195f87534194d8aab6a16b730bf97d7c7b00c5fe2d5c07cbccd157d3adbed",
        "name": "full_p116_read_only_replay",
        "receipt_path": "results/quality/p116/full_p116_read_only_replay.json",
        "receipt_sha256": "2c41bf31c4530854b4ffd72b918e3cd2ef1e3aff6a11c3fbd86bedcee4ceb458",
        "resources": {
          "cgroup_limits": {
            "cpu.max": "200000 100000",
            "memory.max": "6442450944",
            "memory.swap.max": "0",
            "pids.max": "128"
          },
          "cgroup_path": "/user.slice/user-1000.slice/user@1000.service/app.slice/run-p1254048-i9625402.scope",
          "environment": {
            "CARGO_BUILD_JOBS": "1",
            "RAYON_NUM_THREADS": "2",
            "RUST_TEST_THREADS": "1"
          },
          "platform": "linux",
          "tmpdir": {
            "filesystem": "ext4",
            "mount_point": "/",
            "path": "target/preflight-tmp"
          }
        }
      },
      "gate_recorder_regressions": {
        "argv": [
          "python3",
          "scripts/test_run_p116_gate.py"
        ],
        "exit_code": 0,
        "log_path": "results/quality/p116/gate_recorder_regressions.log",
        "log_sha256": "da7c66ca30e1f3ede6305ce3ff0257060360c84ee24a7665d84c4ae523328b77",
        "name": "gate_recorder_regressions",
        "receipt_path": "results/quality/p116/gate_recorder_regressions.json",
        "receipt_sha256": "7584312532baff27edfcfbf57613b603d81afc34dea1f23a21577de5a133e7e8",
        "resources": {
          "cgroup_limits": {
            "cpu.max": "200000 100000",
            "memory.max": "6442450944",
            "memory.swap.max": "0",
            "pids.max": "128"
          },
          "cgroup_path": "/user.slice/user-1000.slice/user@1000.service/app.slice/run-p1177689-i9569584.scope",
          "environment": {
            "CARGO_BUILD_JOBS": "1",
            "RAYON_NUM_THREADS": "2",
            "RUST_TEST_THREADS": "1"
          },
          "platform": "linux",
          "tmpdir": {
            "filesystem": "ext4",
            "mount_point": "/",
            "path": "target/preflight-tmp"
          }
        }
      },
      "handbook_build": {
        "argv": [
          "/home/connoravila/Documents/actinv/scratch/mdbook-demo/bin/mdbook",
          "build"
        ],
        "exit_code": 0,
        "log_path": "results/quality/p116/handbook_build.log",
        "log_sha256": "52c3c6019765112a0cf9a1823b19a000586fe39a97ad78b81216a7cbdb5d516c",
        "name": "handbook_build",
        "receipt_path": "results/quality/p116/handbook_build.json",
        "receipt_sha256": "50659b2b9cf5c861bf8292d020e85b15941dab380c875b2fbc235f575e69f61f",
        "resources": {
          "cgroup_limits": {
            "cpu.max": "200000 100000",
            "memory.max": "6442450944",
            "memory.swap.max": "0",
            "pids.max": "128"
          },
          "cgroup_path": "/user.slice/user-1000.slice/user@1000.service/app.slice/run-p1251526-i9650339.scope",
          "environment": {
            "CARGO_BUILD_JOBS": "1",
            "RAYON_NUM_THREADS": "2",
            "RUST_TEST_THREADS": "1"
          },
          "platform": "linux",
          "tmpdir": {
            "filesystem": "ext4",
            "mount_point": "/",
            "path": "target/preflight-tmp"
          }
        }
      },
      "handbook_chromium": {
        "argv": [
          "python3",
          "target/p103-docs-smoke.py"
        ],
        "exit_code": 0,
        "log_path": "results/quality/p116/handbook_chromium.log",
        "log_sha256": "6fea601703061aba45cb74649d28b8403679568fd9436d4a96416185c96c644b",
        "name": "handbook_chromium",
        "receipt_path": "results/quality/p116/handbook_chromium.json",
        "receipt_sha256": "46d5ac08548c9caad0b278a3054d76bc1d783392cc6fe3fa921aea960ac60b7b",
        "resources": {
          "cgroup_limits": {
            "cpu.max": "200000 100000",
            "memory.max": "6442450944",
            "memory.swap.max": "0",
            "pids.max": "128"
          },
          "cgroup_path": "/user.slice/user-1000.slice/user@1000.service/app.slice/run-p1251601-i9625023.scope",
          "environment": {
            "CARGO_BUILD_JOBS": "1",
            "RAYON_NUM_THREADS": "2",
            "RUST_TEST_THREADS": "1"
          },
          "platform": "linux",
          "tmpdir": {
            "filesystem": "ext4",
            "mount_point": "/",
            "path": "target/preflight-tmp"
          }
        }
      },
      "handbook_links": {
        "argv": [
          "python3",
          "scripts/check_docs.py",
          "dist/docs"
        ],
        "exit_code": 0,
        "log_path": "results/quality/p116/handbook_links.log",
        "log_sha256": "042e133be84546e38529b23b64e332216b7c7d90bf8c04fc001dc401e117cf5c",
        "name": "handbook_links",
        "receipt_path": "results/quality/p116/handbook_links.json",
        "receipt_sha256": "895251d790bcc0806b11ff4b202e61d5a5b038b25c65ff4f6dde4e39910c80c9",
        "resources": {
          "cgroup_limits": {
            "cpu.max": "200000 100000",
            "memory.max": "6442450944",
            "memory.swap.max": "0",
            "pids.max": "128"
          },
          "cgroup_path": "/user.slice/user-1000.slice/user@1000.service/app.slice/run-p1251587-i9640277.scope",
          "environment": {
            "CARGO_BUILD_JOBS": "1",
            "RAYON_NUM_THREADS": "2",
            "RUST_TEST_THREADS": "1"
          },
          "platform": "linux",
          "tmpdir": {
            "filesystem": "ext4",
            "mount_point": "/",
            "path": "target/preflight-tmp"
          }
        }
      },
      "historical_p107_replay": {
        "argv": [
          "python3",
          "controls/check_p107_history.py"
        ],
        "exit_code": 0,
        "log_path": "results/quality/p116/historical_p107_replay.log",
        "log_sha256": "e0be01d08c791e4d9b4baed6b5299cecf687776088a2e4d012814bb2cab3678e",
        "name": "historical_p107_replay",
        "receipt_path": "results/quality/p116/historical_p107_replay.json",
        "receipt_sha256": "8e8667a5f678bd4f9a967ca416459a113c81271e157813175c364de280aad739",
        "resources": {
          "cgroup_limits": {
            "cpu.max": "200000 100000",
            "memory.max": "6442450944",
            "memory.swap.max": "0",
            "pids.max": "128"
          },
          "cgroup_path": "/user.slice/user-1000.slice/user@1000.service/app.slice/run-p1237694-i9615899.scope",
          "environment": {
            "CARGO_BUILD_JOBS": "1",
            "RAYON_NUM_THREADS": "2",
            "RUST_TEST_THREADS": "1"
          },
          "platform": "linux",
          "tmpdir": {
            "filesystem": "ext4",
            "mount_point": "/",
            "path": "target/preflight-tmp"
          }
        }
      },
      "historical_p108_replay": {
        "argv": [
          "python3",
          "controls/check_p108_verdict.py"
        ],
        "exit_code": 0,
        "log_path": "results/quality/p116/historical_p108_replay.log",
        "log_sha256": "1c9032456fecedb646b1d959bebf5bcefb14fa103d850c489e1a3269cb49d0b8",
        "name": "historical_p108_replay",
        "receipt_path": "results/quality/p116/historical_p108_replay.json",
        "receipt_sha256": "972a45e5733945adea2fe11325cfeae5bd6dbdb24e429569efb176ee81c58a04",
        "resources": {
          "cgroup_limits": {
            "cpu.max": "200000 100000",
            "memory.max": "6442450944",
            "memory.swap.max": "0",
            "pids.max": "128"
          },
          "cgroup_path": "/user.slice/user-1000.slice/user@1000.service/app.slice/run-p1237803-i9642056.scope",
          "environment": {
            "CARGO_BUILD_JOBS": "1",
            "RAYON_NUM_THREADS": "2",
            "RUST_TEST_THREADS": "1"
          },
          "platform": "linux",
          "tmpdir": {
            "filesystem": "ext4",
            "mount_point": "/",
            "path": "target/preflight-tmp"
          }
        }
      },
      "historical_p109_replay": {
        "argv": [
          "python3",
          "controls/check_p109_history.py"
        ],
        "exit_code": 0,
        "log_path": "results/quality/p116/historical_p109_replay.log",
        "log_sha256": "793ec2baa8a240394504c37aeea8a90f49b6fdc015b8d95c3b30a331348263ce",
        "name": "historical_p109_replay",
        "receipt_path": "results/quality/p116/historical_p109_replay.json",
        "receipt_sha256": "e39d0431f8d84956683fde481c3866df631f4132586177346f6fde673adf5ad8",
        "resources": {
          "cgroup_limits": {
            "cpu.max": "200000 100000",
            "memory.max": "6442450944",
            "memory.swap.max": "0",
            "pids.max": "128"
          },
          "cgroup_path": "/user.slice/user-1000.slice/user@1000.service/app.slice/run-p1237915-i9634520.scope",
          "environment": {
            "CARGO_BUILD_JOBS": "1",
            "RAYON_NUM_THREADS": "2",
            "RUST_TEST_THREADS": "1"
          },
          "platform": "linux",
          "tmpdir": {
            "filesystem": "ext4",
            "mount_point": "/",
            "path": "target/preflight-tmp"
          }
        }
      },
      "historical_p110_replay": {
        "argv": [
          "python3",
          "controls/check_p110_verdict.py"
        ],
        "exit_code": 0,
        "log_path": "results/quality/p116/historical_p110_replay.log",
        "log_sha256": "4a20b711c03cec9d8a1c8c785d20fbc7ad00ac64a4bbebf9bc4eb3778cfdd694",
        "name": "historical_p110_replay",
        "receipt_path": "results/quality/p116/historical_p110_replay.json",
        "receipt_sha256": "1d0f032433e808f10defba88addd2476a019b747e9c7f92fb1e66deb7e1596b2",
        "resources": {
          "cgroup_limits": {
            "cpu.max": "200000 100000",
            "memory.max": "6442450944",
            "memory.swap.max": "0",
            "pids.max": "128"
          },
          "cgroup_path": "/user.slice/user-1000.slice/user@1000.service/app.slice/run-p1238031-i9630839.scope",
          "environment": {
            "CARGO_BUILD_JOBS": "1",
            "RAYON_NUM_THREADS": "2",
            "RUST_TEST_THREADS": "1"
          },
          "platform": "linux",
          "tmpdir": {
            "filesystem": "ext4",
            "mount_point": "/",
            "path": "target/preflight-tmp"
          }
        }
      },
      "historical_p111_replay": {
        "argv": [
          "python3",
          "controls/check_p111_history.py"
        ],
        "exit_code": 0,
        "log_path": "results/quality/p116/historical_p111_replay.log",
        "log_sha256": "0e213749c847f8026099fd16a169ace7a912be4be64003a2d39e4a22e0f6cbe7",
        "name": "historical_p111_replay",
        "receipt_path": "results/quality/p116/historical_p111_replay.json",
        "receipt_sha256": "611df0e11ea2f35a5b2b0c403e3cc086d67cc65dc99295a5e205e27fd68c6470",
        "resources": {
          "cgroup_limits": {
            "cpu.max": "200000 100000",
            "memory.max": "6442450944",
            "memory.swap.max": "0",
            "pids.max": "128"
          },
          "cgroup_path": "/user.slice/user-1000.slice/user@1000.service/app.slice/run-p1238146-i9642093.scope",
          "environment": {
            "CARGO_BUILD_JOBS": "1",
            "RAYON_NUM_THREADS": "2",
            "RUST_TEST_THREADS": "1"
          },
          "platform": "linux",
          "tmpdir": {
            "filesystem": "ext4",
            "mount_point": "/",
            "path": "target/preflight-tmp"
          }
        }
      },
      "historical_p112_replay": {
        "argv": [
          "python3",
          "controls/check_p112_verdict.py"
        ],
        "exit_code": 0,
        "log_path": "results/quality/p116/historical_p112_replay.log",
        "log_sha256": "abdecdf0cd55632437f418a609d0d21f1424cf0fad6659cf5e73d4bf8edef6eb",
        "name": "historical_p112_replay",
        "receipt_path": "results/quality/p116/historical_p112_replay.json",
        "receipt_sha256": "4030b5a57ae605983c4394faba5fb2a5f6c90c03acb2111a90fb6c1f7e9918bb",
        "resources": {
          "cgroup_limits": {
            "cpu.max": "200000 100000",
            "memory.max": "6442450944",
            "memory.swap.max": "0",
            "pids.max": "128"
          },
          "cgroup_path": "/user.slice/user-1000.slice/user@1000.service/app.slice/run-p1238295-i9634561.scope",
          "environment": {
            "CARGO_BUILD_JOBS": "1",
            "RAYON_NUM_THREADS": "2",
            "RUST_TEST_THREADS": "1"
          },
          "platform": "linux",
          "tmpdir": {
            "filesystem": "ext4",
            "mount_point": "/",
            "path": "target/preflight-tmp"
          }
        }
      },
      "historical_p113_replay": {
        "argv": [
          "python3",
          "controls/check_p113_history.py"
        ],
        "exit_code": 0,
        "log_path": "results/quality/p116/historical_p113_replay.log",
        "log_sha256": "ce00515469f4a8a63d685c8fd2b693dcde73fe7ec5297bd4e2caea01124ce4a5",
        "name": "historical_p113_replay",
        "receipt_path": "results/quality/p116/historical_p113_replay.json",
        "receipt_sha256": "6d7c002a88c55de6def7467066b539f0f2a7ba96c2a97330840abe80a5c550b2",
        "resources": {
          "cgroup_limits": {
            "cpu.max": "200000 100000",
            "memory.max": "6442450944",
            "memory.swap.max": "0",
            "pids.max": "128"
          },
          "cgroup_path": "/user.slice/user-1000.slice/user@1000.service/app.slice/run-p1238566-i9642161.scope",
          "environment": {
            "CARGO_BUILD_JOBS": "1",
            "RAYON_NUM_THREADS": "2",
            "RUST_TEST_THREADS": "1"
          },
          "platform": "linux",
          "tmpdir": {
            "filesystem": "ext4",
            "mount_point": "/",
            "path": "target/preflight-tmp"
          }
        }
      },
      "historical_p114_replay": {
        "argv": [
          "python3",
          "controls/check_p114_history.py"
        ],
        "exit_code": 0,
        "log_path": "results/quality/p116/historical_p114_replay.log",
        "log_sha256": "4c19ee7f1495e8ee509d24511bbdea1a7bb65573c9f15443b742dc56af999d6b",
        "name": "historical_p114_replay",
        "receipt_path": "results/quality/p116/historical_p114_replay.json",
        "receipt_sha256": "ae75e27b8ef0636d29c228e11aa6754f56d3d50ff4a412e47ca4edcc66a1f11c",
        "resources": {
          "cgroup_limits": {
            "cpu.max": "200000 100000",
            "memory.max": "6442450944",
            "memory.swap.max": "0",
            "pids.max": "128"
          },
          "cgroup_path": "/user.slice/user-1000.slice/user@1000.service/app.slice/run-p1239189-i9642233.scope",
          "environment": {
            "CARGO_BUILD_JOBS": "1",
            "RAYON_NUM_THREADS": "2",
            "RUST_TEST_THREADS": "1"
          },
          "platform": "linux",
          "tmpdir": {
            "filesystem": "ext4",
            "mount_point": "/",
            "path": "target/preflight-tmp"
          }
        }
      },
      "historical_p115_replay": {
        "argv": [
          "python3",
          "controls/check_p115_history.py"
        ],
        "exit_code": 0,
        "log_path": "results/quality/p116/historical_p115_replay.log",
        "log_sha256": "a8405fc946aa07f744a860e8533c57b5c3c18848c3605a8d50fb836009c90899",
        "name": "historical_p115_replay",
        "receipt_path": "results/quality/p116/historical_p115_replay.json",
        "receipt_sha256": "4cb17142e6f4273c67d1b9d724d1b816f1d91473d26067956beaa7f7ce3984f6",
        "resources": {
          "cgroup_limits": {
            "cpu.max": "200000 100000",
            "memory.max": "6442450944",
            "memory.swap.max": "0",
            "pids.max": "128"
          },
          "cgroup_path": "/user.slice/user-1000.slice/user@1000.service/app.slice/run-p1241433-i9631229.scope",
          "environment": {
            "CARGO_BUILD_JOBS": "1",
            "RAYON_NUM_THREADS": "2",
            "RUST_TEST_THREADS": "1"
          },
          "platform": "linux",
          "tmpdir": {
            "filesystem": "ext4",
            "mount_point": "/",
            "path": "target/preflight-tmp"
          }
        }
      },
      "p105_child_lifecycle_regressions": {
        "argv": [
          "python3",
          "controls/test_p105_children.py"
        ],
        "exit_code": 0,
        "log_path": "results/quality/p116/p105_child_lifecycle_regressions.log",
        "log_sha256": "0143566113177c34c01617619f7684529a6fabf297c6f757c0b478e5b4602da2",
        "name": "p105_child_lifecycle_regressions",
        "receipt_path": "results/quality/p116/p105_child_lifecycle_regressions.json",
        "receipt_sha256": "9c8e325cc884c2f3f83a0a666d8450d618da80d71d45fe2250ed0026f1f8a21a",
        "resources": {
          "cgroup_limits": {
            "cpu.max": "200000 100000",
            "memory.max": "6442450944",
            "memory.swap.max": "0",
            "pids.max": "128"
          },
          "cgroup_path": "/user.slice/user-1000.slice/user@1000.service/app.slice/run-p1237671-i9627260.scope",
          "environment": {
            "CARGO_BUILD_JOBS": "1",
            "RAYON_NUM_THREADS": "2",
            "RUST_TEST_THREADS": "1"
          },
          "platform": "linux",
          "tmpdir": {
            "filesystem": "ext4",
            "mount_point": "/",
            "path": "target/preflight-tmp"
          }
        }
      },
      "p105_scientific_replay": {
        "argv": [
          "python3",
          "controls/check_p105.py",
          "--no-write"
        ],
        "exit_code": 0,
        "log_path": "results/quality/p116/p105_scientific_replay.log",
        "log_sha256": "a5eab8cdde178d49f9e1ffcffc95f95af52129eb77acafed2135d99a95f47b67",
        "name": "p105_scientific_replay",
        "receipt_path": "results/quality/p116/p105_scientific_replay.json",
        "receipt_sha256": "1555243b4f51f71d639b72d6b5ea6fdcfd14e673489eb106775228d4f8d437e8",
        "resources": {
          "cgroup_limits": {
            "cpu.max": "200000 100000",
            "memory.max": "6442450944",
            "memory.swap.max": "0",
            "pids.max": "128"
          },
          "cgroup_path": "/user.slice/user-1000.slice/user@1000.service/app.slice/run-p1252054-i9625084.scope",
          "environment": {
            "CARGO_BUILD_JOBS": "1",
            "RAYON_NUM_THREADS": "2",
            "RUST_TEST_THREADS": "1"
          },
          "platform": "linux",
          "tmpdir": {
            "filesystem": "ext4",
            "mount_point": "/",
            "path": "target/preflight-tmp"
          }
        }
      },
      "p107_scientific_replay": {
        "argv": [
          "python3",
          "controls/check_p107.py",
          "--no-write"
        ],
        "exit_code": 0,
        "log_path": "results/quality/p116/p107_scientific_replay.log",
        "log_sha256": "8c59c021d6c9268d82a4bb29624bb2bdae5682d9d436b89c6d5ed9d6d1a1b725",
        "name": "p107_scientific_replay",
        "receipt_path": "results/quality/p116/p107_scientific_replay.json",
        "receipt_sha256": "57d91395af46fb044246d9080904f96cbb23165d5d1dac244031b85906f2a463",
        "resources": {
          "cgroup_limits": {
            "cpu.max": "200000 100000",
            "memory.max": "6442450944",
            "memory.swap.max": "0",
            "pids.max": "128"
          },
          "cgroup_path": "/user.slice/user-1000.slice/user@1000.service/app.slice/run-p1252136-i9643800.scope",
          "environment": {
            "CARGO_BUILD_JOBS": "1",
            "RAYON_NUM_THREADS": "2",
            "RUST_TEST_THREADS": "1"
          },
          "platform": "linux",
          "tmpdir": {
            "filesystem": "ext4",
            "mount_point": "/",
            "path": "target/preflight-tmp"
          }
        }
      },
      "p108_scientific_replay": {
        "argv": [
          "python3",
          "controls/check_p108.py",
          "--no-write"
        ],
        "exit_code": 0,
        "log_path": "results/quality/p116/p108_scientific_replay.log",
        "log_sha256": "3afc5b535e3ad9bab18990c480e17028c0663a3fcbf734e34d4133588e695a34",
        "name": "p108_scientific_replay",
        "receipt_path": "results/quality/p116/p108_scientific_replay.json",
        "receipt_sha256": "1a0cd3b8b47921620e61d06d67e60ea3d63e59e9e6a6baec8bcbb1c05e9b87c1",
        "resources": {
          "cgroup_limits": {
            "cpu.max": "200000 100000",
            "memory.max": "6442450944",
            "memory.swap.max": "0",
            "pids.max": "128"
          },
          "cgroup_path": "/user.slice/user-1000.slice/user@1000.service/app.slice/run-p1252171-i9628984.scope",
          "environment": {
            "CARGO_BUILD_JOBS": "1",
            "RAYON_NUM_THREADS": "2",
            "RUST_TEST_THREADS": "1"
          },
          "platform": "linux",
          "tmpdir": {
            "filesystem": "ext4",
            "mount_point": "/",
            "path": "target/preflight-tmp"
          }
        }
      },
      "p110_scientific_replay": {
        "argv": [
          "python3",
          "controls/check_p110.py",
          "--no-write"
        ],
        "exit_code": 0,
        "log_path": "results/quality/p116/p110_scientific_replay.log",
        "log_sha256": "2987537e35dcdc70763eb73a86111296394078b6dd6cbec732f14281cb3c2f13",
        "name": "p110_scientific_replay",
        "receipt_path": "results/quality/p116/p110_scientific_replay.json",
        "receipt_sha256": "bfc7c297b57b6d1abd537e02de13acc4f474b3653534946cf69d13ef287eeb4d",
        "resources": {
          "cgroup_limits": {
            "cpu.max": "200000 100000",
            "memory.max": "6442450944",
            "memory.swap.max": "0",
            "pids.max": "128"
          },
          "cgroup_path": "/user.slice/user-1000.slice/user@1000.service/app.slice/run-p1252321-i9636243.scope",
          "environment": {
            "CARGO_BUILD_JOBS": "1",
            "RAYON_NUM_THREADS": "2",
            "RUST_TEST_THREADS": "1"
          },
          "platform": "linux",
          "tmpdir": {
            "filesystem": "ext4",
            "mount_point": "/",
            "path": "target/preflight-tmp"
          }
        }
      },
      "p111_scientific_replay": {
        "argv": [
          "python3",
          "controls/check_p111.py",
          "--no-write"
        ],
        "exit_code": 0,
        "log_path": "results/quality/p116/p111_scientific_replay.log",
        "log_sha256": "12f90e6b98502eba63db25b0f53073b30e9ba794924ad5b19f9fb255ac6fa62f",
        "name": "p111_scientific_replay",
        "receipt_path": "results/quality/p116/p111_scientific_replay.json",
        "receipt_sha256": "3de743cf7ff0c39c105d85ef82e88cbdd564cde5f29d8d89dc3681b76b357ce4",
        "resources": {
          "cgroup_limits": {
            "cpu.max": "200000 100000",
            "memory.max": "6442450944",
            "memory.swap.max": "0",
            "pids.max": "128"
          },
          "cgroup_path": "/user.slice/user-1000.slice/user@1000.service/app.slice/run-p1252683-i9643899.scope",
          "environment": {
            "CARGO_BUILD_JOBS": "1",
            "RAYON_NUM_THREADS": "2",
            "RUST_TEST_THREADS": "1"
          },
          "platform": "linux",
          "tmpdir": {
            "filesystem": "ext4",
            "mount_point": "/",
            "path": "target/preflight-tmp"
          }
        }
      },
      "p112_scientific_replay": {
        "argv": [
          "python3",
          "controls/check_p112.py",
          "--no-write"
        ],
        "exit_code": 0,
        "log_path": "results/quality/p116/p112_scientific_replay.log",
        "log_sha256": "ffe342777c33a7bada89105286856625060de9b868ae6981513598cc12c2f872",
        "name": "p112_scientific_replay",
        "receipt_path": "results/quality/p116/p112_scientific_replay.json",
        "receipt_sha256": "6bee740c581cd378172a68e3e6a6ff2eaaf42d44cbab7c5933d7f7fe8a1e62d6",
        "resources": {
          "cgroup_limits": {
            "cpu.max": "200000 100000",
            "memory.max": "6442450944",
            "memory.swap.max": "0",
            "pids.max": "128"
          },
          "cgroup_path": "/user.slice/user-1000.slice/user@1000.service/app.slice/run-p1253148-i9646452.scope",
          "environment": {
            "CARGO_BUILD_JOBS": "1",
            "RAYON_NUM_THREADS": "2",
            "RUST_TEST_THREADS": "1"
          },
          "platform": "linux",
          "tmpdir": {
            "filesystem": "ext4",
            "mount_point": "/",
            "path": "target/preflight-tmp"
          }
        }
      },
      "p113_history_regressions": {
        "argv": [
          "python3",
          "controls/test_p113_history.py"
        ],
        "exit_code": 0,
        "log_path": "results/quality/p116/p113_history_regressions.log",
        "log_sha256": "8fcf0ee705912ed332326e974b0f25c957302b24d27509202931a1556cf2ab9b",
        "name": "p113_history_regressions",
        "receipt_path": "results/quality/p116/p113_history_regressions.json",
        "receipt_sha256": "b6622dafa46204c9a2068a67daf68af1914d55da032c239f6b73c66498a593b7",
        "resources": {
          "cgroup_limits": {
            "cpu.max": "200000 100000",
            "memory.max": "6442450944",
            "memory.swap.max": "0",
            "pids.max": "128"
          },
          "cgroup_path": "/user.slice/user-1000.slice/user@1000.service/app.slice/run-p1234715-i9622963.scope",
          "environment": {
            "CARGO_BUILD_JOBS": "1",
            "RAYON_NUM_THREADS": "2",
            "RUST_TEST_THREADS": "1"
          },
          "platform": "linux",
          "tmpdir": {
            "filesystem": "ext4",
            "mount_point": "/",
            "path": "target/preflight-tmp"
          }
        }
      },
      "p114_history_regressions": {
        "argv": [
          "python3",
          "controls/test_p114_history.py"
        ],
        "exit_code": 0,
        "log_path": "results/quality/p116/p114_history_regressions.log",
        "log_sha256": "5b40119de7c7467d84cae48b923db85fcce04173527ea384437cf21b36e3526a",
        "name": "p114_history_regressions",
        "receipt_path": "results/quality/p116/p114_history_regressions.json",
        "receipt_sha256": "ca631b32c6946085d9d73680915a0ff7dd920db9898970a4091574f8a2a565a2",
        "resources": {
          "cgroup_limits": {
            "cpu.max": "200000 100000",
            "memory.max": "6442450944",
            "memory.swap.max": "0",
            "pids.max": "128"
          },
          "cgroup_path": "/user.slice/user-1000.slice/user@1000.service/app.slice/run-p1235388-i9613007.scope",
          "environment": {
            "CARGO_BUILD_JOBS": "1",
            "RAYON_NUM_THREADS": "2",
            "RUST_TEST_THREADS": "1"
          },
          "platform": "linux",
          "tmpdir": {
            "filesystem": "ext4",
            "mount_point": "/",
            "path": "target/preflight-tmp"
          }
        }
      },
      "p115_history_regressions": {
        "argv": [
          "python3",
          "controls/test_p115_history.py"
        ],
        "exit_code": 0,
        "log_path": "results/quality/p116/p115_history_regressions.log",
        "log_sha256": "9c7d32233b2c859694cf8b6827fa44da47d897fcb7ab012e27f426f06252f36c",
        "name": "p115_history_regressions",
        "receipt_path": "results/quality/p116/p115_history_regressions.json",
        "receipt_sha256": "a5516ba89522f886e86530108ff07d225b19aa6eecbba81464a0774321a92be6",
        "resources": {
          "cgroup_limits": {
            "cpu.max": "200000 100000",
            "memory.max": "6442450944",
            "memory.swap.max": "0",
            "pids.max": "128"
          },
          "cgroup_path": "/user.slice/user-1000.slice/user@1000.service/app.slice/run-p1237638-i9619804.scope",
          "environment": {
            "CARGO_BUILD_JOBS": "1",
            "RAYON_NUM_THREADS": "2",
            "RUST_TEST_THREADS": "1"
          },
          "platform": "linux",
          "tmpdir": {
            "filesystem": "ext4",
            "mount_point": "/",
            "path": "target/preflight-tmp"
          }
        }
      },
      "p116_oracle_regressions": {
        "argv": [
          "python3",
          "controls/test_p116_oracle.py"
        ],
        "exit_code": 0,
        "log_path": "results/quality/p116/p116_oracle_regressions.log",
        "log_sha256": "5fa769cf82eb2c407ee183680beef4f8d0dc757a9fb2fab81dcd3d39174a6797",
        "name": "p116_oracle_regressions",
        "receipt_path": "results/quality/p116/p116_oracle_regressions.json",
        "receipt_sha256": "8eacce7a4405ce706b532cd5ed14bdec0f3e59ca91700ca82d1f7c61891fbc69",
        "resources": {
          "cgroup_limits": {
            "cpu.max": "200000 100000",
            "memory.max": "6442450944",
            "memory.swap.max": "0",
            "pids.max": "128"
          },
          "cgroup_path": "/user.slice/user-1000.slice/user@1000.service/app.slice/run-p1177641-i9565982.scope",
          "environment": {
            "CARGO_BUILD_JOBS": "1",
            "RAYON_NUM_THREADS": "2",
            "RUST_TEST_THREADS": "1"
          },
          "platform": "linux",
          "tmpdir": {
            "filesystem": "ext4",
            "mount_point": "/",
            "path": "target/preflight-tmp"
          }
        }
      },
      "p116_seal_regressions": {
        "argv": [
          "python3",
          "controls/test_p116_seal.py"
        ],
        "exit_code": 0,
        "log_path": "results/quality/p116/p116_seal_regressions.log",
        "log_sha256": "2b70b63f61d25c202fcc969f2120b9a0eaebc713ce035acd298a430454dc85eb",
        "name": "p116_seal_regressions",
        "receipt_path": "results/quality/p116/p116_seal_regressions.json",
        "receipt_sha256": "9cf006d04dc5e37e02a88cdf414958e02dd6eed02f6f4eff4fb74b4462e382bf",
        "resources": {
          "cgroup_limits": {
            "cpu.max": "200000 100000",
            "memory.max": "6442450944",
            "memory.swap.max": "0",
            "pids.max": "128"
          },
          "cgroup_path": "/user.slice/user-1000.slice/user@1000.service/app.slice/run-p1180206-i9569896.scope",
          "environment": {
            "CARGO_BUILD_JOBS": "1",
            "RAYON_NUM_THREADS": "2",
            "RUST_TEST_THREADS": "1"
          },
          "platform": "linux",
          "tmpdir": {
            "filesystem": "ext4",
            "mount_point": "/",
            "path": "target/preflight-tmp"
          }
        }
      },
      "p116_verdict_regressions": {
        "argv": [
          "python3",
          "controls/test_p116_verdict.py"
        ],
        "exit_code": 0,
        "log_path": "results/quality/p116/p116_verdict_regressions.log",
        "log_sha256": "35b4472250deee3366eea17752a99fe8adb54d1eca8e0beba86d45aa03300219",
        "name": "p116_verdict_regressions",
        "receipt_path": "results/quality/p116/p116_verdict_regressions.json",
        "receipt_sha256": "82a8b3882dbe0f33336e90c06a8547def6e69203f974b4ad9ad25c23662c62b4",
        "resources": {
          "cgroup_limits": {
            "cpu.max": "200000 100000",
            "memory.max": "6442450944",
            "memory.swap.max": "0",
            "pids.max": "128"
          },
          "cgroup_path": "/user.slice/user-1000.slice/user@1000.service/app.slice/run-p1177668-i9576841.scope",
          "environment": {
            "CARGO_BUILD_JOBS": "1",
            "RAYON_NUM_THREADS": "2",
            "RUST_TEST_THREADS": "1"
          },
          "platform": "linux",
          "tmpdir": {
            "filesystem": "ext4",
            "mount_point": "/",
            "path": "target/preflight-tmp"
          }
        }
      },
      "release_build": {
        "argv": [
          "cargo",
          "build",
          "--release",
          "-p",
          "actinv-cli"
        ],
        "exit_code": 0,
        "log_path": "results/quality/p116/release_build.log",
        "log_sha256": "270d1956188977e71a281ab1f8b5a01456cac69c6f4cfc75f72a54009c1b4649",
        "name": "release_build",
        "receipt_path": "results/quality/p116/release_build.json",
        "receipt_sha256": "ec4986f3329dce746fbe8daf8729b1dc201e6f8c1658ddccd1f25cfcf1574008",
        "resources": {
          "cgroup_limits": {
            "cpu.max": "200000 100000",
            "memory.max": "6442450944",
            "memory.swap.max": "0",
            "pids.max": "128"
          },
          "cgroup_path": "/user.slice/user-1000.slice/user@1000.service/app.slice/run-p1179690-i9577132.scope",
          "environment": {
            "CARGO_BUILD_JOBS": "1",
            "RAYON_NUM_THREADS": "2",
            "RUST_TEST_THREADS": "1"
          },
          "platform": "linux",
          "tmpdir": {
            "filesystem": "ext4",
            "mount_point": "/",
            "path": "target/preflight-tmp"
          }
        }
      },
      "rust_fmt": {
        "argv": [
          "cargo",
          "fmt",
          "--all",
          "--",
          "--check"
        ],
        "exit_code": 0,
        "log_path": "results/quality/p116/rust_fmt.log",
        "log_sha256": "d089e3fd1b6af72738fef9c8184fde8091a1e32d01cca07029facb83bbf17ea1",
        "name": "rust_fmt",
        "receipt_path": "results/quality/p116/rust_fmt.json",
        "receipt_sha256": "059aa108a9b89bbc2cbe81e5958dea37bf4027743d28328210a7fc37d644a6a7",
        "resources": {
          "cgroup_limits": {
            "cpu.max": "200000 100000",
            "memory.max": "6442450944",
            "memory.swap.max": "0",
            "pids.max": "128"
          },
          "cgroup_path": "/user.slice/user-1000.slice/user@1000.service/app.slice/run-p1177761-i9554661.scope",
          "environment": {
            "CARGO_BUILD_JOBS": "1",
            "RAYON_NUM_THREADS": "2",
            "RUST_TEST_THREADS": "1"
          },
          "platform": "linux",
          "tmpdir": {
            "filesystem": "ext4",
            "mount_point": "/",
            "path": "target/preflight-tmp"
          }
        }
      },
      "workspace_check": {
        "argv": [
          "cargo",
          "check",
          "--workspace",
          "--all-targets",
          "--all-features"
        ],
        "exit_code": 0,
        "log_path": "results/quality/p116/workspace_check.log",
        "log_sha256": "c6a0ea85a98afe3bfd9e52324c0f8e9bd1664dba9afc3d25c358a4297a7a7d46",
        "name": "workspace_check",
        "receipt_path": "results/quality/p116/workspace_check.json",
        "receipt_sha256": "f60d75630c570aed67d41f75beaac86b1832f07f09b56153cd55da59749a16a3",
        "resources": {
          "cgroup_limits": {
            "cpu.max": "200000 100000",
            "memory.max": "6442450944",
            "memory.swap.max": "0",
            "pids.max": "128"
          },
          "cgroup_path": "/user.slice/user-1000.slice/user@1000.service/app.slice/run-p1177794-i9554665.scope",
          "environment": {
            "CARGO_BUILD_JOBS": "1",
            "RAYON_NUM_THREADS": "2",
            "RUST_TEST_THREADS": "1"
          },
          "platform": "linux",
          "tmpdir": {
            "filesystem": "ext4",
            "mount_point": "/",
            "path": "target/preflight-tmp"
          }
        }
      },
      "workspace_clippy": {
        "argv": [
          "cargo",
          "clippy",
          "--workspace",
          "--all-targets",
          "--all-features",
          "--",
          "-D",
          "warnings"
        ],
        "exit_code": 0,
        "log_path": "results/quality/p116/workspace_clippy.log",
        "log_sha256": "f0a54df55b91fa4984629f70a0c8ddc2125c57b02387826d4236d2b078410b3d",
        "name": "workspace_clippy",
        "receipt_path": "results/quality/p116/workspace_clippy.json",
        "receipt_sha256": "c2932bd7bf8719bd6cea211fc2556e00b178d3a2f4506c0f0d1a138e70d59505",
        "resources": {
          "cgroup_limits": {
            "cpu.max": "200000 100000",
            "memory.max": "6442450944",
            "memory.swap.max": "0",
            "pids.max": "128"
          },
          "cgroup_path": "/user.slice/user-1000.slice/user@1000.service/app.slice/run-p1177874-i9562567.scope",
          "environment": {
            "CARGO_BUILD_JOBS": "1",
            "RAYON_NUM_THREADS": "2",
            "RUST_TEST_THREADS": "1"
          },
          "platform": "linux",
          "tmpdir": {
            "filesystem": "ext4",
            "mount_point": "/",
            "path": "target/preflight-tmp"
          }
        }
      },
      "workspace_tests": {
        "argv": [
          "cargo",
          "test",
          "--workspace",
          "--all-targets",
          "--all-features"
        ],
        "exit_code": 0,
        "log_path": "results/quality/p116/workspace_tests.log",
        "log_sha256": "12730ded6429777add3349e958a2abd14fd355eac3c29ba2ecdcb0fcb754e998",
        "name": "workspace_tests",
        "receipt_path": "results/quality/p116/workspace_tests.json",
        "receipt_sha256": "422fd1bf54c9bdfa91e94568ab7105f1016cef95487651ceba4ca104ecbc2f96",
        "resources": {
          "cgroup_limits": {
            "cpu.max": "200000 100000",
            "memory.max": "6442450944",
            "memory.swap.max": "0",
            "pids.max": "128"
          },
          "cgroup_path": "/user.slice/user-1000.slice/user@1000.service/app.slice/run-p1177943-i9573772.scope",
          "environment": {
            "CARGO_BUILD_JOBS": "1",
            "RAYON_NUM_THREADS": "2",
            "RUST_TEST_THREADS": "1"
          },
          "platform": "linux",
          "tmpdir": {
            "filesystem": "ext4",
            "mount_point": "/",
            "path": "target/preflight-tmp"
          }
        }
      }
    },
    "implementation_commit": "2117f3b5df715ce832658f58250103789be845bb",
    "not_rerun": true,
    "production_rust_sha256": {
      "crates/actinv-cli/src/assimilate.rs": "b0f78a7666b9752c35948029d02cd52cd03a8b9596566a425b5512f30bd72237",
      "crates/actinv-cli/src/bin/actinv.rs": "1b47334f832ba5a39dfb16cd01f108c1ddc7926c89506cdadd13c9d75b16b78e",
      "crates/actinv-cli/src/budget.rs": "fa7627d38648f8808006894309b3c3c1ad5e93c7ccef74604ff013eb8ba8455c",
      "crates/actinv-cli/src/command.rs": "6049aa941b749bd18f5dc4851304492f0db920ff5ded1e7de941b582f0df85d5",
      "crates/actinv-cli/src/decide.rs": "f94367b7bff4b23b0db198c08e8894b06e17b5fc1b43d01fe4a7a5cd78ce35e2",
      "crates/actinv-cli/src/evalspread.rs": "dd9d19b9f71194417bc089ecb995d73cc631970c02305340999beb5fec8db59c",
      "crates/actinv-cli/src/lib.rs": "192fe4ad229d242dc07d5bf6378f54fdec4d09c0a1ea04161320dba7199dbe71",
      "crates/actinv-cli/src/optimize.rs": "7d4f384ac0075b5246757fe30fe53c6efd023da3ba11f54c77d95a7037830c28",
      "crates/actinv-cli/src/surrogate.rs": "4f5170c98d54041561921d33223ad8568fa212b2d68ebf5b832f54288786740c",
      "crates/actinv-cli/src/twin.rs": "ce6088b610747b49bf7f56a037f4a003d1927bd6efc3dfe37b449cf66e880e61",
      "crates/actinv-cli/src/twin_waste.rs": "e125e4a03e44d4175d9c82a10cd143888aecdcdf97084a2f2a5c92bd73416d5b",
      "crates/actinv-cli/src/waste.rs": "18acc9564e52f5286f33a4b6edc33c0a00ee5ba903f0c3bcb031d92568ff8c15",
      "crates/actinv-cli/src/waste_bounds.rs": "86e3199305a8a8526bfd95dbdedb587de932118d9a71027884ebb215801315e4",
      "crates/actinv-cli/src/waste_budget.rs": "23a41809157ce20357d4a0b4cdf805f79ba83aed28e8ca437f3262da68c162da",
      "crates/actinv-cli/src/waste_composition.rs": "5f24307f0b6674dff0a692bfe74dd694c025e151e12c77640b6d102ed5e3cb30",
      "crates/actinv-cli/src/waste_composition_solve.rs": "bacb623a8229cc4f86b3c5fe3f76a89c3c5c99f1cc364cdbaa5e8f1a7eafc569",
      "crates/actinv-cli/src/waste_composition_verify.rs": "363ae16501e33ff002db3afe5d12e76f39168cf516472350e59779fe2442a1b0",
      "crates/actinv-cli/src/waste_intrusion.rs": "32fd0c623960581995bea73744fadd52c07f1f3d0e9b7d9cbe03a03edfe1688c",
      "crates/actinv-cli/src/worker.rs": "1e99fbd1109027fbb2587686c9fcbbee1c8805bfe45134888181f40e252f4d51",
      "crates/actinv-cli/src/workflow.rs": "d5b166fe18acf3332c110a405097642dc6037f517a9373c5631b576589135edd",
      "crates/actinv-cli/tests/data_command.rs": "d88714714fb240cca43c69b78652a0473b363f3a394c53500fb2e4dd047e9cf4",
      "crates/actinv-cli/tests/validation.rs": "4ce61a0b0447bf63bef9d89403c16e0bfaa281c68c96340aaac82b572f5b69ee",
      "crates/actinv-cli/tests/version.rs": "d821ad302a2fa82e0ce91e9aae194c42488d05b71b2453d40c8d683b3ad8c3a1",
      "crates/actinv-core/examples/p92_balance.rs": "129fcd87769fdd9cf208940ed4115e2a1b36f5a82e60ba1df2e219ab12f53917",
      "crates/actinv-core/src/bin/cache_probe.rs": "ade32188ff57bb40e9f763a59a2c33e3f7b447779a0fb3495b5257472609ae03",
      "crates/actinv-core/src/bin/cram_probe.rs": "27dbf073400a7ad3afb64f913fa809951eb800d0de3f8f11688606a1c2f64943",
      "crates/actinv-core/src/bin/fission_probe.rs": "ea3e12d69ed22100717638e89c8573e4a850f3ce7671c8aa34a0fe34d2d1f49c",
      "crates/actinv-core/src/bin/flux_probe.rs": "a55ee49f8d0544fc05fec3e6d1ec5363de814db041b298087aeeb983362899b3",
      "crates/actinv-core/src/bin/parser_fuzz_probe.rs": "520cbeebb16e0cd289992f32dc7e302b3abfb459f5a1faf88946f23e42c53146",
      "crates/actinv-core/src/bin/photon_probe.rs": "abc4a8dff5025eceb8a7bad5aead22763961e3208b8b693ad0e99bca2f9cc66c",
      "crates/actinv-core/src/bin/prepared_probe.rs": "b5df928a0dc4ade085d8d3c8d5a03cadb61c9aebd6f2befef1f6214228723582",
      "crates/actinv-core/src/bin/uncertainty_probe.rs": "a95e9328bfe93b23db3134930b2a0a8cedfcd0e076f6784bd5bc403151b93798",
      "crates/actinv-core/src/bin/unit_probe.rs": "81eba337cb1d0e7c2ae060de43b21b989936dd2106a17db5ef5af8d6526e1a0f",
      "crates/actinv-core/src/chain.rs": "6c6a77f00e8c3a832e5c4b4c006cf78b3f1402c1530621b685b2f468e0862b23",
      "crates/actinv-core/src/clearance.rs": "d6a725cea709c2eb48ecfe1716e02d0c64f265451c387adc49dc2be9b15b74d8",
      "crates/actinv-core/src/cram.rs": "79f13e05c2111f1dae06f5069bcc569939f0d3c55d6456b4d6cba5fb5e474cba",
      "crates/actinv-core/src/cram_coeffs.rs": "ad87f5e6af18c6b4c4a0bb79d93d6530d7e45ae521e8521080f6106ca3b847a9",
      "crates/actinv-core/src/damage.rs": "d005ca5ab2b6d127002d903c504a95241a7e8b562a30742779d8e54aabbb1b37",
      "crates/actinv-core/src/doppler.rs": "92e693b957514a6889a5e4bde3182f498385289c306fd0d03becf572a2cd8c6f",
      "crates/actinv-core/src/finite.rs": "a14163d327d3792e1936a18e5cae84f8cfa2ac57b8d083a747b588e56c9e6a2f",
      "crates/actinv-core/src/flux.rs": "303429ede4c69afccf05e347dbe820f241c623a70cad4b43356c349528f940dd",
      "crates/actinv-core/src/gas.rs": "f358759dc25c7bb42d81006074a2f0b8ef679c0623725a3eef85cbe1bccbf6d4",
      "crates/actinv-core/src/lib.rs": "3fb7ac6b8c9a7380a0f3b1809303f288720d55b0d77d293c693acc833c368ef0",
      "crates/actinv-core/src/mesh.rs": "f27b3774c6de095eaf1179da86c85575defcfd42d6b6af24ce41ba73d10a6e89",
      "crates/actinv-core/src/photon.rs": "39cb950426d3eb528e0695ef1c87af865f155bf999b545d3452ad81241d1e728",
      "crates/actinv-core/src/prune.rs": "f243c865a425bb35b5f71978148a422a52945bd1d06b857369c3ea7f26a74435",
      "crates/actinv-core/src/quantity.rs": "ff87d2bcbd3efef668bc9563240e1bcc27072e466d39659dab1a2525950e46d9",
      "crates/actinv-core/src/r2s.rs": "f511d47d3fd36c6df5ab8b0aad85b31b010d2add9113611022a0b78baf9b5db4",
      "crates/actinv-core/src/radiological.rs": "0de7344850fbea048f2690a609d0f1fc8dd8205e8dedd3bc2684b157d99372a2",
      "crates/actinv-core/src/reverse.rs": "0539da50e2eac494d0e0aacff9c7f1f5a254b098e5cba338da53633ee9a5113a",
      "crates/actinv-core/src/run.rs": "9fccfee575f1ddfad229a7e7d225150f10f4e8aa776cc2e6e748850b9c558eb7",
      "crates/actinv-core/src/shielding.rs": "0ebf3068ace5641afe5fa4034eca7c12a8914d3d7f3760606007fbceda93c21e",
      "crates/actinv-core/src/source_adapter.rs": "f5d25dc6e3e471873e5fbc07c267269eb6da6d940587a6c36ca28635f1922e5f",
      "crates/actinv-core/src/sparse.rs": "0ab2864aacdfb87a2522132df003c00388ce2cd0e49a445ed4c87f67c99f0fbc",
      "crates/actinv-core/src/spec.rs": "7ae5c4c8b2b3adcf75ec7a8b9457b276b06a8e79816e66be33c43c145b2df480",
      "crates/actinv-core/src/study.rs": "eaece838acf380190719c9157dfad1d1fd3538b7f8c62bacc1120c11550a3226",
      "crates/actinv-core/src/uncertainty.rs": "fc680cbc0d3aeb479867c6c9ef86b7e33f6fb03642062172d7350c9c4606f8a5",
      "crates/actinv-core/src/waste.rs": "3ed8bb1d468cc19b1fb12dfe17d64065e00ddbfa5f47936e2b6cf638a6cbb607",
      "crates/actinv-core/src/waste_bounds.rs": "be9e39811dd496fc2622c5412beba3f5548f8153723a283f872815e652888d7f",
      "crates/actinv-core/src/waste_composition.rs": "de783f5d4eb301e8846839d9e54c9ba3da68824c1e85f7e020cef64bcace2f3c",
      "crates/actinv-core/src/waste_intrusion.rs": "efd2a4aa216652e627f70f854b9bff400228c4dd8cdfeb1070d11ab9841aaed6",
      "crates/actinv-data/src/activation.rs": "4a977463891ed236c6ab73cce785f1e70c2362fc4103934239f900d7ed2820c9",
      "crates/actinv-data/src/bin/dump.rs": "6faac1a95a31f3a6f2f7d0dc29fafcabd36768737070580c3e6e12f47d2d0464",
      "crates/actinv-data/src/bin/p18_corpus_probe.rs": "4f7afb6c2b4e388596f235f05d63555d03d573d18061e17463c863cdda0aa9e8",
      "crates/actinv-data/src/bin/p18b_corpus_probe.rs": "8dcf50a0b11631db0877e30be9397750b0b4c64eb3435ad601b2f753939effef",
      "crates/actinv-data/src/bin/p18b_oracle_probe.rs": "558b6ed1e6c1689196b0fe8b1467bd122a44113869e0754614f286b0d38bb66a",
      "crates/actinv-data/src/bin/p20_collapse_probe.rs": "570eaa5c84956e3aa0c96d0c7fb684ba3fa8174c18b7a1ec392497fa1927bf56",
      "crates/actinv-data/src/bin/p20_corpus_probe.rs": "fa5a5d5a1cd0f73f79aa83fa7f2907ce431b0e1c425075cd86bfe6f8a1361e1b",
      "crates/actinv-data/src/bin/prepared_data_probe.rs": "446faa941069cc65c28a35d331197fc6865b5f0e6e8163c9d7fcf55e57685366",
      "crates/actinv-data/src/builder.rs": "4d86b97ae1dde51c6ce6590f980e77bb19786b891da4080596ccc4dafa111ff8",
      "crates/actinv-data/src/composition.rs": "584399c14c25b24db09311622696bd2e5691dd3045cbaec0ce406ba1fefbf024",
      "crates/actinv-data/src/covariance.rs": "6165db1e3338634fb9320a1b22988836e8f16d68b47bd732715238886c9a26d4",
      "crates/actinv-data/src/decay.rs": "4be7dff38361d3e28775ed387b6cd8553768fbac69eea518176a3ffa23b385cf",
      "crates/actinv-data/src/doppler.rs": "8c9a0ef4a16ea5a54f14f087e9c66a258e7f1d9bee51f49b891318b958e89588",
      "crates/actinv-data/src/endf.rs": "53d7df649c930efa373c97127c817df9a0c1c712c60d97b409a5bd509282e252",
      "crates/actinv-data/src/fission.rs": "f2e4dce7d2bc566cbf5c32cf68b0fe3007f2b722b65eeecad17f2d81661b2011",
      "crates/actinv-data/src/groups.rs": "3c331b49d8464947c27fb8299152d4faa7658f18c658a476e416eaf08296e0f3",
      "crates/actinv-data/src/lib.rs": "91567ccc466c91bb10866f82545b1b929eeefa008a19920075cfe8f0bf669018",
      "crates/actinv-data/src/library.rs": "f1f80249839874ce695f530f662182663f888e87949d8aaeca8638ae5326c871",
      "crates/actinv-data/src/normalize.rs": "7041f7a53856f6409ac8d95fd44f683a5c18f496537339668d1953bd49261e6d",
      "crates/actinv-data/src/prepared.rs": "43bc4ea5590a4069fb5b503b798222a661a9c14718727bfddd77c55366414762",
      "crates/actinv-data/src/processing.rs": "b80de2abfc574df37e79db771aa164a754d3bad62c8fc2205b732609376b9700",
      "crates/actinv-data/src/resonance.rs": "8ad5bdfae5acaf6083729c2e4161c7e1f8c584cabf6c6ddc0d57d8b63edf1b54",
      "crates/actinv-data/src/shielding.rs": "b5596655068fd267e3422f60ea77ab69857d68cd6b3b4f8556dc084f041b98cc",
      "crates/actinv-data/src/tables.rs": "888923a68d6a7841c75883615f7cc738fc4a06ca5ec4f1e13ce3ea9146146d2f",
      "crates/actinv-gui/build.rs": "ba3dad3e79ca77e324554f943598000c523e4d777c4190b1682926d37bba8ab6",
      "crates/actinv-gui/src/app.rs": "866620532f9eea91b35af5587ac9b7453cf6a4fc546a753c9c6e3e3bad52366d",
      "crates/actinv-gui/src/capture.rs": "b5bfdb71a16a36b954d52770c8ce0258f961c89d41ee9f8a3a95c7dae30dfc9e",
      "crates/actinv-gui/src/lib.rs": "a25925117a2fe9daf1f6e7692750004c90ebbf4a273993af149cf8f822e91f9f",
      "crates/actinv-gui/src/main.rs": "b7ef2af84b0ee8b6131803590a421027375c821220611557b6d17f87795d93c6",
      "crates/actinv-gui/src/model.rs": "a2b345b2da356ed5953c8830f94e183c6d563b33c88b477f01e27ea93ce67764",
      "crates/actinv-gui/src/options.rs": "0d9a2fcdd592060a5b8a5ee3e71822af940fb18fbfa2d51600c554815528d0e4",
      "crates/actinv-gui/src/smoke.rs": "580f83ada2dd1d061f2e162b62a540a980ef813716c0f0a8f094deba7eb19e0d",
      "crates/actinv-gui/src/sweep.rs": "7b4d57895ef1d06348f1dd1411fe94f3c80cc76fa7b56d62453301813f63443c",
      "crates/actinv-gui/src/tour.rs": "0869eb3e7b2e0d8468a4708484d173905d56b979f3cfe21eb20b9d5613225685",
      "crates/actinv-gui/src/transport.rs": "6b3fd8795175e8b95be412719615e6018752353ea6dc30271d68966d01088a43",
      "crates/actinv-gui/src/visuals.rs": "35842c494d2e654999d1e065cbcbf1e833e8d63f1c46004924c40cc345eafe25",
      "crates/actinv-gui/src/web.rs": "6d6a672fc17c024234adc6fa887876131e5fdec8d5b33ca43d94fa868e86ca84",
      "crates/actinv-gui/src/web_app.rs": "5644807412fbe51d0e381d6be5e9b314f420088f629ab82ab2f5e7b665da30b9",
      "crates/actinv-gui/src/worker.rs": "cbc1185941ba34139062108560d2ab8931c94c24ac7281e9c86bc022dd4c7d0a"
    },
    "public_handbook_sha256": {
      "book.toml": "72c26f76b9541d51c25c6b1efb89ad02ffb0410e5831ec11c176fbda30b8bc72",
      "docs/guide/SUMMARY.md": "a2aee0e9700bb7e0360ea6e2f984b14720e5b45a1568035f756123dd83acd20f",
      "docs/guide/account.md": "29b9a4871b61c1e5af86963b6f73f4319b50a1fe0c1e5a7e0461c3afe3ac1fd9",
      "docs/guide/benchmarks.md": "f586f3b25716d6c0a3fb61afe1e0eb1d7eb9a5ebc656bb73e6ce48bfbdf0731c",
      "docs/guide/browser.md": "367e375bec3102f4f24b41f1119c560b7ae7363848d33dd54e37e3641e4ff4e3",
      "docs/guide/cli.md": "6200f4ccfc1aa76fd8e6ea74929798e28fbc8b5e2b0b76888d669b7524254d5a",
      "docs/guide/data-limits.md": "07928f227e9685aae31bf6abb134ac9e33addb3196a8e28ba932f100547a74c7",
      "docs/guide/data.md": "b3075f18d4b5a7c0e3df7c14906e5962184452b544cb4c1326d3529e7e12ccac",
      "docs/guide/desktop.md": "2422f927efbd58a10f62acfe8596b285a80f5d3e4cbf3c0623517c5f9fad6f12",
      "docs/guide/index.md": "35df99e9141bca9146f82addae120b9aae9403e885f1f5e9939693be6043f705",
      "docs/guide/install.md": "4d439211e5767c3a07dc3e73db79a96ca6508a9d09203e520710413f262f0aa8",
      "docs/guide/method.md": "989c944f098054d01032bcb52b008c3b7a25c6e2f9dad23d547cd664e5f42eb1",
      "docs/guide/problems.md": "e2b5e857553bd5bfcac04a7a8882f88ea316acff8594c16a61239957ba3fc860",
      "docs/guide/python.md": "8f7877eb0993c9e06a1d2af54e2fcb9c99762a923d26854da34fa3977bfdade5",
      "docs/guide/qualification.md": "1fa31b38fb76f4745b1b6dd4e5549cb3509be553e549fc3829671a1bad7754e7",
      "docs/guide/quick-start.md": "6b827c7dfc13e20fc0f2e663472859ce2b9779179b56b4ef49b2df29f2629ae6",
      "docs/guide/releases.md": "fc060b5c33d79b9daac35b7a8b718493426f9249fa0229040509b034b3ea6628",
      "docs/guide/results.md": "158799c8899cce38a50a7edd1922e6f41022df8360d0b0ee62e85cf1368fa9e8",
      "docs/guide/specification.md": "9048fdf6dccae39a27397c0ff75f32e64cd1da29c44599d95e6cc45563b0679e",
      "docs/guide/troubleshooting.md": "e7d781c721fd6bd9d9177f96d870b20b104975585c54e3f01be77697e356cf7a",
      "docs/guide/validation.md": "ac4c91f970b5e192efe4efdec60bafd00c6569ec6e672e2ef061610c66df0081",
      "docs/guide/waste.md": "6bb893576055bd343183bbf426de6515658a473a45e5ba216e18b3e896441efc",
      "docs/guide/workflows.md": "5eddb13ab599f9342a6645c91eb408f308ce31f281eee02a4b436b19194000d3",
      "scripts/check_docs.py": "d27b372fc91309f5fd62083f497e82896cce16332cafdf90e73854364ad90616",
      "web/docs-smoke.mjs": "62ca036c8ca6568e324e92631bf18d56d583c206e47c082b806e9e3f70cd876b",
      "web/package-lock.json": "6af0bc14cf3b6bf0da0ae08f8c09eebd363a3f13658c2ce2c2272c7e78085524",
      "web/package.json": "4017d230247557c90dd7ddd13fc0e63a0c5d7ceb92b9fbfbf39075dc1e95d088"
    },
    "quality_sha256": "746876fc7c2d9da2432c5e1a816702a648f18c9ae920798c2639f9670082dd5b",
    "quality_validated": true,
    "release_build": {
      "binary_sha256": "d2c0fb6dd931b3a9e052abdf30f265ead408bc6a386554b8bd0a074b1a6ca4dd",
      "exit_code": 0,
      "log_sha256": "270d1956188977e71a281ab1f8b5a01456cac69c6f4cfc75f72a54009c1b4649"
    },
    "successful_gate_count": 32,
    "verdict_sha256": "7d782e476b051cc2e7d9666e984511167f30d6e1e5ec73afc127d34ac9dac710",
    "workspace_tests": {
      "failed": 0,
      "ignored": 2,
      "passed": 485
    }
  },
  "p116_history_verified": true,
  "p117_science_evidence_matches": true,
  "pass": true,
  "persisted_result_matches": true,
  "phase": "P117",
  "public_handbook_matches_p116": true,
  "qualified_binary_matches_p116": true,
  "qualified_binary_sha256": "d2c0fb6dd931b3a9e052abdf30f265ead408bc6a386554b8bd0a074b1a6ca4dd",
  "repair_rounds": 0,
  "resource_limits": {
    "coordinator_jobs": "serial",
    "cpu_quota_percent": 200,
    "disk_tmpdir": "target/preflight-tmp",
    "memory_max_bytes": 6442450944,
    "memory_swap_max_bytes": 0,
    "tasks_max": 128
  },
  "schema": "actinv-p117-quality-1",
  "source_sha256": {
    ".github/workflows/ci.yml": "4ff796ff6d47a09b1ad6b925f76e64cdc7060a7c31d4ccd3a4d9d93ccbe2a652",
    ".github/workflows/fns-iron.yml": "f05f89bed6f52d32a271c939a34d3711781324fe788f4663f538b5b16191bf60",
    "controls/check_p105.py": "fad7a5e78f3f4b29941a3f4c340f875f5a31095ba429fa6c7857a47084810ef1",
    "controls/check_p105_verdict.py": "5b43632249829187eefd8a28f0530c966b32ab59f15fd67109f4a74620bbaa16",
    "controls/check_p107_history.py": "5817de21292b00e911fb53b6802ce0c271efc56c48aac87b8aeed4d65f7339d4",
    "controls/check_p111_history.py": "7ac84f74c56a250503428926b0acdafb0221742deea317493f56d55217b49da8",
    "controls/check_p112.py": "285a7600a00b05187a0f4e9fa8521e97edf9addee8745ab6f2237961b966d33a",
    "controls/check_p112_verdict.py": "d0f6503918940b5dd12e7c431cdcfbc1ddbc69ad6810bacea2b6bafdb27299d3",
    "controls/check_p113.py": "6318c6adc1ca9a26dcc35a2b14c1db466410865180fcbe6862a8f81c0297e8f7",
    "controls/check_p113_history.py": "53f0c8017d8bbcd0aab4dabfc3e5217921fdfaf667cf6124108002fcd7bf7f1f",
    "controls/check_p113_verdict.py": "6d92fc34722cb5e38d4a882032cc7d39f2a810c52135ba8ffb3f9b7dd65e5bd7",
    "controls/check_p114.py": "4023b41769d33c2a98b2b0d5d5f28e518fba4a811988dc8e6d5c9266934afdf5",
    "controls/check_p114_history.py": "cdd28c50a996dad95e5e054f2d67220543b46170e35d4246c216a4d30a7f18de",
    "controls/check_p114_verdict.py": "728e1dc3ba1b2df023083536b902b409f5595770b2afe8bc75d008f95cce8350",
    "controls/check_p115.py": "9bdcceaf12a28f89fbea67f65c28cbd5a22c87fccac46534379aecf9610b0c64",
    "controls/check_p115_history.py": "1a55476f5b8794fc1e1875307a82e101b257398ff46ccf6b527f1b7b8af7cec1",
    "controls/check_p115_verdict.py": "e947dc9052e637d6b8cfa4760b4b053ce629667993f5434ab515041983ad7a9c",
    "controls/check_p116.py": "fc8d10fc2180a2156f50fde62f1ed35ebf0f48dcf15e6e760d02d721a0e0b47b",
    "controls/check_p116_history.py": "ebbd2024eb9d3b1026e7ec61156d64fbc09b44ab16804271961f0ab08f19de2e",
    "controls/check_p116_verdict.py": "44ab5476899ac5c2004c4d4caf76d108e7870808cce216f3967f0ea4b5ec59a2",
    "controls/check_p117.py": "65995e46aed02f70d9b4fa40f29d019ec33aa4e8f8d03708febac8d5257a9daf",
    "controls/check_p117_verdict.py": "60b81e56d7eda9a8bfcd90af3a5c7e604217c05e32b25f1a53bd7e44b44733e6",
    "controls/fixtures/p103/61.55_2025.xml": "7c08a6cb64d21e082ecf62a94fc3ef0be42c64fb68443658eff393ddc0bc0864",
    "controls/fixtures/p103/classification_vectors.json": "bfefb655b2df52da7ccb7a93cfd7c22bdc18762917e900e828ebd97d58b2bb42",
    "controls/fixtures/p113/cases.json": "e6bcebc856c7faaa571455a45c81da49e988a34bfd1f7149bc67656d93d5f956",
    "controls/p103_vector_fixture.py": "89c05549d8a9b71c256e3688f64b56cb62f24b2e59b7d5ab4a7e79ff6adbd284",
    "controls/p105_budget_control.py": "b9b69dc424a37d45b41b165276884c3d032d32ea968e3fd0f4c85add653c41bb",
    "controls/p111_intrusion_control.py": "a8152cf68719b6384610f2f8b08f2a3a46b901b8f3af7f9b3db8c61414e7c153",
    "controls/p113_legacy_control.py": "34e9ad3f614794902ec833de8514202690914a0ca369d995db2b6b167e367b2a",
    "controls/p113_twin_control.py": "6572000eb079985fd14354101f71d6062fc881ac666dd076b502b700b937c976",
    "controls/p116_repair_control.py": "59c13e9e8222b2272423b449adf185b2912fe4389af2befbaca1656d8e35d5c4",
    "controls/test_p113_history.py": "3b65fb727f1815e894bf8397495be2f15d56db66ad5800ba5e7f83db7a081e5f",
    "controls/test_p113_oracle.py": "a743c4832b08356e11df4f1151c7298416d94ac041aa2a9f17123a6ed942dc9d",
    "controls/test_p113_seal.py": "d1702033887b8599d3b5a469393f1e168df8f93785737b874b30b1d8b2968586",
    "controls/test_p113_verdict.py": "35eff843ac4d38e8bda13ffdf0ba2ced1c162b254ddab74680f0b9cece396d6e",
    "controls/test_p114_history.py": "47e7bce06faa290e6101ca8c2de487c259da23ec79dc01e8f48f519390fbd9d2",
    "controls/test_p114_oracle.py": "bb7d24c19626b037b84de773962d511a7db44e9bd9f9db07865d9f28b9aa27c7",
    "controls/test_p114_seal.py": "047920ffea9761b8eb473b0d0edf45e21fc1953bc3c15b231c5b52cbe07eb473",
    "controls/test_p114_verdict.py": "9e9a982790a748f385403ecbe2942f32fb3509f5c15231a35998ccd82ca8efae",
    "controls/test_p115_history.py": "54fc3e08ac12ee9f4ff067bbbef31f62b3252b42d0bbf79f61d47ff207ab29ee",
    "controls/test_p115_oracle.py": "075b26a7172dfba8fdad595e8f7fdabc1c1ed785d60be3d89c0c298384af3b98",
    "controls/test_p115_seal.py": "8dc63f89eb91922f10c576260723bb496f5ae68b6e813586db9d3396f0fb90a9",
    "controls/test_p115_verdict.py": "2836de878ae4d2cc79a43a9ba915102918907ad31b760c15caad76cf7ccea559",
    "controls/test_p116_history.py": "4b42077b46da47714b0d69fd6127f819e58907fad8dcb7cbd7a36ee6400d23bc",
    "controls/test_p116_oracle.py": "e23ce0c2cc26c28d603bc18f1bd85eba29216837c5646a1c18f13dd32f9b669d",
    "controls/test_p116_repair.py": "df510e8d44842dfe8b487efbbc7d22924a0eb6ae6f82ebf59522124f4631335d",
    "controls/test_p116_seal.py": "c70b6ca795e36abad180803aa66f8537790edb2dd1b8c274f3b6dc11ad550e1b",
    "controls/test_p116_verdict.py": "4726a4953ecf90cadc79ac8003374eaaba28f3d537cf7f11f934c9adf5a5cb04",
    "controls/test_p117.py": "1ec21a13f9802b52523a64bd30b0c1c17c22835e858fa932f14b091b0f8a25ed",
    "controls/test_p117_verdict.py": "819796955bc015d988cf31b0c4a9b94f472e72a5080543e52c16dc664e2be400",
    "crates/actinv-cli/data/actinv-data-catalog-v1.1.0.json": "951534baf043e5416932d2890843c5d5a10fdbdb8c16a8ebff699945b8e0496e",
    "crates/actinv-core/data/waste_us_nrc_61_55_v1.json": "890268af81a53815b8e11c238e4a1694eabb79664a1ca087fd7fe22b9fabe5d7",
    "data/waste_us_nrc_61_55_v1.json": "890268af81a53815b8e11c238e4a1694eabb79664a1ca087fd7fe22b9fabe5d7",
    "docs/maintainers/CI_DATA_CACHE_NOTICE.md": "8521498862326e55426f442d7805f58c76630eb05f2b96c8a318590ac1db5557",
    "docs/maintainers/WASTE_RULE_SOURCE_REVIEW.md": "4d316aacee158dbcc36daf4bd191d84ee7c511d471555ec3084115dabaeefd64",
    "examples/fns_iron/case.json": "ada48af2808490010dc17ecd90573f3fcb4e3c3c0824c07020a2017a17ce7d55",
    "protocols/ACTINV-P113_AMENDMENT_A.md": "6a0191ccc3500ebaeb3165a2b630d0c857d18335ce8fe70dcf07d9d7445ac46c",
    "protocols/ACTINV-P113_PROTOCOL.md": "0495157f3e8308d6a28475b94363e24b932f462c10f901518fa1c809a68ebbfa",
    "protocols/ACTINV-P114_AMENDMENT_A.md": "b320e9fe34dfa34c5bae88a10b7486f2618b41ac124790f5ac984e4332ab5c9e",
    "protocols/ACTINV-P114_PROTOCOL.md": "01b5a99cf8855c57e1ecae12ab794d3d2fe2ce81930868043f0805289ec0bb8c",
    "protocols/ACTINV-P115_AMENDMENT_A.md": "d2c6543d4a420e50b8697538411a163542e16d4fcb3fd3d2ff61b75af86170b3",
    "protocols/ACTINV-P115_PROTOCOL.md": "266dd88898b2e64b77c517d18a221576bf9d1c6fda107ccdf62c45e0321f95ba",
    "protocols/ACTINV-P116_AMENDMENT_A.md": "3fa71d7c7537dbe9132f5de8d9f4a64d33126f065f4f41aef7496fab38be372c",
    "protocols/ACTINV-P116_PROTOCOL.md": "cf5841dafbd2470604b36d75fdafa2e2fc730e33abb26f6e44a4068e6388a8aa",
    "protocols/ACTINV-P117_PROTOCOL.md": "624d80cfcdbcd2254f3b29f4b39c5220588bdaa9dd16b21c35d395c6aa1f7825",
    "results/failures/p113_after_amendment/invocation.json": "c21f659d7c190aede161d7107ae6e0889e6442d69b3d802f7b12850eb42dcc71",
    "results/failures/p113_after_amendment/target/p113-workspace-tests-final-confirmed.scope.log": "b80894b20594fb39e9f074e1494e08880d96682595ec733912dac24df2190ac2",
    "results/failures/p113_initial_seal/discovery.json": "0f099f92637eea2e3346f02be0d588f9f6d96c95cdd41aae0d7050b1fbd36c4f",
    "results/failures/p114_initial/discovery.json": "ac3f2638af88dedb56472ecbeda835efbf8c339316ece680867471043de87c7a",
    "results/failures/p115_after_amendment/results/quality/p115/p115_verdict_regressions.json": "16d3ea00fc0504369e5cb875c918b4b7f3a4f924a909a1b27dc2f4274f223449",
    "results/failures/p115_after_amendment/target/p115-p115_verdict_regressions.log": "b5f4ed19ca056a563cda1b3fe5f11a542c9e6edc788d8524766c543aaa870c6c",
    "results/failures/p115_initial/discovery.json": "22f03d9115f7c2ef5b4c98d19d9fe1cce85e62c38747036f1e130e4c711632db",
    "results/failures/p115_initial/results/quality/p115/p115_verdict_regressions.json": "b7656176ff945c7e503b5747424b979438b47c8aceb388911263073f8f588e54",
    "results/failures/p115_initial/target/p115-p115_verdict_regressions.log": "51a89379d6fde40f857f9f5b499d79f571b220976ac667ffb420bbf7bcc4945c",
    "results/failures/p116_initial/discovery.json": "15f73cb664ff13a4ca75d7edcf098d2ee2ce557ff00f9d95cb23c366b612e441",
    "results/g0_p103_seals.json": "31a87b130be75f290569d0bea083ec4e687e498a0627eeed25cf8c0209e38367",
    "results/g0_p105_successor.json": "53f478d4274515c4c4fb51661a7add371af719b241fc5e02acbe34a531d1ca6a",
    "results/g0_p112_intrusion_screen.json": "da06735bacade33eeb543e08300d09efcb5e995e9c9f8b80904cd5f8d9be1906",
    "results/g0_p113_twin_waste.json": "61d8c6faaf7eb93d8f3a4d9e369e8710eee45b93f946d405f54c216dd730a037",
    "results/g0b_p103_vectors.json": "a3a846da215940f66bb5f428a0aa4931b9a26250ea14a12d0bc5c5369cfd9293",
    "results/g1_p105_classes.json": "2010e03dd3bf6ad91eeba94c25fd1a02a6ba2cfc561f03912f860fa38f28dfab",
    "results/g1_p112_intrusion_screen.json": "1193312d504ef6e21c7be973d79b22c32b85ae619f9b6341b2269885013c61e6",
    "results/g2_p105_budget.json": "7413f9a3127a6b3d6c297232cff137e7c6a93cdd0fe6025226702588e7834d29",
    "results/g2_p112_intrusion_screen.json": "ff81ceacceac180039884c7c5d53525c4db107bb2cddcbf5d261d12d618538b4",
    "results/g3_p105_quality.json": "0ad41150b27c3e62acf2893d252bcd8986d989ba4cf90f4832bc4251252c88bc",
    "results/g3_p112_quality.json": "332445c7b022744dda5219bbbd8312440470db98f2b803ad6cbf5a8386ab865a",
    "results/g3_p113_quality.json": "529fb6b0f5c1542165300240a2d59cd2cd6ad9fa84c11d4f0748d48b72da2b01",
    "results/g3_p114_quality.json": "053cc816a07e97bb9831cdcf84f96a1d5d8f2f263219b87d5a10f4fb99813fbb",
    "results/g3_p115_quality.json": "9f48cde1106ebc7174961aa594fbf57e5c772c3aeed3a06a133558a6946aa45d",
    "results/p105_ci_runs.json": "9cc923e1075561253e27ea6b5c45d0dc2930f659283491d6ce34e536c10507c4",
    "results/p105_verdict.json": "0e2c770096662aaef1a9f4fd4a78d9aa8c71c775e86f1e27924708c84b361b41",
    "results/p107_verdict.json": "5e5bae7ebf1f5c244a84f6e03ffe19c3e148f3678d939bc12a09f26053aea3aa",
    "results/p108_verdict.json": "231071d8f4009294a2eec3ca1029054ec9542d9d1cdc29b12c282fd8d19041ef",
    "results/p109_verdict.json": "b6d370e3e560d0d7f780b0a7bb6344413fee87eb69eab865ac9e5ac58b449398",
    "results/p110_verdict.json": "1a2f7254e22333778c456139f19b231b76c7f2c3232115c1a104b61b2d43503d",
    "results/p111_verdict.json": "35c3b5eb4ef12fcad7e78f90a9103b476cdb51b29cb7974b7ec0a3ddae25579c",
    "results/p112_ci_runs.json": "20fe05c616515ec635fcab34134acae0bf902db45134af92b8a9cbc0c3d9fe7d",
    "results/p112_implementation_commit.json": "6c7ac49555c8ed383005175fa651413dd262a388e1e28d34813bf2277c84e117",
    "results/p112_verdict.json": "b94cdab3a9776d51df74b793b889f80198e8e5f6d9c0af04d7fba671d248e91e",
    "results/p113_failure_commit.json": "6abcea6e882eae37e0e9e051071dd1332e5f2448c795173987f0eb0c99387fcb",
    "results/p113_verdict.json": "ae000348b4e6c58eb217d1ce9c5e9946fcf7b440562835855f724f6a1650e461",
    "results/p114_failure_commit.json": "5776579180004babd35543dc7b17138226283d3277f9caba21da8486c9256d0e",
    "results/p114_verdict.json": "3d9208cae1ac6522e4b2c3d8c21440ecb4bc481f02faa46fb88f4068151bd382",
    "results/p115_failure_commit.json": "90b73dcd45c82e56a6eb44dff3a2222fa91c0a23bcf94f8a76550072de274b98",
    "results/p115_verdict.json": "4e09b66d5b1c74cafecdc278d9d5ce786292007a7dea0ab6e8c8588f7255faac",
    "results/quality/p117/source/offline_install.py": "af959177c9fd87852dead531d679b74956e273903776b45e2ff86da9341a95c4",
    "results/quality/p117/source/prepare_seed.py": "bd1de24d20da4b7b3f6bd6d3d75e39d8e517aba4adcce1b3c87092f479187264",
    "scripts/ci_data.sha256": "de81f9426c43b082b1e7fb35d9e13a18639828e9bca06268510d3679448de2f5",
    "scripts/ci_data_seed.json": "905a71a71084f721b5dba4cf85697a0f84e04e5b6cb086d7d65e6e296ba8ff99",
    "scripts/ci_tendl_files.txt": "475eb2706733b10957324ad94ec106cba94972cc86fb0504e253be1037715cf9",
    "scripts/fetch_ci_data.sh": "e3b59683775fe379d73b0b307a145c499ecf21ba8d98e0fdf6bad2b082be7bd9",
    "scripts/fetch_ci_seed.py": "be23680249616710739ba26ad3286aa2b68123f3c54e8669ae2ec60c0e016ec7",
    "scripts/run_p115_gate.py": "5d584b8314628cd7f3bd188bc427012a2ad6002889fe3a316fe65b742fa02a15",
    "scripts/run_p116_gate.py": "31098eb7182c06ecb2648553fc6703fcd8ea05d817d3beeaff6b2953be71cab0",
    "scripts/run_p117_gate.py": "ae1e8cbfa837a10266af00474c4f963daf685bf942322ff868fe6c0b9300be78",
    "scripts/run_roadmap_gate.py": "e78a811fa44629c1fcdf2adcc7c8f80c74216dcc4dbfec58506396b6bc75421d",
    "scripts/test_fetch_ci_seed.py": "30ae894d33d552ed16a9470a31a755f9c2578b50abd5bd2946bda5a6020bf52f",
    "scripts/test_run_p115_gate.py": "1b517b675328ef6c27049bbd1ece3fd8258782283a984165952c61a134b7f1f4",
    "scripts/test_run_p116_gate.py": "e9090787569cb63a4646dcc1350fc4a1494b73023f3a8300089ec10a39b61175",
    "scripts/test_run_p117_gate.py": "ca49f491ed03f6e7c1192873beaab76b42b594299eed60a15a499102c04d4539",
    "scripts/test_run_roadmap_gate.py": "45d988ecf347e606053ddee8d49778e9ee8b53a9389602786220ba59bf291213"
  }
}
