ACTINV-PROBLEM 1
n 3822
decay 8751
0 0 -1.12908809343532381e-03
1 0 1.12908809343532381e-03
3 3 -1.78283364719618349e-09
8 3 1.78283364719618349e-09
4 4 -6.99687862700469335e+21
3 4 6.99687862700469335e+21
5 5 -8.67005115319648466e+21
4 5 8.67005115319648466e+21
6 6 -2.43370075895659338e+21
5 6 2.43370075895659338e+21
7 7 -3.01368339373889222e+22
5 7 3.01368339373889222e+22
10 10 -9.12636182435741041e+20
0 10 9.12636182435741041e+20
11 11 -8.59237858633872920e-01
18 11 8.59237858633872920e-01
12 12 -2.28159045608935260e+20
11 12 2.28159045608935260e+20
13 13 -5.81987557145210133e+00
20 13 4.88869548001976462e+00
19 13 9.31180091432336265e-01
14 14 -9.90210257942778839e+19
13 14 9.90210257942778839e+19
15 15 -4.56318091217870520e+20
14 15 4.56318091217870520e+20
16 16 -9.17199840364294937e+21
8 16 9.17199840364294937e+21
17 17 -2.25877960738801477e+21
1 17 2.25877960738801477e+21
20 20 -8.27144606873443045e-01
9 20 8.27144606873443045e-01
21 21 -3.88753326169346813e+00
29 21 1.96320429715520151e+00
28 21 1.92432896453826663e+00
22 22 -3.46573590279972651e+20
21 22 3.46573590279972651e+20
23 23 -8.06923376670483350e+01
31 23 8.06923376670483350e+01
24 24 -6.93147180559945256e+07
23 24 6.93147180559945256e+07
25 25 -6.93147180559945226e+08
16 25 6.93147180559945226e+08
26 26 -1.39937572540093858e+20
9 26 1.39937572540093858e+20
27 27 -1.50742893875167303e-07
19 27 1.50742893875167303e-07
28 28 -8.47231474334148200e+15
9 28 8.47231474334148200e+15
30 30 -1.45460249424986423e-14
41 30 1.45460249424986423e-14
31 31 -5.01916857755210152e-02
42 31 4.86357435164798610e-02
19 31 1.55594225904115142e-03
32 32 -3.25421211530490737e+01
43 32 3.25421211530490737e+01
33 33 -2.56721177985164902e+20
32 33 2.56721177985164902e+20
34 34 -1.59344179439067887e+02
45 34 2.23081851214695064e+01
44 34 1.29068785345644983e+02
43 34 7.96720897195339450e+00
35 35 -3.46573590279972646e+06
34 35 3.46573590279972646e+06
36 36 -3.46573590279972646e+06
34 36 3.46573590279972646e+06
37 37 -6.93147180559945226e+08
16 37 6.93147180559945226e+08
38 38 -2.12948442568339567e+21
26 38 2.12948442568339567e+21
39 39 -9.00191143584344489e-01
9 39 9.00191143584344489e-01
40 40 -8.21373429364969472e+17
28 40 8.21373429364969472e+17
43 43 -3.43142168594032313e+01
55 43 3.43142168594032313e+01
44 44 -3.99278329815636681e+01
56 44 3.99278329815636681e+01
45 45 -5.54517744447956176e+01
57 45 5.54517744447956176e+01
46 46 -6.98033414461173578e+01
58 46 4.18820048676704104e+00
57 46 6.53359275935658559e+01
56 46 2.79213365784469425e-01
47 47 -3.64814305557865953e+09
46 47 3.64814305557865953e+09
48 48 -1.36446295385816001e+02
60 48 3.01546312802653347e+01
59 48 8.59611660930640795e+01
58 48 1.50090924924397608e+01
57 48 4.77562033850356027e+00
56 48 5.45785181543264053e-01
49 49 -2.66595069446132779e+07
48 49 2.66595069446132779e+07
50 50 -2.37379171424638798e+02
61 50 1.70913003425739930e+02
62 50 2.84855005709566562e+01
60 50 3.79806674279422083e+01
51 51 -3.49844637641924608e+20
26 51 3.49844637641924608e+20
52 52 -5.47942435225253188e+00
28 52 3.37532540098755973e+00
17 52 2.10409895126497215e+00
53 53 -3.59329798112983587e-02
41 53 3.59329798112983587e-02
54 54 -5.66713417185794530e-04
42 54 5.66713417185794530e-04
57 57 -3.85342943861920460e-12
70 57 3.85342943861920460e-12
58 58 -2.83032740122476645e-01
71 58 2.83032740122476645e-01
59 59 -9.27907872235535836e-01
72 59 9.27907872235535919e-03
71 59 9.18628793513180497e-01
60 60 -3.59143616870437965e+00
73 60 2.44217659471897841e+00
72 60 1.14925957398540146e+00
61 61 -7.53420848434723123e+00
74 61 5.16093281177785368e+00
73 61 2.37327567256937799e+00
62 62 -1.41458608277539852e+01
75 62 5.51688572282405421e+00
74 62 8.62897510492993014e+00
63 63 -4.78032538317203617e+01
76 63 1.33849110728817031e+01
75 63 3.44183427588386621e+01
64 64 -2.31049060186648443e+07
63 64 2.31049060186648443e+07
65 65 -1.11797932348378282e+02
78 65 2.23595864696756585e+00
77 65 6.81967387325107524e+01
76 65 4.13652349688999621e+01
66 66 -3.46573590279972612e+21
52 66 3.46573590279972612e+21
67 67 -2.21635463276421212e+21
53 67 2.21635463276421212e+21
68 68 -6.30133800509041180e+01
55 68 6.30133800509041180e+01
69 69 -1.15930286094655523e-03
56 69 1.15930286094655523e-03
72 72 -9.72155933464158850e-02
86 72 9.72144267592957301e-02
55 72 1.16658712015699062e-06
73 73 -1.66182493541104120e-01
87 73 8.14294218351410172e-03
86 73 1.58039551357590013e-01
74 74 -1.11081278935888661e+00
88 74 8.16447400178781590e-01
57 74 1.35519160301784153e-01
87 74 1.58846228878320783e-01
75 75 -2.55773867365293439e+00
89 75 1.16121335783843227e+00
88 75 1.39652531581450234e+00
76 76 -5.33190138892265608e+00
90 76 2.29271759723674196e+00
89 76 3.03918379168591368e+00
77 77 -8.15467271246994407e+00
91 77 1.54938781536928949e+00
90 77 6.60528489710065525e+00
78 78 -2.88811325233310541e+01
92 78 1.47293775868988384e+01
91 78 1.03972077083991792e+01
90 78 3.75454722803303698e+00
79 79 -4.78032538317203617e+01
93 79 4.78032538317203617e+01
80 80 -1.33297534723066390e+07
79 80 1.33297534723066390e+07
81 81 -2.66595069446132798e+06
80 81 2.66595069446132798e+06
82 82 -6.08424121623827317e+20
67 82 6.08424121623827317e+20
83 83 -8.07863846806462931e+01
55 83 8.07863846806462931e+01
84 84 -9.81711441747082879e-03
70 84 9.81711441747082879e-03
85 85 -5.67037942211997149e-03
71 85 5.67037942211997149e-03
89 89 -2.57867254672598696e-02
104 89 2.57867254672598696e-02
90 90 -5.13062309814911396e-02
105 90 5.13062309814911396e-02
91 91 -2.02674614198814412e-01
106 91 2.02674614198814412e-01
92 92 -3.08065413582197911e-01
107 92 2.40291022594114390e-01
106 92 6.77743909880835355e-02
93 93 -7.65908486806569400e+00
108 93 5.28476855896532882e+00
107 93 2.37431630910036517e+00
94 94 -1.06638027778453122e+01
109 94 4.47879716669503125e+00
108 94 6.18500561115028091e+00
95 95 -1.38629436111989059e+07
94 95 1.38629436111989059e+07
96 96 -1.73286795139986314e+07
95 96 1.73286795139986314e+07
97 97 -2.66595069446132798e+06
96 97 2.66595069446132798e+06
98 98 -6.93147180559945293e+06
97 98 6.93147180559945293e+06
99 99 -1.38610030707689993e+21
83 99 1.38610030707689993e+21
100 100 -1.52106030405956849e+21
84 100 1.52106030405956849e+21
101 101 -6.08424121623827333e+19
85 101 6.08424121623827333e+19
102 102 -1.07481342930678455e-02
87 102 1.07481342930678455e-02
103 103 -1.05242352275962666e-04
88 103 1.05242352275962666e-04
105 105 -6.20932706763365830e-02
121 105 6.20932706763365830e-02
106 106 -1.66702063626730457e-01
122 106 1.66702063626730457e-01
107 107 -1.63864581692658440e-01
123 107 1.63864581692658440e-01
108 108 -3.10828332089661541e-01
124 108 3.10828332089661541e-01
109 109 -1.77730046297421862e+00
125 109 1.67243973565873971e+00
124 109 1.04860727315478894e-01
110 110 -1.38629436111989044e+01
126 110 1.19221315056310573e+01
125 110 1.94081210556784689e+00
111 111 -7.22028313083276458e+01
127 111 6.42605198644116058e+01
126 111 7.94231144391604094e+00
112 112 -1.38629436111989065e+02
128 112 3.18847703057574847e+01
127 112 1.06744665806231581e+02
113 113 -1.73286795139986314e+07
129 113 1.73286795139986314e+07
114 114 -2.77258872223978130e+02
129 114 2.77258872223978130e+02
115 115 -2.66595069446132798e+06
114 115 2.66595069446132798e+06
116 116 -2.77258872223978117e+06
132 116 1.38629436111989059e+06
131 116 1.38629436111989059e+06
117 117 -1.85569650292871496e+20
84 117 1.85569650292871496e+20
118 118 -6.34750165347935180e+00
86 118 6.34750165347935180e+00
119 119 -4.14561710861211297e-01
103 119 4.14561710861211297e-01
120 120 -4.02524495098690663e-02
104 120 4.02524495098690663e-02
124 124 -1.86129747733605050e-02
141 124 1.86129747733605050e-02
125 125 -3.41788550571965133e-03
143 125 3.41788550571965133e-03
126 126 -1.15140727667764997e+00
144 126 1.15140727667764997e+00
127 127 -3.51851360690327519e+00
145 127 3.51393953921430091e+00
144 127 4.57406768897425722e-03
128 128 -2.16608493924982888e+01
146 128 2.12276324046483218e+01
145 128 4.33216987849965762e-01
129 129 -3.66744539978807040e+01
147 129 3.09899136282091945e+01
146 129 4.36426002574780370e+00
145 129 1.32028034392370519e+00
130 130 -4.68342689567530570e+01
148 130 3.18473028905920827e+01
147 130 1.31135953078908578e+01
146 130 1.87337075827012223e+00
131 131 -9.49516685698555136e+01
149 131 7.41572531530571553e+01
148 131 1.23437169140812166e+01
147 131 8.45069850271713996e+00
132 132 -2.03866817811748632e+02
150 132 2.03866817811748632e+02
133 133 -1.98042051588555779e+02
151 133 1.98042051588555779e+02
134 134 -3.85081766977747390e+06
133 134 3.85081766977747390e+06
135 135 -1.15524530093324222e+07
153 135 5.77622650466621108e+06
152 135 5.77622650466621108e+06
136 136 -5.33190138892265587e+20
118 136 5.33190138892265587e+20
137 137 -1.73286795139986314e+07
119 137 1.73286795139986314e+07
138 138 -1.54754896307199208e+00
121 138 1.23726539597605756e+00
86 138 3.10283567095934409e-01
139 139 -3.08202392423274942e-02
122 139 3.08202392423274942e-02
140 140 -8.43912380512156164e-09
123 140 8.43912380512156164e-09
142 142 -1.28386266245831629e-05
162 142 1.28386266245831629e-05
143 143 -3.43482250029705298e+01
162 143 1.71741125014852648e-02
142 143 3.43310508904690437e+01
144 144 -1.17283786896775852e-02
163 144 1.17283786896775852e-02
145 145 -6.43590696898742154e-01
164 145 6.43590696898742154e-01
146 146 -2.30281455335529994e+00
165 146 2.29982089443593818e+00
164 146 2.99365891936188974e-03
147 147 -2.27261370675391916e+01
166 147 2.27261370675391916e+01
148 148 -1.54375764044531234e+01
167 148 1.21184974774957031e+01
166 148 3.31907892695742168e+00
149 149 -1.44405662616655270e+01
168 149 9.94232265087358513e+00
167 149 4.33216987849965829e+00
166 149 1.66066512009153566e-01
127 149 7.94231144391604101e-06
150 150 -4.07733635623497221e+01
169 150 2.56872190442803259e+01
168 150 1.50861445180693963e+01
151 151 -5.25111500424200983e+01
170 151 3.57075820288456711e+01
169 151 1.26026760101808240e+01
168 151 4.20089200339360769e+00
152 152 -8.66433975699931551e+01
171 152 3.46573590279972663e+01
170 152 4.07223968578967828e+01
169 152 1.12636416840991114e+01
153 153 -1.26026760101808236e+02
172 153 1.07122746086536992e+02
171 153 1.89040140152712333e+01
154 154 -4.62098120373296865e+02
173 154 4.62098120373296865e+02
155 155 -3.85081766977747390e+06
174 155 3.85081766977747390e+06
156 156 -1.15524530093324222e+07
174 156 5.77622650466621108e+06
175 156 5.77622650466621108e+06
157 157 -1.73286795139986328e+11
118 157 1.73286795139986328e+11
158 158 -7.63377952158529993e+00
138 158 5.57265905075726842e+00
120 158 2.06112047082803107e+00
159 159 -5.68153426688479790e+00
139 159 3.80094642454593012e+00
121 159 1.85218017100444410e+00
102 159 2.84076713344239909e-02
160 160 -1.78853613871744366e-01
140 160 1.78853613871744366e-01
161 161 -6.12483149739281862e-02
141 161 6.12483149739281862e-02
165 165 -1.22144777007109550e-03
187 165 1.22144777007109550e-03
166 166 -9.20587537599204791e-06
188 166 9.20587537599204791e-06
167 167 -5.33190138892265630e-01
189 167 5.33190138892265630e-01
168 168 -2.06909606137297075e+00
190 168 2.06909606137297075e+00
169 169 -2.98770336448252261e+00
191 169 2.93691240728631975e+00
190 169 5.07909571962028850e-02
170 170 -8.05985093674355113e+00
192 170 7.61655913522265582e+00
191 170 4.43291801520895312e-01
171 171 -7.65908486806569400e+00
193 171 6.35704044049452577e+00
192 171 1.30204442757116801e+00
172 172 -3.46573590279972663e+01
194 172 3.46573590279972663e+01
173 173 -9.90210257942778860e+00
195 173 4.75300923812533860e+00
194 173 5.14909334130245000e+00
174 174 -1.77730046297421865e+02
196 174 1.77730046297421865e+02
175 175 -2.66595069446132798e+06
197 175 2.66595069446132798e+06
176 176 -2.66595069446132798e+06
198 176 1.33297534723066399e+06
197 176 1.33297534723066399e+06
177 177 -3.85081766977747390e+06
176 177 3.85081766977747390e+06
178 178 -4.07733635623497237e+06
199 178 2.03866817811748618e+06
200 178 2.03866817811748618e+06
179 179 -1.98042051588555798e+07
158 179 1.98042051588555798e+07
180 180 -1.17482572976261928e+01
160 180 4.66288332142783535e+00
139 180 7.04895437857571583e+00
119 180 3.64195976226411935e-02
181 181 -1.47478123523392624e+00
161 181 1.45678890416407225e+00
140 181 1.79923310698539007e-02
182 182 -3.37626488338989450e-01
162 182 3.37626488338989450e-01
183 183 -5.33190138892265608e+00
162 183 9.31483172644787971e-01
121 183 1.59957041667679661e-03
182 183 4.39881864586119065e+00
184 184 -9.64982849171579088e-02
163 184 9.64982849171579088e-02
185 185 -3.06339022999251015e-14
164 185 3.06339022999251015e-14
186 186 -1.09239611132816189e-01
164 186 1.09239611132816189e-01
188 188 -5.15412376609816238e-03
209 188 5.15412376609816238e-03
189 189 -1.76104466605677139e-03
210 189 1.76104466605677139e-03
190 190 -1.91477121701642328e-01
211 190 1.91477121701642328e-01
191 191 -1.07631549776389024e+00
212 191 1.07631549776389024e+00
192 192 -2.10044600169680393e+01
213 192 2.10044600169680393e+01
193 193 -1.66222345458020442e+01
214 193 1.52093446094088716e+01
213 193 1.41288993639317395e+00
194 194 -1.65035042990463161e+01
215 194 1.20475581383038097e+01
214 194 4.45594616074250549e+00
195 195 -1.79571808435218969e+01
216 195 1.05947366976779183e+01
215 195 7.36244414584397688e+00
196 196 -7.70163533955494817e+00
217 196 5.31412838429291412e+00
216 196 2.38750695526203405e+00
197 197 -6.47801103327051635e+01
218 197 6.47801103327051635e+01
198 198 -9.12035763894664910e+01
219 198 4.56017881947332455e+01
218 198 4.56017881947332455e+01
199 199 -9.12035763894664851e+04
220 199 4.56017881947332426e+04
219 199 4.56017881947332426e+04
200 200 -2.66595069446132798e+06
221 200 1.33297534723066399e+06
220 200 1.33297534723066399e+06
201 201 -2.66595069446132798e+06
222 201 2.66595069446132798e+06
202 202 -4.07733635623497237e+06
223 202 2.03866817811748618e+06
222 202 2.03866817811748618e+06
203 203 -2.39016269158601808e+01
180 203 1.62531063027849250e+01
159 203 7.64852061307525766e+00
204 204 -1.63864581692658469e+01
181 204 3.76888537893114473e+00
160 204 1.19621144635640686e+01
139 204 6.55458326770633870e-01
205 205 -4.95105128971389430e+00
182 205 3.06965179962261425e+00
161 205 1.88139949009127982e+00
206 206 -3.15066900254520599e+00
184 206 2.04793485165438405e+00
162 206 1.10273415089082194e+00
207 207 -3.10271790760942412e-01
185 207 1.22371194276115673e-04
186 207 3.10149419566666307e-01
208 208 -1.66621918403833003e-01
187 208 1.66621918403833003e-01
212 212 -7.34421678914966368e-05
233 212 7.34421678914966368e-05
213 213 -1.43558963811342943e-10
234 213 1.43558963811342943e-10
214 214 -1.13444710402609700e-01
235 214 1.13444710402609700e-01
215 215 -2.50233639191315971e-01
236 215 2.50233639191315971e-01
216 216 -8.88650231487109310e-01
237 216 8.88650231487109310e-01
217 217 -1.54032706791098950e+00
238 217 1.38629436111989057e+00
237 217 1.54032706791098956e-01
218 218 -7.70163533955494817e+00
239 218 6.39235733183060706e+00
238 218 1.30927800772434133e+00
219 219 -6.93147180559945293e+05
240 219 3.46573590279972646e+05
239 219 3.46573590279972646e+05
220 220 -1.45925722223146366e+01
241 220 7.29628611115731829e+00
240 220 7.29628611115731829e+00
221 221 -2.10044600169680393e+01
242 221 1.05022300084840197e+01
241 221 1.05022300084840197e+01
222 222 -3.46573590279972663e+01
243 222 3.46573590279972663e+01
223 223 -5.54517744447956176e+01
244 223 5.54517744447956176e+01
224 224 -1.15524530093324222e+07
245 224 5.77622650466621108e+06
244 224 5.77622650466621108e+06
225 225 -1.92540883488873695e+06
245 225 9.62704417444368475e+05
246 225 9.62704417444368475e+05
226 226 -9.36685379135061140e+01
205 226 4.68342689567530570e+01
204 226 4.68342689567530570e+01
227 227 -2.31049060186648443e+07
205 227 2.31049060186648443e+07
228 228 -1.58614915459941699e+01
207 228 1.58614915459941699e+01
229 229 -2.66595069446132804e+00
208 229 2.66408452897520487e+00
185 229 1.86616548612292960e-03
230 230 -2.56436248819809576e+00
209 230 2.56430709796835066e+00
162 230 2.20535173985036260e-05
187 230 3.33367123465752414e-05
231 231 -1.67346011723791710e-01
210 231 1.67346011723791710e-01
232 232 -4.62468094849176250e-03
211 232 4.62468094849176250e-03
234 234 -5.62471998461397986e-07
255 234 5.62471998461397986e-07
235 235 -3.16595770009329298e-07
256 235 3.16595770009329298e-07
236 236 -5.57640531423930219e-02
257 236 5.57640531423930219e-02
237 237 -1.46542744304428187e-02
258 237 1.46542744304428187e-02
238 238 -1.23776282242847382e-01
259 238 1.23776282242847382e-01
239 239 -3.00063714528114811e-01
260 239 3.00063714528114811e-01
240 240 -1.08304246962491457e+00
261 240 9.53077373269924810e-01
260 240 1.29965096354989734e-01
241 241 -2.47552564485694715e+00
262 241 1.83188897719414090e+00
261 241 6.43636667662806250e-01
242 242 -5.54517744447956229e+00
263 242 4.66903940825179120e+00
262 242 8.76138036227770867e-01
243 243 -6.93147180559945220e+00
264 243 4.85203026391961600e+00
263 243 2.07944154167983575e+00
244 244 -1.42916944445349543e+01
265 244 7.14584722226747715e+00
264 244 7.14584722226747715e+00
245 245 -1.89903337139711041e+01
265 245 1.89903337139711041e+01
246 246 -3.74674151654024499e+01
267 246 1.87337075827012249e+01
266 246 1.87337075827012249e+01
247 247 -3.46573590279972646e+06
268 247 3.46573590279972646e+06
248 248 -3.46573590279972646e+06
269 248 3.46573590279972646e+06
249 249 -6.93147180559945326e+01
205 249 6.93147180559945326e+01
250 250 -4.47191729393513100e+01
229 250 4.31987210594133657e+01
207 250 1.02854097760508001e+00
184 250 4.91910902332864386e-01
251 251 -5.54517744447956229e+00
230 251 4.39732571347229317e+00
208 251 1.14785173100726934e+00
252 252 -3.70666941475906553e+00
231 252 1.96453478982230489e+00
209 252 1.74213462493676063e+00
253 253 -5.88410170254622500e-01
232 253 5.88410170254622500e-01
254 254 -2.69497348584737673e-01
233 254 2.69497348584737673e-01
258 258 -9.16756577766701384e-08
280 258 9.16756577766701384e-08
260 260 -2.28761445729354883e-03
282 260 2.28761445729354883e-03
261 261 -6.78358955333671247e-05
283 261 6.78358955333671247e-05
262 262 -6.02736678747778504e-02
285 262 6.02736678747778504e-02
263 263 -7.87667250636301386e-02
286 263 7.87667250636301386e-02
264 264 -3.48315166110525265e-01
287 264 3.48315166110525265e-01
265 265 -6.84251905784743708e-01
288 265 6.84251905784743708e-01
266 266 -2.47552564485694715e+00
289 266 1.48531538691416820e+00
288 266 9.90210257942778949e-01
267 267 -6.93147180559945220e+00
290 267 5.68380688059155048e+00
289 267 1.24766492500790127e+00
268 268 -1.01933408905874305e+01
291 268 4.68893680967021798e+00
290 268 5.50440408091721256e+00
269 269 -1.38629436111989044e+01
292 269 1.38629436111989044e+01
270 270 -3.46573590279972646e+06
294 270 3.46573590279972646e+06
271 271 -3.46573590279972646e+06
270 271 3.46573590279972646e+06
272 272 -4.07733635623497264e+02
250 272 4.07733635623497264e+02
273 273 -3.46573590279972628e+07
251 273 3.46573590279972628e+07
274 274 -2.31049060186648443e+07
252 274 2.31049060186648443e+07
275 275 -4.62098120373296872e+00
254 275 4.58863433530683817e+00
232 275 3.23468684261307843e-02
276 276 -2.32599725020115899e+00
255 276 2.32413645240099820e+00
209 276 1.16299862510057953e-03
233 276 6.97799175060347652e-04
277 277 -2.76044277403403149e-01
256 277 2.76044277403403149e-01
278 278 -4.54105857285079462e-01
257 278 4.54105857285079462e-01
279 279 -3.61014156541638155e-04
257 279 2.00001842724067556e-04
278 279 1.61012313817570626e-04
281 281 -7.29717713489168453e-14
259 281 1.38646365562942007e-15
304 281 7.15853076932874217e-14
283 283 -3.10299570489723866e-04
306 283 3.10299570489723866e-04
284 284 -9.69436616167755671e-01
283 284 9.69436616167755671e-01
285 285 -2.07777931822525553e-04
307 285 2.07777931822525553e-04
286 286 -8.55737259950549792e-03
308 286 8.55737259950549792e-03
287 287 -1.80507078270819091e-02
309 287 1.80507078270819091e-02
288 288 -1.01933408905874309e-01
310 288 1.01933408905874309e-01
289 289 -2.21452773341835552e-01
311 289 2.21452773341835552e-01
290 290 -1.23776282242847357e+00
312 290 1.13874179663419572e+00
311 290 9.90210257942778921e-02
291 291 -1.67832247108945598e+00
313 291 1.27552507802798654e+00
312 291 4.02797393061469444e-01
292 292 -2.98770336448252261e+00
314 292 1.19508134579300918e+00
313 292 1.79262201868951343e+00
293 293 -6.86284337188064608e+00
315 293 6.86284337188064608e+00
294 294 -3.46573590279972646e+06
316 294 3.46573590279972646e+06
295 295 -4.07733635623497237e+06
317 295 4.07733635623497237e+06
296 296 -3.46573590279972663e+01
318 296 3.46573590279972663e+01
297 297 -3.46573590279972646e+06
319 297 3.46573590279972646e+06
298 298 -3.46573590279972628e+07
273 298 3.46573590279972628e+07
299 299 -4.59037867920493525e+01
275 299 1.03283520282111052e+01
253 299 3.16736128865140500e+01
231 299 3.90182187732419505e+00
300 300 -7.07293041387699262e+00
276 300 4.03157033590988512e+00
254 300 3.04136007796710661e+00
301 301 -4.00663110150257396e+00
277 301 2.45606486522107792e+00
255 301 1.55056623628149626e+00
302 302 -8.20778188940136433e-01
278 302 8.20778188940136433e-01
303 303 -3.90505453836588912e-01
280 303 3.90505453836588912e-01
305 305 -2.28953676142591421e-07
282 305 2.28953676142591421e-07
307 307 -8.16524911161333991e-11
330 307 8.16524911161333991e-11
309 309 -1.05395976729608803e-04
332 309 1.05395976729608803e-04
310 310 -6.67611057606496753e-10
333 310 6.67611057606496753e-10
311 311 -2.15129478758518088e-03
334 311 2.15129478758518088e-03
312 312 -9.73247936759260332e-04
335 312 9.73247936759260332e-04
313 313 -3.22694218137777114e-02
336 313 3.22694218137777114e-02
314 314 -8.25175214952315744e-02
337 314 8.25175214952315744e-02
315 315 -5.63534293138166942e-01
338 315 5.63534293138166942e-01
316 316 -1.45925722223146392e+00
339 316 1.45925722223146392e+00
317 317 -4.07733635623497204e+00
340 317 1.42706772468224008e+00
339 317 2.65026863155273196e+00
318 318 -8.15467271246994407e+00
341 318 5.30053726310546391e+00
340 318 2.85413544936448016e+00
319 319 -3.46573590279972646e+06
342 319 3.46573590279972646e+06
320 320 -6.93147180559945326e+01
343 320 6.93147180559945326e+01
321 321 -2.31049060186648433e+02
344 321 1.15524530093324216e+02
343 321 1.15524530093324216e+02
322 322 -2.10044600169680393e+02
299 322 2.10044600169680393e+02
323 323 -2.77258872223978117e+07
300 323 2.77258872223978117e+07
324 324 -2.77258872223978117e+07
301 324 2.77258872223978117e+07
325 325 -3.89408528404463672e+00
303 325 3.87967716849367150e+00
278 325 1.44081155509651563e-02
326 326 -2.02674614198814407e+00
304 326 2.02571047470958820e+00
255 326 6.28291304016324626e-05
280 326 9.72838148154309200e-04
327 327 -5.65372904208764515e-01
305 327 5.65372904208764515e-01
328 328 -1.51289326994924326e-03
306 328 1.51289326994924326e-03
329 329 -7.50159286320287055e-01
306 329 7.50159286320287055e-01
331 331 -1.75997598145421157e-17
308 331 1.91133391585927382e-18
353 331 1.56884258986828408e-17
333 333 -1.55777413825949571e-05
355 333 1.55777413825949571e-05
334 334 -8.63412033582393248e-06
356 334 8.63412033582393248e-06
335 335 -5.22026796625956694e-04
357 335 5.22026796625956694e-04
336 336 -6.48649804005189306e-04
358 336 6.48649804005189306e-04
337 337 -6.60140171961852689e-03
359 337 6.60140171961852689e-03
338 338 -3.96084103177111596e-02
360 338 3.96084103177111596e-02
339 339 -1.01933408905874309e-01
361 339 1.00771368044347345e-01
360 339 1.16204086152696721e-03
340 340 -5.50116809968210552e-01
362 340 7.70163533955494778e-02
361 340 4.73100456572661088e-01
341 341 -1.46853216220327409e+00
363 341 1.04265783516432453e+00
362 341 4.25874327038949452e-01
342 342 -1.89903337139711037e+00
364 342 1.00648768684046863e+00
363 342 8.92545684556641850e-01
343 343 -6.60140171961852662e+00
365 343 1.78237846429700220e+00
364 343 4.81902325532152442e+00
344 344 -2.31049060186648454e+01
366 344 3.69678496298637516e+00
365 344 1.54802870325054478e+01
364 344 3.92783402317302421e+00
345 345 -6.93147180559945326e+01
367 345 6.93147180559945326e+01
346 346 -2.31049060186648433e+02
368 346 1.15524530093324216e+02
367 346 1.15524530093324216e+02
347 347 -1.98042051588555798e+07
323 347 1.98042051588555798e+07
348 348 -2.69707074147838632e+01
325 348 2.69707074147838635e-02
302 348 2.58109669959481565e+01
277 348 1.13276971142092231e+00
349 349 -6.79556059372495458e+00
326 349 3.10557119133230453e+00
303 349 3.68998940239265050e+00
350 350 -3.82742783302012857e+00
327 350 6.85109582110603021e-01
304 350 3.14231825090952555e+00
351 351 -1.57533450127260299e+00
328 351 6.32811869161204648e-04
329 351 1.57470168940344180e+00
352 352 -8.06360144904543108e-01
330 352 8.06360144904543108e-01
354 354 -2.15337999726595983e-13
332 354 2.15337999726595983e-13
358 358 -4.93360746332570743e-08
382 358 4.93351372478390399e-08
383 358 9.37385418031884533e-13
360 360 -1.76863686332372211e-06
386 360 1.76863686332372211e-06
361 361 -9.54979692818018165e-28
411 361 7.16234769613513668e-28
387 361 2.38744923204504541e-28
362 362 -1.32512652091447826e-03
388 362 1.32512652091447826e-03
363 363 -4.98667036374061332e-02
389 363 1.74533462730921469e-04
390 363 4.96921701746752126e-02
364 364 -6.93147180559945258e-02
391 364 6.93147180559945258e-02
365 365 -1.50684169686944647e-01
392 365 1.47670486293205755e-01
391 365 3.01368339373889313e-03
366 366 -7.70163533955494817e+00
393 366 5.39114473768846381e+00
392 366 2.31049060186648436e+00
367 367 -8.05985093674355113e+00
394 367 8.05985093674355113e+00
368 368 -3.15066900254520590e+01
395 368 3.15066900254520590e+01
369 369 -6.93147180559945326e+01
396 369 6.93147180559945326e+01
370 370 -1.38629436111989065e+02
397 370 6.93147180559945326e+01
396 370 6.93147180559945326e+01
371 371 -7.87667250636301475e+01
348 371 7.87667250636301475e+01
372 372 -1.23776282242847362e+01
349 372 1.23776282242847362e+01
373 373 -1.63864581692658469e+01
350 373 1.63864581692658469e+01
374 374 -2.31049060186648462e+06
351 374 2.31049060186648462e+06
375 375 -3.80223357410831220e+00
353 375 3.80223357410831220e+00
376 376 -1.16241351762526457e+00
354 376 1.16241351762526457e+00
377 377 -1.01813628166854486e+00
355 377 1.01813628166854486e+00
378 378 -1.11797932348378266e-02
355 378 1.11797932348378266e-02
379 379 -4.94836503440950105e-05
356 379 4.94836503440950105e-05
380 380 -4.84989630954341821e-05
357 380 4.84989630954341821e-05
381 381 -3.28512000492874393e-06
357 381 3.94214400591449299e-08
380 381 3.24569856486959916e-06
383 383 -2.17970811496838124e+00
382 383 2.17970811496838124e+00
384 384 -9.57457550069984911e-08
409 384 9.57457550069984911e-08
385 385 -3.69678496298637485e-02
384 385 3.69678496298637485e-02
386 386 -2.39535896857612576e-06
410 386 2.39535896857612576e-06
387 387 -4.40899664503947095e-06
411 387 4.40899664503947095e-06
388 388 -2.02036603870801347e-04
412 388 2.02036603870801347e-04
389 389 -6.76241151765800269e-03
413 389 6.76241151765800269e-03
390 390 -1.98042051588555812e+00
389 390 1.98042051588555812e+00
391 391 -5.58989661741891367e-02
414 391 5.58989661741891367e-02
392 392 -8.45301439707250440e-02
415 392 8.45301439707250440e-02
393 393 -2.31049060186648419e-01
416 393 2.31049060186648419e-01
394 394 -1.92540883488873704e+00
417 394 1.92540883488873704e+00
395 395 -6.60140171961852662e+00
418 395 6.60140171961852662e+00
396 396 -1.15524530093324227e+01
419 396 5.77622650466621135e+00
418 396 5.77622650466621135e+00
397 397 -5.33190138892265608e+01
420 397 5.33190138892265608e+01
398 398 -5.77622650466621081e+01
421 398 5.77622650466621081e+01
399 399 -6.93147180559945326e+01
422 399 3.46573590279972663e+01
421 399 3.46573590279972663e+01
400 400 -2.31049060186648433e+02
423 400 2.31049060186648433e+02
401 401 -5.77622650466621108e+06
349 401 5.77622650466621108e+06
402 402 -2.16608493924982888e+01
351 402 2.16608493924982888e+01
403 403 -1.30046375339576983e+01
352 403 1.30046375339576983e+01
404 404 -8.62123358905404658e+00
353 404 8.62123358905404658e+00
405 405 -3.48315166110525265e+00
377 405 3.48315166110525265e+00
406 406 -1.36178228007847801e+00
379 406 1.36178228007847801e+00
407 407 -3.66074372080712173e-10
380 407 3.66074372080712173e-10
408 408 -6.25132738600239215e-05
382 408 6.25132738600239215e-05
414 414 -2.00563420300910091e-03
440 414 2.00563420300910091e-03
415 415 -6.79556059372495372e-03
441 415 6.79556059372495372e-03
416 416 -2.11971614850136152e-02
442 416 2.11971614850136152e-02
417 417 -4.62098120373296839e-01
443 417 4.62098120373296839e-01
418 418 -5.33190138892265630e-01
444 418 5.33190138892265630e-01
419 419 -3.46573590279972610e+00
445 419 3.46573590279972610e+00
420 420 -1.15524530093324227e+01
446 420 1.15524530093324227e+01
421 421 -1.17482572976261928e+01
447 421 1.17482572976261928e+01
422 422 -2.31049060186648454e+01
448 422 2.31049060186648454e+01
423 423 -3.15066900254520590e+01
449 423 3.15066900254520590e+01
424 424 -2.31049060186648462e+06
450 424 2.31049060186648462e+06
425 425 -6.93147180559945326e+01
451 425 6.93147180559945326e+01
426 426 -2.31049060186648433e+02
452 426 1.15524530093324216e+02
451 426 1.15524530093324216e+02
427 427 -9.00191143584344502e+01
402 427 9.00191143584344502e+01
428 428 -2.84076713344239842e+01
403 428 2.84076713344239842e+01
429 429 -1.26026760101808235e+07
404 429 1.26026760101808235e+07
430 430 -8.66433975699931525e-01
406 430 8.66433975699931525e-01
431 431 -6.24456919423374135e+00
407 431 6.24456919423374135e+00
432 432 -4.62098120373296872e+00
407 432 4.62098120373296872e+00
433 433 -1.26717948914066780e+00
408 433 1.26717948914066780e+00
434 434 -1.64058504274543271e+00
409 434 1.64058504274543271e+00
435 435 -6.79556059372495383e+02
434 435 6.79556059372495383e+02
436 436 -3.54369724212650944e-04
410 436 3.54369724212650944e-04
437 437 -5.02240531957557932e-07
411 437 5.02240531957557932e-07
438 438 -2.43107176122315274e-08
412 438 2.43107176122315274e-08
439 439 -1.56889490083870582e-25
413 439 1.30218276769612579e-25
463 439 2.66712133142580028e-26
441 441 -3.08641544465199612e-03
465 441 3.08641544465199612e-03
442 442 -7.48700778310591123e-03
466 442 7.48700778310591123e-03
443 443 -1.39186180835330388e-02
467 443 1.39186180835330388e-02
444 444 -1.05985807425068079e-01
468 444 1.05985807425068079e-01
445 445 -3.20901472481456151e+00
469 445 3.20901472481456151e+00
446 446 -1.98042051588555812e+00
470 446 1.97962834767920404e+00
469 446 7.92168206354223309e-04
447 447 -3.74674151654024490e+00
471 447 3.74674151654024490e+00
448 448 -9.24196240746593745e+00
472 448 9.24196240746593745e+00
449 449 -1.01933408905874305e+01
473 449 1.01933408905874305e+01
450 450 -1.47478123523392615e+01
474 450 1.47478123523392615e+01
451 451 -4.62098120373296924e+06
475 451 4.62098120373296924e+06
452 452 -4.07733635623497221e+01
476 452 2.65026863155273205e+01
475 452 1.42706772468224017e+01
453 453 -3.64814305557865950e+01
477 453 3.64814305557865950e+01
454 454 -6.93147180559945326e+01
478 454 3.46573590279972663e+01
477 454 3.46573590279972663e+01
455 455 -4.95105128971389448e+01
429 455 4.95105128971389448e+01
456 456 -3.20901472481456125e+01
430 456 2.47094133810721210e+01
405 456 7.38073386707349144e+00
457 457 -1.29560220665410331e+01
431 457 1.20491005218831617e+01
406 457 9.06921544657872447e-01
458 458 -1.13817271027905633e+01
433 458 7.46641297943060955e+00
407 458 3.91531412335995332e+00
459 459 -2.66595069446132804e+00
434 459 2.66595069446132804e+00
460 460 -1.38629436111989057e+00
436 460 1.38629436111989057e+00
461 461 -8.93046769428913237e-06
437 461 8.93046769428913237e-06
462 462 -2.73107636154430755e-04
438 462 2.73107636154430755e-04
464 464 -2.89611860684887000e-07
440 464 2.89611860684887000e-07
468 468 -3.30353245905988611e-03
494 468 3.30353245905988611e-03
469 469 -1.94485740897852219e-03
495 469 1.94485740897852219e-03
470 470 -3.28505772777225244e-02
496 470 3.28505772777225244e-02
471 471 -9.90210257942778921e-02
497 471 9.90210257942778921e-02
472 472 -1.50684169686944625e+00
499 472 1.50684169686944625e+00
473 473 -1.41458608277539866e+00
500 473 1.41458608277539866e+00
474 474 -2.56721177985164895e+00
502 474 2.56721177985164895e+00
475 475 -3.64814305557865914e+00
503 475 3.64814305557865914e+00
476 476 -5.37323395782903290e+00
505 476 5.37323395782903290e+00
477 477 -1.61197018734871023e+01
506 477 1.61197018734871023e+01
478 478 -2.56721177985164921e+01
507 478 2.56721177985164921e+01
479 479 -6.93147180559945326e+01
508 479 6.93147180559945326e+01
480 480 -1.38629436111989044e+01
509 480 1.38629436111989044e+01
481 481 -6.60140171961852629e+06
457 481 3.30070085980926314e+06
456 481 3.30070085980926314e+06
482 482 -9.90210257942778990e+06
457 482 9.90210257942778990e+06
483 483 -2.00912226249259476e+01
459 483 1.56711536474422388e+01
433 483 4.42006897748370875e+00
484 484 -6.93147180559945220e+00
460 484 6.69580176420907058e+00
434 484 2.35670041390381391e-01
485 485 -4.38423264111287381e+00
461 485 4.37193048432191134e+00
407 485 2.63053958466772445e-05
436 485 1.22758513951160466e-02
486 486 -1.81452141507839082e+00
462 486 1.81452141507839082e+00
487 487 -2.44764003163934207e+00
463 487 2.44764003163934207e+00
488 488 -6.60140171961852689e-03
463 488 6.60140171961852689e-03
489 489 -2.50053095440095686e-04
464 489 2.50053095440095686e-04
490 490 -1.43490195171461332e-06
465 490 1.43490195171461332e-06
491 491 -5.47509621295375450e-04
465 491 5.37928202922706433e-04
490 491 9.58141837266907092e-06
492 492 -5.93635981055595773e-15
466 492 5.93635981055595773e-15
493 493 -2.57091389586169018e-08
467 493 2.57091389586169018e-08
495 495 -7.46600812318716050e-05
525 495 7.46600812318716050e-05
496 496 -8.11647752412113926e-03
526 496 8.11647752412113926e-03
497 497 -2.31049060186648419e-01
527 497 2.31049060186648419e-01
498 498 -1.05985807425068076e-02
527 498 1.05985807425068076e-02
499 499 -1.51012457638332320e-01
528 499 1.51012457638332320e-01
500 500 -1.35911211874499074e-02
529 500 1.35911211874499074e-02
501 501 -3.91608576587539725e-01
529 501 3.46573590279972643e-01
500 501 4.50349863075670681e-02
502 502 -1.03454803068648538e+00
530 502 1.03454803068648538e+00
503 503 -1.03300623034269035e+00
531 503 1.03300623034269035e+00
504 504 -7.53420848434723123e+00
531 504 7.53420848434723123e+00
505 505 -2.39016269158601835e+00
532 505 2.39016269158601835e+00
506 506 -7.70163533955494817e+00
533 506 5.16009567750181564e+00
532 506 2.54153966205313298e+00
507 507 -7.53420848434723123e+00
534 507 7.01284125723040219e+00
533 507 5.21367227116828369e-01
508 508 -1.08304246962491444e+01
536 508 9.65207448929723810e+00
534 508 1.17835020695190695e+00
509 509 -1.47478123523392615e+01
537 509 1.47478123523392615e+01
510 510 -2.47552564485694724e+01
538 510 1.84901961465655127e+01
537 510 6.01062577622556482e+00
536 510 2.54434525778397036e-01
511 511 -4.95105128971389448e+01
539 511 4.95105128971389448e+01
512 512 -3.41451813083716843e+02
457 512 3.41451813083716843e+02
513 513 -5.33190138892265608e+01
483 513 1.13569499584052576e+01
458 513 4.19620639308213086e+01
514 514 -3.16505561899518391e+01
484 514 3.67146451803441343e+00
459 514 2.79790916719174270e+01
515 515 -1.57533450127260295e+01
485 515 1.51862245922678927e+01
460 515 5.67120420458137042e-01
516 516 -1.07132485403391868e+01
486 516 4.63883661796686741e+00
461 516 6.07441192237231853e+00
517 517 -4.47191729393513082e+00
487 517 4.47191729393513082e+00
518 518 -2.27261370675391916e+00
489 518 2.27261370675391916e+00
519 519 -2.32677804820391180e-05
491 519 2.32677804820391180e-05
520 520 -1.51012457638332303e-02
490 520 1.51012457638332303e-02
521 521 -1.35751504222472621e-03
492 521 1.35751504222472621e-03
522 522 -4.54820984619386682e-03
521 522 4.54820984619386682e-03
524 524 -8.00455898020643773e-09
494 524 8.00455898020643773e-09
528 528 -1.80301984763151000e-07
556 528 1.80301984763151000e-07
529 529 -1.46430058170867521e-14
558 529 1.46430058170867521e-14
530 530 -1.93184832931980288e-03
559 530 1.93184832931980288e-03
531 531 -1.01933408905874306e-02
560 531 1.01933408905874306e-02
532 532 -1.13630685337695950e-01
562 532 1.13630685337695950e-01
533 533 -3.46573590279972643e-01
563 533 3.46573590279972643e-01
534 534 -8.55737259950549722e-01
564 534 8.55737259950549722e-01
535 535 -6.18881411214236787e-01
564 535 6.18881411214236787e-01
536 536 -1.57533450127260299e+00
565 536 1.57533450127260299e+00
537 537 -1.66621918403833003e+00
566 537 1.66621918403833003e+00
538 538 -3.70666941475906553e+00
567 538 3.70666941475906553e+00
539 539 -6.35914844550408542e+00
569 539 6.35914844550408542e+00
540 540 -7.37390617616963073e+00
570 540 7.37390617616963073e+00
541 541 -2.47552564485694724e+01
572 541 2.47552564485694724e+01
542 542 -4.62098120373296924e+06
573 542 3.34559039150266955e+06
572 542 1.27539081223029969e+06
543 543 -1.98042051588555798e+07
516 543 9.90210257942778990e+06
515 543 9.90210257942778990e+06
544 544 -1.57533450127260295e+01
517 544 7.24653870585397364e+00
486 544 8.50680630687205586e+00
545 545 -3.46573590279972646e+06
518 545 3.46573590279972646e+06
546 546 -6.02736678747778498e+00
519 546 6.02736678747778498e+00
547 547 -2.88811325233310567e+00
521 547 2.88811325233310567e+00
548 548 -2.80626388890666112e+00
521 548 2.76416993057306115e+00
519 548 4.20939583335999123e-02
549 549 -3.58623334312885600e+00
523 549 3.58623334312885600e+00
550 550 -7.80571149279217676e-03
523 550 7.80571149279217676e-03
551 551 -1.09835073296562292e-05
524 551 1.09835073296562292e-05
552 552 -1.03874471436906101e-07
525 552 1.03874471436906101e-07
553 553 -2.95228359654023798e-08
526 553 2.95228359654023798e-08
554 554 -1.13216720463398309e-07
527 554 1.13216720463398309e-07
555 555 -2.11583388449311749e-05
554 555 2.11583388449311749e-05
557 557 -4.16694528910503222e-09
589 557 4.16694528910503222e-09
558 558 -1.10370239890440649e-03
589 558 2.64888575737057529e-06
557 558 1.10105351314703599e-03
559 559 -1.16691444538711327e-04
590 559 1.16691444538711327e-04
560 560 -7.70163533955494761e-03
591 560 7.70163533955494761e-03
561 561 -8.30514235034681574e-04
591 561 8.22209092684334777e-04
560 561 8.30514235034681595e-06
562 562 -2.52973423562023840e-02
592 562 2.52973423562023840e-02
563 563 -2.31049060186648436e+00
593 563 2.31049060186648436e+00
564 564 -5.97540672896504588e-01
594 564 5.97540672896504588e-01
565 565 -3.46573590279972610e+00
595 565 3.46573590279972610e+00
566 566 -1.63093454249398895e+00
596 566 1.63093454249398895e+00
567 567 -3.48315166110525265e+00
597 567 3.48315166110525265e+00
568 568 -4.33216987849965762e-01
597 568 4.33216987849965762e-01
569 569 -3.15066900254520599e+00
598 569 3.15066900254520599e+00
570 570 -5.82476622319281745e+00
600 570 5.82476622319281745e+00
571 571 -1.38629436111989057e+00
600 571 1.38629436111989057e+00
572 572 -8.77401494379677516e+00
601 572 8.54501315376367998e+00
600 572 2.29001790033095842e-01
573 573 -1.15717392414014242e+01
602 573 1.09004163610507625e+01
601 573 6.69041049089650341e-01
600 573 2.28183126101194666e-03
574 574 -1.69060287941450049e+01
603 574 1.60064928140661387e+01
602 574 8.99518735929497382e-01
601 574 1.71105917425541612e-05
575 575 -2.31049060186648454e+01
604 575 2.09622032443059041e+01
603 575 2.05005672220529789e+00
602 575 9.26460521536422998e-02
576 576 -2.03866817811748611e+01
605 576 1.89272400058241139e+01
604 576 1.44060142338267316e+00
603 576 1.88403519680727487e-02
577 577 -3.30070085980926365e+02
3821 577 9.90210257942779037e+01
513 577 2.31049060186648433e+02
578 578 -9.24196240746593816e+01
515 578 7.67082879819672883e+01
543 578 1.57113360926920969e+01
579 579 -5.77622650466621081e+01
544 579 1.73286795139986332e+01
516 579 4.04335855326634714e+01
580 580 -3.46573590279972646e+06
545 580 3.46573590279972646e+06
581 581 -1.82407152778932975e+01
546 581 1.25131306806348039e+01
518 581 5.72758459725849534e+00
582 582 -1.54032706791098963e+01
547 582 1.17989053401981803e+01
519 582 3.60436533891171607e+00
583 583 -6.66487673615332010e+00
549 583 6.66487673615332010e+00
584 584 -3.38616111656055363e+00
551 584 3.38616111656055363e+00
585 585 -1.32058219128171256e-06
552 585 1.32058219128171256e-06
586 586 -5.40845178339532815e-06
553 586 5.40845178339532815e-06
588 588 -2.89006404556386109e-13
556 588 2.89006404556386109e-13
592 592 -2.17040540250418884e-10
620 592 2.17040540250418884e-10
594 594 -7.64904053682374796e-05
622 594 7.64904053682374796e-05
595 595 -3.52638980748852901e-06
623 595 3.52638980748852901e-06
596 596 -3.30070085980926353e-02
624 596 3.30070085980926353e-02
597 597 -2.39016269158601816e-02
625 597 2.39016269158601816e-02
598 598 -6.08023842596443209e-02
627 598 6.08023842596443209e-02
599 599 -1.98042051588555784e-01
627 599 1.98042051588555784e-01
600 600 -1.15524530093324210e-01
628 600 1.15524530093324210e-01
601 601 -2.70760617406228643e-01
631 601 2.70760617406228643e-01
602 602 -4.41495019464933303e-01
632 602 4.41494931165929416e-01
631 602 5.94208146697853673e-08
603 603 -8.25175214952315828e-01
633 603 8.20490447704466996e-01
632 603 4.68476724784878257e-03
604 604 -1.01933408905874301e+00
634 604 1.00499919376430991e+00
633 604 1.43348952944331032e-02
605 605 -1.15524530093324218e+00
635 605 1.01824476069556913e+00
634 605 1.37000540237673191e-01
606 606 -2.91238311159640872e+00
636 606 2.20878047566583247e+00
635 606 7.03602635930576370e-01
607 607 -1.13630685337695958e+01
638 607 5.07304194690143628e+00
636 607 6.28998113459402486e+00
635 607 4.54147760089169448e-05
608 608 -6.30133800509041198e+00
639 608 4.19051580014522518e+00
638 608 2.11082220494518635e+00
609 609 -1.00456113124629752e+02
580 609 1.00456113124629752e+02
610 610 -2.31049060186648462e+06
582 610 1.15524530093324231e+06
581 610 1.15524530093324231e+06
611 611 -9.24196240746593848e+06
582 611 9.24196240746593848e+06
612 612 -1.73286795139986332e+01
584 612 8.66433975699931658e+00
583 612 8.66433975699931658e+00
613 613 -7.37390617616963073e+00
585 613 7.37390617616963073e+00
614 614 -3.53106052246533508e+00
586 614 3.53106052246533508e+00
615 615 -2.16338071335813120e-01
587 615 2.16338071335813120e-01
616 616 -8.50487338110362395e-03
588 616 8.50487338110362395e-03
617 617 -4.87445274655376438e-04
589 617 4.87445274655376438e-04
618 618 -5.77680418508471963e-05
590 618 5.77680418508471963e-05
619 619 -1.19429887411686363e-03
591 619 1.19429887411686363e-03
621 621 -1.51595058254368714e-05
593 621 9.32309608264367613e-06
655 621 5.83640974279319523e-06
623 623 -2.25633847838523863e-03
657 623 2.25633847838523863e-03
624 624 -3.11403660826255351e-06
658 624 3.11403660826255351e-06
625 625 -2.22876906932458277e-02
659 625 2.22876906932458277e-02
626 626 -3.08065413582197904e-03
659 626 4.92904661731516651e-04
625 626 2.58774947409046250e-03
627 627 -4.05349228397628835e-03
660 627 4.05349228397628835e-03
628 628 -1.55763411361785464e-02
662 628 1.55763411361785464e-02
629 629 -2.10044600169680407e-02
662 629 1.09223192088233820e-02
628 629 1.00821408081446587e-02
630 630 -1.05022300084840203e-01
662 630 9.78807836790710761e-02
628 630 7.14151640576913410e-03
631 631 -3.55460092594843749e-02
663 631 3.55460092594843749e-02
632 632 -1.04547086057306990e-01
665 632 1.04547086057306990e-01
633 633 -1.65035042990463149e-01
666 633 1.64987182827995904e-01
665 633 4.78601624672343130e-05
634 634 -3.96084103177111568e-01
669 634 3.95787040099728704e-01
666 634 2.97063077382833673e-04
635 635 -5.66296716143746215e-01
670 635 5.46476331078715072e-01
669 635 1.98203850650311188e-02
636 636 -1.06148113408873690e+00
671 636 1.02963670006607466e+00
670 636 3.18444340226621062e-02
637 637 -5.45785181543263942e-01
671 637 5.45785181543263942e-01
638 638 -1.47792575812355076e+00
672 638 1.21928875045192942e+00
671 638 2.58637007671621344e-01
639 639 -2.06909606137297075e+00
674 639 1.30230975198876164e+00
672 639 7.66338143177315856e-01
671 639 4.48166206893385458e-04
640 640 -3.68695308808481537e+00
675 640 1.65912888963816685e+00
674 640 2.02782419844664874e+00
641 641 -4.07733635623497204e+00
676 641 1.71753716670041956e+00
675 641 2.10550387566888952e+00
674 641 2.54295313865662731e-01
642 642 -2.47552564485694724e+01
676 642 2.35079876076647487e+01
675 642 1.24726388985343450e+00
674 642 4.76142602531785220e-06
643 643 -1.87337075827012228e+02
581 643 1.87337075827012228e+02
644 644 -3.46573590279972663e+01
612 644 3.46573590279972663e+01
645 645 -1.38629436111989059e+06
613 645 1.38629436111989059e+06
646 646 -1.82407152778932975e+01
614 646 6.38425034726265395e+00
585 646 1.18564649306306436e+01
647 647 -8.25175214952315805e+00
615 647 8.25175214952315805e+00
648 648 -3.80850099208761161e+00
616 648 3.80850099208761161e+00
649 649 -4.85397185266068110e-03
617 649 4.85397185266068110e-03
650 650 -7.77942963591408878e-03
618 650 7.77942963591408878e-03
651 651 -1.61197018734871000e+00
650 651 1.61197018734871000e+00
652 652 -4.95105128971389430e+00
650 652 4.95105128971389430e+00
653 653 -2.07927519966386283e-05
619 653 2.07927519966386283e-05
654 654 -3.00297712745838899e-04
620 654 3.00297712745838899e-04
656 656 -3.28886876290272539e-08
622 656 3.28886876290272539e-08
660 660 -2.04830727115823066e-04
693 660 2.04830727115823066e-04
661 661 -1.39927967651797744e-05
693 661 4.61762293250932564e-09
660 661 1.39881791422472643e-05
663 663 -4.71528694258466219e-03
695 663 4.71528694258466219e-03
664 664 -4.86214352244630508e-05
695 664 4.86214352244630508e-05
665 665 -4.14066416105104721e-06
696 665 3.99466227240030649e-06
697 665 1.46001888650740450e-07
666 666 -2.94956247046785219e-02
698 666 2.94956247046785219e-02
667 667 -1.19508134579300915e-01
698 667 5.97540672896504574e-02
666 667 5.97540672896504574e-02
668 668 -5.33190138892265608e+01
666 668 5.33190138892265608e+01
669 669 -7.25049352050152057e-03
699 669 7.25049352050152057e-03
670 670 -6.79556059372495441e-02
701 670 6.79556059372495441e-02
671 671 -1.21604768519288642e-01
702 671 1.21604768519288642e-01
672 672 -3.33243836807666005e-01
703 672 3.33243836807666005e-01
673 673 -6.60140171961852595e-01
703 673 3.30070085980926298e-01
672 673 3.30070085980926298e-01
674 674 -4.71528694258466163e-01
704 674 4.71528694258466163e-01
675 675 -6.96630332221050530e-01
705 675 6.87574137902176918e-01
704 675 9.05619431887365670e-03
676 676 -1.28360588992582447e+00
706 676 1.27076983102656627e+00
705 676 1.28360588992582451e-02
677 677 -2.16608493924982914e+00
707 677 2.00362856880609197e+00
706 677 1.62456370443737175e-01
678 678 -1.33297534723066402e+01
708 678 8.78204148015978348e+00
707 678 4.54771065917150974e+00
706 678 8.54463857081800306e-08
679 679 -1.61197018734871023e+01
709 679 1.48074775424758851e+01
708 679 1.22465405058349885e+00
707 679 8.75702804277186803e-02
680 680 -1.17482572976261920e+02
644 680 1.17482572976261920e+02
681 681 -5.63534293138166902e+01
645 681 5.63534293138166902e+01
682 682 -4.56017881947332455e+01
646 682 4.56017881947332455e+01
683 683 -1.65824684344484545e+01
647 683 1.65824684344484545e+01
684 684 -9.90210257942778860e+00
649 684 9.90210257942778860e+00
685 685 -4.12587607476157903e+00
650 685 4.12587607476157903e+00
686 686 -5.96923166172877462e+00
653 686 5.96923166172877462e+00
687 687 -2.13934314987637431e-02
654 687 2.13934314987637431e-02
688 688 -4.39758393960122587e-03
655 688 4.39758393960122587e-03
689 689 -7.60029803245554011e-04
656 689 7.60029803245554011e-04
690 690 -2.02888180704819475e-05
657 690 2.02888180704819475e-05
691 691 -2.45961806502142138e-06
658 691 2.45961806502142138e-06
692 692 -1.70616644651195117e-04
659 692 1.70616644651195117e-04
694 694 -5.46473652286301806e-04
725 694 5.44233110311927973e-04
662 694 2.24054197437383755e-06
696 696 -1.36553818077215377e-05
728 696 1.36553818077215377e-05
697 697 -1.74684269294341057e+01
696 697 1.74684269294341057e+01
698 698 -3.96174657384513760e-05
729 698 5.85110351491188350e-07
730 698 3.90323553869601845e-05
699 699 -1.42271588784882047e-03
731 699 1.42271588784882047e-03
700 700 -7.29628611115731851e-02
731 700 1.82407152778932963e-02
699 700 5.47221458336798888e-02
701 701 -5.50116809968210531e-03
732 701 5.29893745870245111e-03
733 701 2.02230475944610756e-04
702 702 -2.12621834527590564e-02
734 702 2.12621834527590564e-02
703 703 -5.25111500424201016e-02
735 703 5.25111500424201016e-02
704 704 -1.36178228007847790e-01
737 704 1.36178228007847790e-01
705 705 -2.43465816845783389e-01
738 705 2.31157913753360172e-01
739 705 1.20911966035069408e-02
737 705 2.16684576992747202e-04
706 706 -4.13572303436721522e-01
740 706 4.10015581627165671e-01
738 706 3.55672180955580531e-03
707 707 -5.69553969235780833e-01
741 707 2.65542691433622691e-01
742 707 2.36234298507703278e-01
740 707 6.77769223390579101e-02
708 708 -1.15717392414014242e+00
743 708 1.03063695553541801e+00
741 708 1.26536968604724576e-01
740 708 1.61634053723895089e-09
709 709 -2.24974742148635309e+00
744 709 5.77577655518191513e-01
743 709 1.67216931601867724e+00
741 709 4.60725774446190215e-07
710 710 -8.15467271246994407e+00
745 710 6.85155601301724637e+00
744 710 1.23404662157807654e+00
743 710 6.90700778746204253e-02
711 711 -1.44405662616655270e+01
745 711 1.43292699293736181e+01
744 711 1.11296231207944726e-01
743 711 9.30766698395651448e-08
712 712 -2.39016269158601808e+01
747 712 5.67731280855851139e+00
746 712 1.69451205462290559e+01
745 712 1.27843444540176487e+00
744 712 7.56629901648469953e-04
713 713 -4.56017881947332455e+01
645 713 4.56017881947332455e+01
714 714 -1.65824684344484545e+01
646 714 1.65824684344484545e+01
715 715 -2.31049060186648454e+01
684 715 1.15524530093324227e+01
647 715 1.15524530093324227e+01
716 716 -1.77730046297421858e+01
685 716 3.55460092594843724e+00
649 716 1.42184037037937490e+01
717 717 -4.62098120373296924e+06
686 717 4.62098120373296924e+06
718 718 -4.88131817295736159e+00
687 718 4.88131817295736159e+00
719 719 -1.08814314059646044e-02
688 719 1.08814314059646044e-02
720 720 -2.24319475909367412e-02
689 720 2.24319475909367412e-02
721 721 -8.51950811897671218e-05
690 721 8.51950811897671218e-05
722 722 -6.11240899964678392e-04
691 722 6.11240899964678392e-04
723 723 -2.96089197713098508e-08
692 723 2.96089197713098508e-08
724 724 -4.93062441712864802e-06
693 724 4.93062441712864802e-06
726 726 -7.01884235523744816e-07
695 726 7.01884235523744816e-07
727 727 -3.39611553434564044e+01
726 727 3.39611553434564044e+01
730 730 -1.38907250613215494e+00
729 730 1.38907250613215494e+00
732 732 -1.39556088539893939e-04
766 732 1.39556088539893939e-04
733 733 -1.45313874331225411e-02
766 733 4.35941622993676215e-06
732 733 1.45270280168926045e-02
735 735 -1.70390162379534230e-05
769 735 1.70390162379534230e-05
736 736 -1.31029712771256208e-02
769 736 1.06134067344717531e-02
735 736 2.48956454265386812e-03
737 737 -1.31277875106050243e-04
770 737 1.31277875106050243e-04
738 738 -3.65198725268675098e-02
771 738 3.65198725268675098e-02
739 739 -1.77730046297421874e-02
771 739 1.70620844445525006e-02
738 739 7.10920185189687563e-04
740 740 -2.34965145952523817e-02
772 740 2.34965145952523817e-02
741 741 -9.12035763894664953e-02
773 741 9.12035763894664953e-02
742 742 -9.12035763894664953e-02
773 742 9.12035763894664953e-02
743 743 -1.52340039683504458e-01
774 743 1.52340039683504458e-01
744 744 -3.74674151654024457e-01
776 744 3.74674151654024457e-01
745 745 -7.26569371656127116e-01
777 745 6.52459295747202184e-01
776 745 7.41100759089249606e-02
746 746 -1.29560220665410331e+00
778 746 1.27732903313145374e+00
777 746 1.82726293697226781e-02
776 746 5.44645255633251985e-07
747 747 -7.29628611115731829e+00
779 747 6.91713460339102770e+00
778 747 3.79151507766290030e-01
748 748 -4.95105128971389430e+00
780 748 4.74687488557738302e+00
779 748 2.00470740288212018e-01
778 748 3.70566384829926166e-03
749 749 -1.05022300084840197e+01
781 749 9.99417412959359730e+00
780 749 5.06238678032054912e-01
779 749 1.81720085836798990e-03
750 750 -1.77730046297421858e+01
782 750 1.36114555956880530e+01
781 750 4.01561844764024567e+00
780 750 1.45930533094873249e-01
779 750 4.40343962706492377e-08
751 751 -8.35117085011982283e+01
714 751 8.35117085011982283e+01
752 752 -4.17558542505991142e+01
715 752 4.17558542505991142e+01
753 753 -2.67624394038588918e+01
716 753 2.67624394038588918e+01
754 754 -7.52602801910906916e+00
717 754 7.52602801910906916e+00
755 755 -1.92540883488873718e+01
719 755 1.92540883488873718e+01
756 756 -5.41521234812457219e+00
720 756 5.41521234812457219e+00
757 757 -7.23611212610862609e+00
721 757 7.23611212610862609e+00
758 758 -1.63093454249398882e-02
722 758 1.63093454249398882e-02
759 759 -4.57221095356164474e-03
723 759 4.57221095356164474e-03
760 760 -7.58532699233908209e-04
724 760 7.58532699233908209e-04
761 761 -2.19628384207840705e-04
725 761 2.19628384207840705e-04
762 762 -2.94855870580204750e-06
726 762 2.94855870580204750e-06
763 763 -7.40541859572591155e-06
728 763 7.40541859572591155e-06
764 764 -9.99070586804035351e-08
730 764 9.99070586804035351e-08
765 765 -4.51465211707169594e-07
731 765 2.97967039726731948e-07
796 765 1.53498171980437673e-07
767 767 -3.93386595096450193e+01
766 767 3.93386595096450193e+01
768 768 -7.33768610856988130e-06
798 768 7.33768610856988130e-06
769 769 -4.95855996623419200e-06
799 769 4.94205440767458802e-06
800 769 1.65053602172051055e-08
770 770 -1.27369933950743355e-04
801 770 1.27369933950743355e-04
771 771 -1.28218124409904791e-03
802 771 3.03700013839788713e-05
803 771 1.25181124271506899e-03
772 772 -4.56017881947332476e-02
804 772 4.56017881947332476e-02
773 773 -2.08152306474458058e-02
805 773 2.00681782640781681e-02
806 773 7.47052383367635708e-04
774 774 -3.62904283015678120e-02
807 774 3.62904283015678120e-02
775 775 -5.09667044529371546e-02
807 775 5.09667044529371546e-02
776 776 -5.17274015343242716e-02
808 776 5.17274015343242716e-02
777 777 -1.65035042990463149e-01
810 777 1.64737979913080312e-01
808 777 2.97063077382833673e-04
778 778 -3.42972380286959588e-01
811 778 1.39246786396505590e-01
810 778 2.03725593890453999e-01
779 779 -7.33489079957614143e-01
812 779 4.73095835591457403e-01
811 779 2.60388623384953000e-01
810 779 4.62032106356100719e-06
780 780 -1.23776282242847357e+00
813 780 7.46717555514649578e-01
812 780 4.91045266913824052e-01
811 780 7.86004147498529305e-12
781 781 -6.18881411214236810e+00
814 781 3.65325697039764030e+00
813 781 2.52266769859336959e+00
812 781 1.28894431513589085e-02
782 782 -1.17482572976261928e+01
815 782 1.17482572976261934e-04
814 782 1.17391112793199905e+01
813 782 9.02759587264191990e-03
783 783 -1.61197018734871023e+01
816 783 9.40471766404857945e+00
815 783 6.48115181406171814e+00
814 783 2.33832234179785159e-01
813 783 5.98314974438220813e-08
784 784 -1.57533450127260295e+01
816 784 1.55302934006908409e+01
815 784 2.22764586089055999e-01
814 784 2.86915672716779200e-04
785 785 -2.56721177985164921e+01
817 785 1.78434054758588871e+01
816 785 7.79873499070427645e+00
815 785 2.99773319533277079e-02
814 785 1.24869180971984236e-10
786 786 -1.38629436111989044e+01
756 786 1.38629436111989044e+01
787 787 -2.10044600169680393e+01
757 787 2.10044600169680393e+01
788 788 -5.09667044529371527e+00
758 788 5.09667044529371527e+00
789 789 -1.95252726918294442e-02
759 789 1.95252726918294442e-02
790 790 -2.52973423562023840e-02
760 790 2.52973423562023840e-02
791 791 -2.81081581735582043e-04
761 791 2.81081581735582043e-04
792 792 -2.43722637327688230e-03
762 792 2.43722637327688230e-03
793 793 -9.55063906194810072e-07
763 793 9.55063906194810072e-07
794 794 -2.69287948935487668e-05
764 794 2.69287948935487668e-05
795 795 -2.90262638425437740e-04
764 795 7.95319629285699511e-05
794 795 2.10730675496867789e-04
797 797 -6.69716479797741562e-08
766 797 6.69716479797741562e-08
800 800 -3.99278329815636671e-02
799 800 3.99278329815636671e-02
802 802 -7.44559777775093269e-14
838 802 7.44559777775093269e-14
803 803 -2.94705433911541387e-03
838 803 1.65035042990463158e-06
802 803 2.94540398868550941e-03
805 805 -6.26149214597963204e-04
842 805 6.26149214597963204e-04
806 806 -2.01683886336110707e-04
842 806 1.02858782031416463e-07
805 806 2.01581027554079291e-04
808 808 -5.18047220149435894e-04
845 808 5.18047220149435894e-04
809 809 -9.88797689814472670e-03
845 809 9.88797689814472670e-03
810 810 -3.54369724212650955e-03
846 810 3.54369724212650955e-03
811 811 -2.18658416580424370e-02
848 811 2.18658416580424370e-02
812 812 -4.84718308083877808e-02
849 812 4.84718308083877808e-02
813 813 -1.26026760101808244e-01
850 813 1.25774706581604639e-01
849 813 2.52053520203616478e-04
814 814 -4.53037372914996905e-01
851 814 4.50002022516466427e-01
850 814 3.03535039853047948e-03
815 815 -1.69060287941450071e+00
852 815 1.55873585482016974e+00
851 815 1.31867024594331056e-01
816 816 -4.30526199105556096e+00
853 816 4.26970311016663651e+00
852 816 3.55588808889243033e-02
817 817 -2.56721177985164895e+00
854 817 2.53510366212104410e+00
853 817 3.20753087640580706e-02
852 817 3.27909960640451105e-05
818 818 -7.45319548989188529e+00
855 818 7.30800724174879068e+00
854 818 1.45187130163770439e-01
853 818 1.09174407535936343e-06
819 819 -1.11797932348378275e+01
856 819 7.57900542976125990e+00
855 819 3.54744453963586226e+00
854 819 5.33432654407052162e-02
820 820 -1.17482572976261928e+01
857 820 8.38461375074283843e+00
856 820 3.35079212822548156e+00
855 820 1.28514186578732939e-02
821 821 -1.56466632180574567e+01
787 821 1.56466632180574567e+01
822 822 -5.77622650466621155e+05
788 822 5.77622650466621155e+05
823 823 -2.88811325233310536e+07
789 823 2.88811325233310536e+07
824 824 -8.76292263666176119e+00
791 824 8.76292263666176119e+00
825 825 -3.15066900254520554e-01
791 825 3.15066900254520554e-01
826 826 -3.23900551663525854e-02
792 826 3.23900551663525854e-02
827 827 -8.81866641933772705e-03
793 827 8.81866641933772705e-03
828 828 -6.53912434490514505e-02
827 828 6.53912434490514505e-02
829 829 -3.39778029686247686e-03
794 829 3.79250043394899103e-06
795 829 3.39398769449511875e-03
830 830 -4.54820984619386660e-04
796 830 4.54820984619386660e-04
831 831 -2.51140282811574355e-04
796 831 2.51140282811574355e-04
832 832 -1.19466939083065377e-04
797 832 1.19466939083065377e-04
833 833 -1.18852397215354135e-05
798 833 1.18852397215354135e-05
834 834 -5.29119985160263595e-01
798 834 1.58735995548079083e-03
833 834 5.27532625204782835e-01
835 835 -3.37577816622613253e-06
799 835 3.37577816622613253e-06
836 836 -2.69917126386271531e-03
835 836 2.69917126386271531e-03
837 837 -1.79107798594301112e-03
801 837 1.79107798594301112e-03
839 839 -1.42622876658424935e-01
838 839 1.42622876658424935e-01
840 840 -6.53419287858168643e-04
873 840 5.99185486965940679e-04
804 840 5.42338008922279985e-05
841 841 -4.35563586673167543e-05
840 841 4.35563586673167543e-05
843 843 -5.45719867039492368e-06
876 843 5.45719867039492368e-06
844 844 -1.88457634736254823e-03
876 844 4.52298323367011592e-05
843 844 1.83934651502584701e-03
845 845 -8.02253681203640376e-05
877 845 1.92781559593234785e-08
878 845 8.02060899644047113e-05
846 846 -3.63742223215756386e-04
879 846 3.63742223215756386e-04
847 847 -1.92540883488873690e-03
879 847 1.92540883488873690e-03
848 848 -3.98360448597669722e-03
880 848 6.47813761509530522e-06
881 848 3.97712634836160182e-03
849 849 -1.26026760101808234e-02
882 849 1.26026760101808234e-02
850 850 -1.24554749426764658e-02
883 850 1.21316325941668770e-02
882 850 3.23842348509588071e-04
851 851 -4.25504714892538591e-02
884 851 3.97506504652609532e-02
883 851 2.79982102399290366e-03
852 852 -1.57533450127260277e-01
885 852 1.35793834009698355e-01
884 852 2.17396161175619218e-02
853 853 -3.61014156541638209e-01
886 853 2.70038589093145376e-01
885 853 9.09755674484928334e-02
854 854 -1.28123323578548098e+00
887 854 1.28123323578548098e+00
855 855 -2.02083726110771211e+00
888 855 1.74685214524672849e+00
887 855 2.73912769887035945e-01
886 855 7.21802652922452607e-05
856 856 -6.79556059372495458e+00
889 856 4.98651440806943480e+00
888 856 1.80902376030556100e+00
887 856 2.19979091979470490e-05
857 857 -9.90210257942778860e+00
890 857 1.29608620662130325e+00
889 857 8.38305072902551096e+00
888 857 2.22965643780975498e-01
858 858 -1.05022300084840197e+01
891 858 1.75387241141683123e-02
890 858 1.04364513912718824e+01
889 858 4.82398930979696453e-02
888 858 1.22498010818957609e-11
859 859 -1.65035042990463161e+01
892 859 6.97633658203641005e+00
891 859 8.51779524022550483e+00
890 859 1.00934739145786700e+00
889 859 2.33970180447579619e-05
860 860 -1.73286795139986332e+01
892 860 1.64845128914741892e+01
891 860 8.40230412972838625e-01
890 860 3.93620955160478916e-03
861 861 -2.16608493924982888e+01
823 861 2.16608493924982888e+01
862 862 -1.33297534723066402e+01
824 862 1.31564666771666534e+01
790 862 1.73286795139986322e-01
863 863 -6.93147180559945220e+00
826 863 6.57103527170828006e+00
791 863 3.60436533891171473e-01
864 864 -4.05349228397628783e-02
827 864 3.83855261282461807e-02
828 864 2.14939306337364258e-03
865 865 -2.53900066139174097e-02
829 865 2.53900066139174097e-02
866 866 -1.00456113124629742e-03
830 866 1.00456113124629742e-03
867 867 -2.69287948935487695e-03
832 867 2.69287948935487695e-03
868 868 -1.30095191546536286e-05
833 868 1.30095191546536286e-05
869 869 -1.55274906039414262e-04
835 869 1.55274906039414262e-04
871 871 -5.49488822742219454e-06
838 871 5.49488822742219454e-06
872 872 -1.38629436111989066e-02
871 872 1.38629436111989066e-02
874 874 -9.59148905736852299e-14
842 874 9.59148905736852299e-14
875 875 -5.29119985160263623e-02
842 875 1.32279996290065917e-06
874 875 5.29106757160634558e-02
878 878 -1.05213597534903661e-04
877 878 1.05213597534903661e-04
880 880 -2.04207062814938798e-09
915 880 2.04207062814938798e-09
881 881 -4.29778757787664477e-05
915 881 3.37806103621104276e-05
880 881 9.19726541665602017e-06
883 883 -1.51408296321525840e-04
918 883 1.51408296321525840e-04
884 884 -6.77960857355189035e-05
919 884 6.77960857355189035e-05
885 885 -3.66744539978807035e-03
920 885 3.66744539978807035e-03
886 886 -2.14463855371270183e-02
921 886 1.86570729234453864e-02
922 886 2.78931046904307882e-03
887 887 -8.08806511738559275e-02
923 887 8.08806511738559275e-02
888 888 -3.76710424217361561e-01
924 888 3.76585356356521406e-01
923 888 1.25067860840164045e-04
889 889 -5.38994697169475345e-01
925 889 5.28484300574670551e-01
924 889 1.05103965948047696e-02
890 890 -3.26956217245257230e+00
926 890 3.23327003233834853e+00
925 890 3.62921401142235547e-02
891 891 -6.08023842596443220e+00
927 891 5.85862589581488002e+00
926 891 2.21612530149551623e-01
925 891 1.47664670412972219e-15
892 892 -8.66433975699931658e+00
928 892 8.34375918599034172e+00
927 892 3.20580571008974691e-01
893 893 -1.10023361993642101e+01
929 893 1.01910239280230925e+01
928 893 8.10338234517387068e-01
927 893 9.74003816721115412e-04
894 894 -1.50684169686944625e+01
930 894 1.32365495178102766e+01
929 894 1.83185690299230775e+00
928 894 9.87086790368268224e-06
895 895 -2.56721177985164921e+01
932 895 2.28481848406796786e+01
930 895 2.82393295783681397e+00
896 896 -9.90210257942778895e+01
933 896 8.53927620142114137e+01
932 896 1.36021321313593546e+01
930 896 2.61286780763361030e-02
897 897 -6.93147180559945226e+08
862 897 6.93147180559945226e+08
898 898 -5.77622650466621155e+05
863 898 5.77622650466621155e+05
899 899 -2.31049060186648443e+07
864 899 2.31049060186648443e+07
900 900 -1.07006789638129138e+01
866 900 1.07006789638129138e+01
901 901 -3.64814305557865926e-02
867 901 3.64814305557865926e-02
902 902 -1.89903337139711026e-02
868 902 1.89903337139711026e-02
903 903 -3.06431114305899793e-03
869 903 3.06431114305899793e-03
904 904 -6.54159287051666043e-04
870 904 6.54159287051666043e-04
905 905 -2.01262247549345314e-03
870 905 1.83148645269904232e-03
904 905 1.81136022794410763e-04
906 906 -5.04473930538533672e-04
871 906 5.04473930538533672e-04
907 907 -2.03866817811748612e-02
873 907 2.03866817811748612e-02
908 908 -4.21130541314246928e-05
874 908 1.82252453799295987e-06
875 908 4.02905274877790240e-05
909 909 -3.78768951125653148e-04
874 909 9.01365942217494890e-06
875 909 7.67963517631039971e-08
908 909 3.69678496298637461e-04
910 910 -9.18684135931007589e-03
876 910 9.18684135931007589e-03
911 911 -2.97498274859199132e-05
876 911 2.97498274859199132e-05
912 912 -9.30688725294246393e-08
877 912 2.39524377063540480e-08
878 912 6.91164348230705913e-08
913 913 -2.44440487874357228e-07
879 913 2.34907308847257285e-07
948 913 9.53317902709993163e-09
914 914 -5.70209921487286340e-04
913 914 5.70209921487286340e-04
916 916 -4.30601621252881112e-07
951 916 4.30579229968575919e-07
882 916 2.23912843051498176e-11
917 917 -1.13593441586356154e-02
916 917 1.13593441586356154e-02
918 918 -4.56642761515722323e-19
952 918 4.56642761515722323e-19
919 919 -6.50000169320453462e-04
954 919 6.50000169320453462e-04
920 920 -7.62538152431182907e-04
955 920 7.62538152431182907e-04
921 921 -4.38700747189838761e-03
956 921 4.38700747189838761e-03
922 922 -2.68661697891451647e-03
956 922 2.61676493746273910e-03
921 922 6.98520414517774299e-05
923 923 -1.18689585712319409e-02
957 923 1.18689561974402273e-02
956 923 2.41165369208861795e-09
924 924 -1.54307030400700207e-01
958 924 1.54290519548447330e-01
957 924 1.65108522528749204e-05
925 925 -1.18689585712319398e-01
959 925 1.17039800470918151e-01
958 925 1.64978524140123946e-03
926 926 -2.56531154907455705e-01
960 926 2.29595383642172857e-01
959 926 2.69357712652828485e-02
927 927 -1.83517919131571428e+00
961 927 1.67551860167124711e+00
960 927 1.59660589644467138e-01
928 928 -3.41451813083716882e+00
962 928 2.96038721943582539e+00
961 928 4.54130911401343484e-01
929 929 -4.09903714109961737e+00
963 929 3.05378267011921478e+00
962 929 1.04525447098040236e+00
930 930 -6.08023842596443220e+00
964 930 5.23806460158409859e+00
963 930 8.39072902783091767e-01
962 930 3.10092159724186054e-03
931 931 -7.22028313083276352e+00
964 931 7.22028313083276352e+00
932 932 -1.28360588992582461e+01
965 932 9.28201091123162314e+00
964 932 3.55400691263814528e+00
963 932 4.10150590007998778e-05
933 933 -1.35911211874499092e+01
966 933 9.18759792271613840e+00
965 933 4.33779932089550080e+00
964 933 6.57239438382702795e-02
934 934 -2.16608493924982888e+01
967 934 1.46700268595633911e+01
966 934 6.97041801280716378e+00
965 934 2.04030038682759124e-02
935 935 -1.87337075827012249e+01
968 935 1.44105298838412619e+01
967 935 4.11974836821940915e+00
966 935 2.03429330640552603e-01
965 935 1.13796033340360322e-11
936 936 -2.77258872223978088e+01
899 936 2.77258872223978088e+01
937 937 -5.77622650466621155e+05
900 937 5.77622650466621155e+05
938 938 -7.87667250636301475e+00
901 938 7.46708553603213776e+00
866 938 4.09586970330876765e-01
939 939 -8.78513536831362907e-02
902 939 8.78513273277301832e-02
867 939 2.98694602522663388e-08
940 940 -7.70163533955494778e-02
903 940 7.70163533955494778e-02
941 941 -4.62098120373296856e-03
904 941 4.62098120373296856e-03
942 942 -5.13442355970329840e-03
906 942 5.13442355970329840e-03
943 943 -1.08677826992779124e-04
907 943 1.08677826992779124e-04
944 944 -5.18047220149435894e-04
908 944 5.17305013897127828e-04
909 944 7.42180349947089285e-07
945 945 -3.16470880159226991e-07
910 945 3.16470880159226991e-07
946 946 -5.94078628475389379e-06
912 946 5.94078628475389379e-06
947 947 -1.40029733446453586e-01
946 947 1.40029733446453586e-01
949 949 -1.23728204997476937e-07
915 949 1.23728204997476937e-07
950 950 -1.70818468273435182e-04
915 950 2.28896747486403170e-05
949 950 1.47928793524794861e-04
953 953 -6.83981824116780388e-05
918 953 2.05194547235034123e-07
952 953 6.81929878644429982e-05
955 955 -1.58767797586313150e-07
994 955 1.58752492370625833e-07
995 955 1.53052156873205887e-11
956 956 -7.62921459615568408e-10
996 956 7.62921459615568408e-10
957 957 -1.99938612137978906e-05
998 957 8.23021104907800003e-06
999 957 1.17636501647198905e-05
958 958 -7.10482964903592972e-05
1000 958 7.10482964903592972e-05
959 959 -1.55630513395290607e-03
1001 959 1.02584490989610718e-03
1002 959 5.30460224056798790e-04
960 960 -9.20514184010551469e-03
1003 960 9.20514184010551469e-03
961 961 -2.90019740820060823e-02
1004 961 2.90019740820060823e-02
962 962 -6.47801103327051653e-01
1005 962 6.47800390745838062e-01
1004 962 6.58036360759619107e-07
963 963 -1.61572769361292612e+00
1007 963 1.37516167416535895e+00
1008 963 2.40242712336075331e-01
1005 963 3.23145538722585256e-04
964 964 -1.06148113408873690e+00
1010 964 1.05882743125351508e+00
1007 964 2.65370283522184218e-03
965 965 -2.56721177985164895e+00
1012 965 2.56464456807179708e+00
1010 965 2.56721177985164920e-03
966 966 -3.43142168594032304e+00
1013 966 3.40465659678998822e+00
1012 966 2.67650891503345180e-02
967 967 -5.87412864881309638e+00
1015 967 5.73491179983622601e+00
1013 967 1.39216848976870367e-01
968 968 -1.00456113124629738e+01
1016 968 9.49310269027751019e+00
1015 968 5.52508622185463594e-01
969 969 -1.01933408905874305e+01
1018 969 9.95261495211531866e+00
1016 969 2.40673646633344035e-01
1015 969 5.22796067596448120e-05
970 970 -1.61197018734871023e+01
1019 970 1.47668397740528246e+01
1018 970 1.35286161584322229e+00
1016 970 4.91521949526368693e-07
971 971 -1.24666759093515349e+01
1020 971 1.01396461841119763e+01
1019 971 2.28812621639683522e+00
1018 971 3.89035088427223952e-02
972 972 -3.46573590279972646e+06
939 972 1.73286795139986323e+06
938 972 1.73286795139986323e+06
973 973 -1.11797932348378275e+01
940 973 1.11797932348378275e+01
974 974 -1.38629436111989044e+01
941 974 1.38629436111989044e+01
975 975 -1.21604768519288642e-01
941 975 1.21604768519288642e-01
976 976 -4.68342689567530571e-02
942 976 4.68342689567530571e-02
977 977 -2.30281455335529968e-02
943 977 2.30281455335529968e-02
978 978 -1.44405662616655273e-01
943 978 2.74370758971645007e-02
977 978 1.16968586719490772e-01
979 979 -9.84584063295376732e-03
944 979 9.84584063295376732e-03
980 980 -8.35117085011982258e-02
945 980 8.35117085011982258e-02
981 981 -1.63170240244808209e-03
946 981 1.59322441224475251e-03
947 981 3.84779738863054259e-05
982 982 -4.05349228397628835e-03
947 982 2.43209537038577284e-03
981 982 1.62139691359051551e-03
983 983 -2.92467164793225863e-04
948 983 2.92467164793225863e-04
984 984 -1.50684169686944647e-01
948 984 1.50684169686944647e-01
985 985 -7.18436132421170496e-05
949 985 7.18436132421170496e-05
986 986 -3.96174657384513760e-05
949 986 3.86214826497867093e-05
950 986 9.95982692490010228e-07
987 987 -1.30624751349303722e-05
951 987 1.30624751349303722e-05
988 988 -2.40676104361092113e-04
951 988 1.66066512009153561e-06
987 988 2.39015439241000561e-04
989 989 -2.41279302617636191e-06
953 989 2.41279302617636191e-06
990 990 -1.44009636117332596e-05
952 990 2.26095128704212156e-07
989 990 1.41748684830290470e-05
991 991 -7.52399711174535637e-08
954 991 7.52399711174535637e-08
992 992 -2.30281455335530018e+03
991 992 2.30281455335530018e+03
993 993 -4.96168346857512716e+01
991 993 4.96168346857512716e+01
995 995 -4.42537943280307267e-02
994 995 4.42537943280307267e-02
996 996 -3.00845130451365141e-06
1039 996 3.00845130451365141e-06
997 997 -6.03576437269196542e-05
996 997 6.03565572893325700e-05
1040 997 1.08643758708455379e-09
998 998 -1.37113943121456237e-07
1041 998 1.37113943121456237e-07
999 999 -2.32396962569551846e-04
998 999 2.32396962569551846e-04
1000 1000 -5.43900800816027389e-05
1042 1000 5.43900800816027389e-05
1001 1001 -1.89136427788677501e-05
1043 1001 1.89136427788677501e-05
1002 1002 -8.45301439707250357e-01
1001 1002 8.45301439707250357e-01
1003 1003 -6.17778235793177660e-04
1044 1003 6.17778235793177660e-04
1004 1004 -1.12159737954683710e-03
1045 1004 1.12159737954683710e-03
1005 1005 -1.29802842801487878e-01
1046 1005 1.29802842801487878e-01
1006 1006 -7.22028313083276363e-02
1046 1006 7.22028313083276363e-02
1007 1007 -1.84839248149318736e-01
1047 1007 1.84737586562836592e-01
1046 1007 1.01661586482125317e-04
1008 1008 -5.92433487658072910e-01
1047 1008 5.92107649239860923e-01
1046 1008 3.25838418211940129e-04
1009 1009 -4.88131817295736159e+00
1047 1009 2.53828544993782768e-01
1008 1009 4.62748962796357866e+00
1010 1010 -1.26486711781011896e+00
1048 1010 1.26068040765016742e+00
1047 1010 4.18671015995149363e-03
1011 1011 -3.46573590279972643e-01
1048 1011 3.34790088210453585e-01
1047 1011 1.17835020695190706e-02
1012 1012 -4.71528694258466163e-01
1049 1012 4.63512706456072232e-01
1048 1012 8.01598780239392607e-03
1013 1013 -9.43057388516932327e-01
1050 1013 9.34381260542576531e-01
1049 1013 8.67612797435577711e-03
1014 1014 -7.37390617616963118e-01
1050 1014 7.37390617616963118e-01
1015 1015 -1.54032706791098950e+00
1051 1015 1.51044472279351627e+00
1050 1015 2.98823451174731955e-02
1016 1016 -1.92540883488873704e+00
1052 1016 1.83106380197918894e+00
1051 1016 9.43450329095481127e-02
1017 1017 -2.32599725020115899e+00
1052 1017 2.21202338494130224e+00
1051 1017 1.13973865259856796e-01
1018 1018 -3.01368339373889249e+00
1053 1018 2.77258872223978114e+00
1052 1018 2.41094671499111401e-01
1019 1019 -3.85081766977747408e+00
1054 1019 3.65650155934283294e+00
1053 1019 1.94160575908958799e-01
1052 1019 1.55511420776293497e-04
1020 1020 -7.87667250636301475e+00
1055 1020 7.09381002595559451e+00
1054 1020 7.82856336602865022e-01
1053 1020 6.11521223376505385e-06
1021 1021 -1.05022300084840197e+01
1056 1021 7.95585932062698387e+00
1055 1021 2.52443362981531427e+00
1054 1021 2.19370580417214203e-02
1022 1022 -2.31049060186648454e+01
1057 1022 1.49511846846780223e+01
1056 1022 8.14045218646030477e+00
1055 1022 1.32670680849775405e-02
1023 1023 -1.44405662616655270e+01
1058 1023 6.86446757814532482e+00
1057 1023 7.37339645490520379e+00
1056 1023 2.02702228614999008e-01
1024 1024 -3.46573590279972646e+06
974 1024 1.73286795139986323e+06
940 1024 1.73286795139986323e+06
1025 1025 -1.23776282242847362e+01
976 1025 6.18881411214236810e+00
941 1025 6.18881411214236810e+00
1026 1026 -1.50684169686944647e-01
977 1026 1.50684169686944647e-01
1027 1027 -1.26026760101808244e-01
979 1027 1.25875527989686070e-01
943 1027 1.51232112122169870e-04
1028 1028 -2.16608493924982902e-02
980 1028 2.16608493924982902e-02
1029 1029 -1.66621918403833010e-02
981 1029 6.47227846067032950e-04
982 1029 1.60149639943162683e-02
1030 1030 -4.46040656730981532e-04
983 1030 4.46040656730981532e-04
1031 1031 -1.46977773655628755e-03
985 1031 1.46977773655628755e-03
1032 1032 -6.35914844550408559e-02
985 1032 5.08731875640326854e-03
1031 1032 5.85041656986375891e-02
1033 1033 -1.16691444538711327e-05
987 1033 1.16691444538711327e-05
1034 1034 -1.14607668743377198e-04
989 1034 3.20901472481456135e-07
990 1034 1.14286767270895741e-04
1035 1035 -4.95105128971389460e-02
1034 1035 4.95105128971389460e-02
1036 1036 -9.61934869548729429e-08
991 1036 9.61934869548729429e-08
1037 1037 -2.45556540605628991e-06
994 1037 3.01567987517772972e-09
995 1037 2.45254972618111215e-06
1038 1038 -2.77636457806595092e-03
994 1038 1.72967513213508745e-04
1037 1038 2.60339706485244191e-03
1040 1040 -8.56583268116590801e-01
1039 1040 8.56583268116590801e-01
1043 1043 -1.43558963811342955e-14
1081 1043 3.58897409528357417e-16
1082 1043 1.39969989716059372e-14
1045 1045 -1.25289488412269492e-07
1085 1045 1.23936086300542483e-07
1086 1045 1.35340211172701745e-09
1046 1046 -1.09822543628150628e-27
1127 1046 1.09822543628150628e-27
1047 1047 -1.14956644270627318e-05
1088 1047 5.69457280024078445e-07
1089 1047 1.09262071470386530e-05
1048 1048 -2.25780840573272072e-02
1090 1048 2.25780840573272072e-02
1049 1049 -3.30070085980926298e-01
1092 1049 2.10869829396101299e-01
1093 1049 1.19200256584824998e-01
1050 1050 -9.76263634591472279e-02
1094 1050 9.76263634591472279e-02
1051 1051 -3.01368339373889293e-01
1096 1051 3.01368339373889293e-01
1052 1052 -2.39016269158601830e-01
1097 1052 2.39016269158601830e-01
1053 1053 -5.33190138892265630e-01
1099 1053 5.33190085573251760e-01
1097 1053 3.40260619035488179e-08
1054 1054 -5.77622650466621090e-01
1100 1054 5.77575978556463365e-01
1099 1054 4.66545814781889879e-05
1055 1055 -1.15524530093324218e+00
1102 1055 1.15444055705661208e+00
1100 1055 8.04697666818059263e-04
1056 1056 -2.56721177985164895e+00
1103 1056 2.55374290324865738e+00
1102 1056 1.34688766029916768e-02
1057 1057 -4.62098120373296872e+00
1104 1057 4.55036336897752136e+00
1103 1057 7.06178347554472369e-02
1058 1058 -8.66433975699931658e+00
1105 1058 8.52829229413491419e+00
1104 1058 1.36047462864403279e-01
1059 1059 -5.92433487658072888e+00
1106 1059 5.59391694750919211e+00
1105 1059 3.30391032591197287e-01
1104 1059 2.68556024290280997e-05
1060 1060 -7.07293041387699262e+00
1107 1060 6.58106468703515901e+00
1106 1060 4.91865656112529692e-01
1105 1060 5.73515635539629879e-09
1061 1061 -8.66433975699931525e-01
977 1061 4.33216987849965762e-01
1026 1061 4.33216987849965762e-01
1062 1062 -1.38629436111989044e+01
1028 1062 1.38629436111989044e+01
1063 1063 -1.69060287941450088e-01
1029 1063 1.69060287941450088e-01
1064 1064 -7.07293041387699190e-02
1030 1064 7.07293041387699190e-02
1065 1065 -3.31649368688969048e-02
1031 1065 3.31649368688969048e-02
1066 1066 -2.10044600169680407e-01
1031 1066 1.05022300084840203e-01
1065 1066 1.05022300084840203e-01
1067 1067 -7.87667250636301525e-03
1033 1067 7.87667250636301525e-03
1068 1068 -3.08065413582197904e-03
1034 1068 3.08065413582197904e-03
1069 1069 -4.44325115743554686e-03
1034 1069 4.44325115743554686e-03
1070 1070 -7.93983024696386379e-04
1036 1070 7.93983024696386379e-04
1071 1071 -1.48489113230493839e-03
1036 1071 1.48489113230493839e-03
1072 1072 -9.48477258565880193e-05
1037 1072 9.36832803262466896e-05
1038 1072 1.16444553034133100e-06
1073 1073 -1.75037166808066991e-04
1038 1073 1.75037166808066991e-04
1074 1074 -1.31877317458132662e-05
1039 1074 1.94694440082964989e-07
1040 1074 1.29930373057303000e-05
1075 1075 -3.68499298543298950e-02
1074 1075 3.68499298543298950e-02
1076 1076 -1.11978542901445110e+02
1075 1076 1.11978542901445110e+02
1077 1077 -3.23006999589893977e-11
1041 1077 3.23006999589893977e-11
1078 1078 -1.31819533553013543e-07
1041 1078 4.48186414080246105e-09
1077 1078 1.27337669412211087e-07
1079 1079 -6.32982220501297023e-16
1042 1079 6.32982220501297023e-16
1080 1080 -7.90397715471566912e-07
1042 1080 7.90397715471566912e-07
1082 1082 -1.36171780581694526e-09
1081 1082 1.36171780581694526e-09
1083 1083 -1.08199597664125673e-12
1125 1083 1.08199597664125673e-12
1084 1084 -1.84455580541791823e-03
1125 1084 9.22277902708959096e-06
1083 1084 1.83533302639082873e-03
1085 1085 -2.29274324068806474e-07
1126 1085 2.29274324068806474e-07
1086 1086 -2.22230936621507032e-06
1126 1086 1.24449324508043945e-07
1085 1086 2.09786004170702609e-06
1087 1087 -8.24586224791750361e-06
1127 1087 8.24586224791750361e-06
1088 1088 -1.60228197078119582e-04
1128 1088 1.60228197078119582e-04
1089 1089 -1.18082994984658480e-02
1088 1089 1.18082994984658480e-02
1090 1090 -2.42359154041938918e-01
1129 1090 2.42359154041938918e-01
1091 1091 -2.25194015776460446e-04
1129 1091 2.25194015776460446e-04
1092 1092 -4.62098120373296839e-02
1130 1092 4.62098120373296839e-02
1093 1093 -4.62098120373296856e-03
1130 1093 4.52856157965830872e-03
1092 1093 9.24196240746593789e-05
1094 1094 -4.62098120373296839e-01
1131 1094 4.62098120373296839e-01
1095 1095 -2.31821799518376337e-01
1131 1095 2.31821799518376337e-01
1096 1096 -9.76263634591472279e-02
1132 1096 9.76263634591472279e-02
1097 1097 -1.61197018734870995e-01
1133 1097 1.61197018734870995e-01
1098 1098 -5.33190138892265630e-01
1133 1098 5.33190138892265630e-01
1099 1099 -4.62098120373296839e-01
1134 1099 4.62098074163484807e-01
1133 1099 5.43889487679370386e-09
1100 1100 -1.41458608277539838e-01
1135 1100 1.41373733112573313e-01
1134 1100 8.48751649665238970e-05
1101 1101 -7.37390617616963118e-01
1135 1101 7.37021922308154664e-01
1134 1101 3.68695308808481546e-04
1102 1102 -2.34965145952523824e-01
1136 1102 2.30970738471330927e-01
1135 1102 3.99440748119290513e-03
1103 1103 -7.45319548989188396e-01
1137 1103 7.11780169284674913e-01
1136 1103 3.35393797045134764e-02
1104 1104 -2.31049060186648436e+00
1138 1104 2.17186116575449528e+00
1137 1104 1.38629436111989052e-01
1105 1105 -3.59143616870437965e+00
1139 1105 3.36876712624470809e+00
1138 1105 2.22669042459671535e-01
1106 1106 -3.64814305557865914e+00
1140 1106 2.51721870834927453e+00
1139 1106 1.13092434722938440e+00
1107 1107 -4.07733635623497204e+00
1141 1107 3.27944240468335035e+00
1140 1107 7.95929083161551976e-01
1139 1107 1.96462374988825867e-03
1108 1108 -8.66433975699931658e+00
1142 1108 4.45606993702474807e-01
1141 1108 8.21870503740962022e+00
1140 1108 2.70067470225668707e-05
1109 1109 -1.00456113124629738e+01
1143 1109 2.37287384811687918e+00
1142 1109 7.58708556861264150e+00
1141 1109 8.56518957334530540e-02
1110 1110 -2.31049060186648454e+01
1144 1110 2.43733653590895472e+00
1143 1110 2.06312347075509379e+01
1142 1110 3.63347752049523326e-02
1111 1111 -3.55460092594843715e+01
1063 1111 3.55460092594843715e+01
1112 1112 -1.82407152778932991e-01
1064 1112 1.82407152778932991e-01
1113 1113 -2.16608493924982881e-01
1065 1113 2.16305242033487916e-01
1030 1113 3.03251891494976027e-04
1114 1114 -3.53646520693849595e-02
1067 1114 3.53646520693849595e-02
1115 1115 -4.94398844907236318e-02
1068 1115 4.94398844907236318e-02
1116 1116 -1.44405662616655262e-03
1070 1116 1.44405662616655262e-03
1117 1117 -5.47509621295375407e-03
1072 1117 5.47509621295375407e-03
1118 1118 -3.64814305557865914e+00
1117 1118 3.64814305557865914e+00
1119 1119 -3.39578277758154632e-05
1074 1119 1.73879766728607594e-06
1076 1119 3.22190273919031626e-05
1120 1120 -7.45800710738051768e-04
1077 1120 7.45545497734837197e-04
1078 1120 2.55213003214561341e-07
1121 1121 -1.07298325164078227e-02
1078 1121 5.36491625820391133e-03
1120 1121 5.36491625820391133e-03
1123 1123 -5.49114458179470246e-12
1081 1123 6.58937349815364242e-13
1082 1123 4.83220723197933852e-12
1124 1124 -2.81081581735582043e-05
1081 1124 3.37297898082698415e-08
1123 1124 2.80744283837499336e-05
1130 1130 -2.91834733067893929e-06
1171 1130 3.53516630414390921e-07
1172 1130 2.56483070026454869e-06
1131 1131 -3.00884308095648447e-27
1208 1131 3.00884308095648447e-27
1132 1132 -7.90722314122684566e-04
1174 1132 7.90722314122684566e-04
1133 1133 -1.02234097427720541e-03
1175 1133 1.02234097427720541e-03
1134 1134 -1.02688471194065968e-02
1177 1134 1.02688471194065968e-02
1135 1135 -1.15524530093324210e-02
1178 1135 1.15524530093324210e-02
1136 1136 -1.94704264202231817e-02
1179 1136 1.94704264202231817e-02
1137 1137 -7.93983024696386375e-02
1180 1137 7.93983024696386375e-02
1138 1138 -1.98042051588555784e-01
1181 1138 1.98042051588555784e-01
1139 1139 -6.35914844550408476e-01
1182 1139 6.35914844550408476e-01
1140 1140 -1.30782486898102879e+00
1183 1140 1.30782486898102879e+00
1182 1140 2.25351303174121072e-11
1141 1141 -2.31049060186648436e+00
1184 1141 2.31049060186648436e+00
1142 1142 -3.46573590279972610e+00
1185 1142 3.46378781264876245e+00
1184 1142 1.94788220680955793e-03
1143 1143 -2.41514697059214400e+00
1186 1143 2.40830389316566817e+00
1185 1143 6.84307742647578040e-03
1144 1144 -6.93147180559945220e+00
1187 1144 6.59406855251828805e+00
1186 1144 3.37403253081164534e-01
1145 1145 -8.66433975699931658e+00
1188 1145 8.36455360140713999e+00
1187 1145 2.99786155592176362e-01
1146 1146 -7.53420848434723123e+00
1189 1146 7.13928034401471834e+00
1188 1146 3.94626395282715037e-01
1187 1146 3.01684776130231840e-04
1147 1147 -1.38629436111989057e+00
1113 1147 1.38629436111989057e+00
1148 1148 -1.28360588992582461e+01
1114 1148 1.28360588992582461e+01
1149 1149 -6.30133800509041175e+05
1148 1149 6.30133800509041175e+05
1150 1150 -3.15066900254520554e-01
1115 1150 3.15066900254520554e-01
1151 1151 -1.19508134579300915e-01
1116 1151 1.19508134579300915e-01
1152 1152 -1.08304246962491441e-01
1116 1152 1.08304246962491441e-01
1153 1153 -5.41521234812457203e-02
1117 1153 5.41521234812457203e-02
1154 1154 -5.37323395782903293e-02
1117 1154 5.37269663443325010e-02
1153 1154 5.37323395782903340e-06
1155 1155 -7.96720897195339478e-02
1119 1155 7.96720897195339478e-02
1156 1156 -1.40883573284541711e-02
1119 1156 1.40883573284541711e-02
1157 1157 -3.67912516220777726e-03
1120 1157 3.67912516220777726e-03
1158 1158 -3.50074333616133982e-03
1120 1158 3.46573590279972621e-03
1157 1158 3.50074333616133982e-05
1159 1159 -2.71822423748998166e-03
1122 1159 2.71822423748998166e-03
1160 1160 -7.00148667232267964e-05
1123 1160 7.00148667232267964e-05
1161 1161 -2.65573632398446449e-04
1123 1161 6.21442299812364677e-05
1160 1161 2.03429402417209994e-04
1162 1162 -3.94281672673461490e-05
1125 1162 3.94281672673461490e-05
1163 1163 -2.22162557871777343e-04
1125 1163 2.22162557871777343e-04
1164 1164 -9.62704417444368417e-06
1126 1164 9.62704417444368417e-06
1165 1165 -1.31516996918629583e-07
1126 1165 1.26414137438186770e-07
1164 1165 5.10285948044282830e-09
1166 1166 -1.87442448879355224e-06
1127 1166 1.87442448879355224e-06
1167 1167 -2.24319475909367394e-04
1127 1167 4.48638951818734784e-06
1166 1167 2.19833086391180052e-04
1168 1168 -5.21724245286244086e-15
1128 1168 5.21724245286244086e-15
1169 1169 -8.81597451872132252e-08
1128 1169 3.47349396037620094e-09
1168 1169 8.46862512268370300e-08
1170 1170 -5.22964177815292714e-15
1206 1170 5.22964177815292714e-15
1171 1171 -1.04047875961629843e-13
1207 1171 1.04047875961629843e-13
1172 1172 -3.20543532203828557e-05
1207 1172 1.18601106915416557e-09
1171 1172 3.20531672093137028e-05
1173 1173 -4.48348758447571286e-02
1208 1173 4.48340688169919233e-02
1131 1173 8.07027765205628352e-07
1174 1174 -8.13553028826226841e-04
1209 1174 8.13553028826226841e-04
1175 1175 -1.31277875106050240e-01
1210 1175 1.31277875106050240e-01
1176 1176 -2.65573632398446481e-03
1210 1176 2.65573632398446481e-03
1177 1177 -1.27886933682646725e-02
1211 1177 1.27886933682646725e-02
1178 1178 -6.31281585209421967e-04
1213 1178 6.31281585209421967e-04
1179 1179 -1.52005960649110802e-03
1214 1179 1.52005960649110802e-03
1180 1180 -1.94704264202231817e-02
1215 1180 1.94704264202231817e-02
1181 1181 -3.26956217245257252e-02
1216 1181 3.26956217245257252e-02
1182 1182 -1.34071021384902372e-01
1217 1182 1.34071021384902372e-01
1183 1183 -8.05985093674355002e-01
1218 1183 8.05340305599415496e-01
1217 1183 6.44788074939484069e-04
1184 1184 -7.53420848434723123e-01
1219 1184 7.53119480095349236e-01
1218 1184 3.01368339373889280e-04
1185 1185 -2.39016269158601835e+00
1220 1185 2.36984630870753721e+00
1219 1185 2.03163828784811568e-02
1186 1186 -2.47552564485694715e+00
1221 1186 2.43839276018409290e+00
1220 1186 3.71328846728542078e-02
1187 1187 -4.33216987849965829e+00
1222 1187 4.24119431105116540e+00
1221 1187 9.09755674484928334e-02
1188 1188 -4.62098120373296872e+00
1224 1188 4.01258281844948606e+00
1222 1188 6.08397461087241909e-01
1221 1188 5.03132433462445702e-07
1189 1189 -9.49516685698555207e+00
1225 1189 7.61218031757674751e+00
1224 1189 1.88298653940880478e+00
1190 1190 -7.70163533955494817e+00
1226 1190 6.19011238781389395e+00
1225 1190 1.51062494106046197e+00
1224 1190 8.97702615178524771e-04
1191 1191 -1.73286795139986332e+01
1227 1191 1.23153192438036889e+01
1226 1191 5.01293398467890050e+00
1225 1191 4.24812578285676504e-04
1192 1192 -1.05022300084840197e+01
1228 1192 7.91521569049415064e+00
1227 1192 2.55484703769688259e+00
1226 1192 3.21672802929857046e-02
1193 1193 -4.62098120373296842e+05
1150 1193 4.62098120373296842e+05
1194 1194 -5.54517744447956207e-01
1151 1194 5.54517744447956207e-01
1195 1195 -4.62098120373296839e-01
1153 1195 4.61404973192736934e-01
1116 1195 6.93147180559945219e-04
1196 1196 -5.92433487658072938e-02
1155 1196 5.92433487658072938e-02
1197 1197 -8.77401494379677488e-02
1157 1197 8.77401494379677488e-02
1198 1198 -9.12035763894664953e-02
1157 1198 9.12035763894664953e-02
1199 1199 -3.16505561899518405e-03
1159 1199 3.16505561899518405e-03
1200 1200 -1.16105055370175087e-02
1160 1200 1.16105055370175087e-02
1201 1201 -6.41802944962912292e-02
1160 1201 5.00413756187582659e-02
1122 1201 1.92540883488873683e-05
1200 1201 1.41196647891840710e-02
1202 1202 -2.23020328365490766e-04
1163 1202 2.23020328365490766e-04
1203 1203 -1.17188608331633402e-04
1164 1203 1.14101239288554016e-04
1165 1203 3.08736904307938129e-06
1205 1205 -2.83481866149696247e-06
1168 1205 2.83379302410523281e-06
1169 1205 1.02563739172960110e-09
1211 1211 -2.04411454094879650e-07
1255 1211 2.39999488252798175e-09
1256 1211 2.02011459212351655e-07
1212 1212 -4.10146260686358119e+02
1211 1212 4.10146260686358119e+02
1214 1214 -4.33650638488454230e-05
1259 1214 3.10737265261116773e-05
1260 1214 1.22913373227337423e-05
1215 1215 -2.15775600108563833e-08
1261 1215 2.15775600108563833e-08
1216 1216 -3.08065413582197904e-03
1263 1216 3.08065413582197904e-03
1217 1217 -2.53900066139174088e-03
1264 1217 2.53900066139174088e-03
1218 1218 -2.00912226249259501e-02
1266 1218 2.00912226249259501e-02
1219 1219 -5.97540672896504574e-02
1268 1219 5.97540672896504574e-02
1220 1220 -3.26956217245257197e-01
1269 1220 3.26956217245257197e-01
1221 1221 -3.96084103177111568e-01
1270 1221 3.96084103177111568e-01
1222 1222 -8.66433975699931525e-01
1272 1222 8.66433975699931525e-01
1223 1223 -1.35911211874499083e+00
1187 1223 1.33192987637009108e+00
1222 1223 2.71822423748998183e-02
1224 1224 -1.33297534723066402e+00
1273 1224 1.33297534723066402e+00
1272 1224 4.34110081332610361e-10
1225 1225 -9.36685379135061225e-01
1274 1225 9.36331686735899837e-01
1273 1225 3.53617464331068305e-04
1226 1226 -3.39778029686247729e+00
1275 1226 3.39065311291177851e+00
1274 1226 7.12718395069873202e-03
1227 1227 -4.88131817295736159e+00
1277 1227 4.85523680182743256e+00
1275 1227 2.60813711299284767e-02
1228 1228 -5.63534293138166920e+00
1278 1228 5.52940411961462530e+00
1277 1228 1.05938811767043992e-01
1229 1229 -4.27868629975274839e+00
1279 1229 4.16832614402322577e+00
1278 1229 1.10360155729522638e-01
1230 1230 -4.65199450040231799e+00
1280 1230 4.44446902573937042e+00
1279 1230 2.07525474662947379e-01
1231 1231 -4.62098120373296842e+05
1195 1231 4.62098120373296842e+05
1232 1232 -4.78032538317203617e+01
1196 1232 4.78032538317203617e+01
1233 1233 -6.60140171961852595e-01
1196 1233 6.60140171961852595e-01
1234 1234 -4.71528694258466163e-01
1197 1234 4.71528694258466163e-01
1235 1235 -1.48744030163078383e-01
1199 1235 1.48744030163078383e-01
1236 1236 -5.82476622319281767e-02
1200 1236 5.82476622319281767e-02
1237 1237 -9.81794873314370195e-03
1202 1237 9.81794873314370195e-03
1238 1238 -2.68661697891451647e-02
1202 1238 2.68661697891451647e-02
1239 1239 -2.30128546002637867e-03
1203 1239 2.30128546002637867e-03
1240 1240 -5.89410867823082774e-03
1203 1240 7.07293041387699263e-04
1239 1240 5.18681563684312858e-03
1241 1241 -1.16691444538711327e-03
1204 1241 1.16691444538711327e-03
1242 1242 -7.65063113200822702e-03
1204 1242 3.06025245280329081e-03
1241 1242 4.59037867920493621e-03
1243 1243 -3.76301400955453464e-04
1205 1243 3.76301400955453464e-04
1244 1244 -2.50053095440095686e-04
1205 1244 2.35299962809130015e-04
1243 1244 1.47531326309656441e-05
1245 1245 -1.32482259281335095e-03
1206 1245 1.32482259281335095e-03
1246 1246 -3.20901472481456172e-03
1206 1246 3.52991619729601765e-04
1245 1246 2.85602310508495990e-03
1247 1247 -4.98294211927726943e-07
1207 1247 4.98294211927726943e-07
1248 1248 -4.09661454231646132e-05
1207 1248 4.09005995904875486e-05
1247 1248 6.55458326770633815e-08
1249 1249 -9.25677324465738817e-06
1208 1249 9.25677324465738817e-06
1250 1250 -2.51140282811574377e-03
1208 1250 4.26938480779676471e-05
1249 1250 2.46870898003777621e-03
1251 1251 -6.65591045677837182e-09
1209 1251 6.65591045677837182e-09
1252 1252 -1.84851078618350325e-06
1209 1252 1.71541800957829112e-06
1251 1252 1.33092776605212235e-07
1253 1253 -3.87001293392976558e-08
1210 1253 3.01861008846521705e-08
1296 1253 8.51402845464548368e-09
1254 1254 -5.86972635404755958e-09
1210 1254 5.85604989164262848e-09
1253 1254 1.36764624049308138e-11
1256 1256 -2.05874701666828604e-04
1255 1256 2.05874701666828604e-04
1257 1257 -1.63864581692658474e-02
1298 1257 1.63127191075041512e-02
1213 1257 7.37390617616963092e-05
1258 1258 -2.66185553210424464e-03
1298 1258 3.46041219173551789e-06
1257 1258 2.65839511991250920e-03
1259 1259 -5.44516073215140570e-06
1299 1259 5.44516073215140570e-06
1260 1260 -1.73286795139986315e-02
1259 1260 1.73286795139986315e-02
1261 1261 -2.30511200718305706e-02
1300 1261 2.30511200718305706e-02
1262 1262 -8.81866641933772580e-05
1300 1262 8.81866641933772580e-05
1263 1263 -5.32371106420848929e-04
1301 1263 5.32371106420848929e-04
1264 1264 -4.12587607476157872e-02
1303 1264 4.12587607476157872e-02
1265 1265 -1.92540883488873690e-03
1303 1265 1.92540883488873690e-03
1266 1266 -8.66433975699931573e-03
1304 1266 8.66433975699931573e-03
1267 1267 -2.16608493924982881e-01
1306 1267 2.16608493924982881e-01
1268 1268 -2.43209537038577284e-02
1306 1268 2.43209537038577284e-02
1269 1269 -6.30133800509041220e-02
1307 1269 6.30133800509041220e-02
1270 1270 -3.30070085980926298e-01
1309 1270 3.30070085980926298e-01
1271 1271 -1.02993637527480725e-01
1309 1271 1.02993637527480725e-01
1272 1272 -2.47552564485694765e-01
1310 1272 2.47552564485694765e-01
1273 1273 -3.74674151654024457e-01
1312 1273 3.74674151654024457e-01
1274 1274 -7.00148667232267985e-01
1313 1274 7.00002056101349579e-01
1312 1274 1.46590126458419952e-04
1275 1275 -1.01933408905874301e+00
1315 1275 1.01818244540492442e+00
1313 1275 1.15164365381856780e-03
1276 1276 -1.21604768519288653e+00
1315 1276 1.21604768519288653e+00
1277 1277 -1.57533450127260299e+00
1316 1277 1.56795516186829187e+00
1315 1277 7.37933940431125413e-03
1278 1278 -2.60581646827047075e+00
1318 1278 2.52503615775408630e+00
1316 1278 8.07803105163845958e-02
1279 1279 -4.05349228397628814e+00
1319 1279 3.79406877780180585e+00
1318 1279 2.59423506174482454e-01
1280 1280 -5.09667044529371527e+00
1320 1280 4.98244896394423797e+00
1319 1280 1.14221481349477461e-01
1281 1281 -4.59037867920493614e+00
1321 1281 4.10467071115826165e+00
1320 1281 4.85707968046674321e-01
1282 1282 -6.41802944962912303e+00
1322 1282 5.92706303279139490e+00
1321 1282 4.90882725733705505e-01
1320 1282 8.36846859937141383e-05
1283 1283 -1.41747889685060393e+01
1323 1283 1.22813206580930014e+01
1322 1283 1.89346831041303676e+00
1321 1283 1.32956685566792930e-08
1284 1284 -6.93147180559945293e+05
1234 1284 6.93147180559945293e+05
1285 1285 -8.66433975699931525e-01
1235 1285 8.66433975699931525e-01
1286 1286 -5.33190138892265630e-01
1236 1286 5.25192286808881637e-01
1199 1286 7.99785208338398348e-03
1287 1287 -7.70163533955494778e-02
1237 1287 7.70163533955494778e-02
1288 1288 -6.93147180559945258e-02
1239 1288 6.93147180559945258e-02
1289 1289 -5.21163293654094140e-02
1239 1289 4.66466945403450142e-02
1202 1289 4.64402930295262472e-04
1288 1289 5.00523142572217427e-03
1290 1290 -5.68153426688479748e-03
1242 1290 5.68153426688479748e-03
1291 1291 -3.72659774494594250e-03
1243 1291 3.66493186876144924e-03
1244 1291 6.16658761844929878e-05
1292 1292 -6.52680960979232813e-04
1245 1292 6.52680960979232813e-04
1293 1293 -5.39834252772543018e-04
1247 1293 1.39468878375050358e-05
1248 1293 5.25887364935037974e-04
1294 1294 -2.21006523747559314e-06
1249 1294 2.21006523747559314e-06
1295 1295 -2.27320995854632466e-05
1251 1295 6.36180538998774416e-08
1252 1295 2.26684815315633692e-05
1297 1297 -4.72164027896002421e-07
1255 1297 3.55208998186162642e-10
1256 1297 4.71808818897816213e-07
1301 1301 -3.37916177804618318e-15
1355 1301 3.37916177804618318e-15
1302 1302 -3.25421211530490737e-02
1301 1302 3.25421211530490737e-02
1304 1304 -1.40528481803691423e-05
1359 1304 6.81001022820688639e-09
1360 1304 1.40460381701409362e-05
1305 1305 -2.46320959687258484e-03
1304 1305 2.46320959687258484e-03
1307 1307 -4.93694573048394036e-04
1363 1307 3.47087032635942935e-06
1364 1307 4.90223702722034560e-04
1308 1308 -3.50074333616133982e-05
1363 1308 2.76251708366164501e-06
1364 1308 6.68948642323063654e-06
1307 1308 2.55554263539777796e-05
1309 1309 -9.15553416494881973e-06
1365 1309 9.15553416494881973e-06
1310 1310 -7.45319548989188500e-03
1366 1310 3.16207035895506121e-04
1367 1310 7.13698845399637904e-03
1311 1311 -2.31049060186648436e+00
1310 1311 2.31049060186648436e+00
1312 1312 -4.77374091294728228e-03
1368 1312 4.77374091294728228e-03
1313 1313 -2.77258872223978131e-02
1370 1313 2.77258872223978131e-02
1314 1314 -1.38629436111989066e-02
1370 1314 1.27539081223029954e-02
1313 1314 1.10903548889591265e-03
1315 1315 -5.87412864881309560e-02
1372 1315 5.87412864881309560e-02
1316 1316 -1.61197018734870995e-01
1375 1316 1.61197018734870995e-01
1317 1317 -3.62904283015678146e+01
1316 1317 3.62904283015678146e+01
1318 1318 -3.64814305557865981e-01
1377 1318 3.12554182028104477e-01
1378 1318 5.22601235297615249e-02
1319 1319 -7.53420848434723123e-01
1379 1319 7.53420848434723123e-01
1320 1320 -1.38629436111989057e+00
1381 1320 1.38629436111989057e+00
1321 1321 -2.43209537038577306e+00
1383 1321 2.43192512370984604e+00
1381 1321 1.70081293441817869e-04
1322 1322 -3.96084103177111624e+00
1384 1322 3.95813260867359107e+00
1383 1322 2.70818544706318302e-03
1323 1323 -2.84076713344239895e+00
1386 1323 2.81514028905490177e+00
1384 1323 2.56268443874972281e-02
1324 1324 -1.82407152778932975e+01
1387 1324 1.82172230606868979e+01
1386 1324 2.34922172063987793e-02
1325 1325 -1.73851813533971722e+00
1388 1325 1.59255215269659445e+00
1387 1325 1.45965982643122660e-01
1326 1326 -2.77369820152038926e+00
1389 1326 2.74720023049180462e+00
1388 1326 2.64979710285847374e-02
1327 1327 -4.62098120373296842e+05
1286 1327 2.31049060186648421e+05
1285 1327 2.31049060186648421e+05
1328 1328 -1.98042051588555772e+01
1287 1328 1.98042051588555772e+01
1329 1329 -1.26026760101808222e+00
1287 1329 1.00821408081446573e+00
1236 1329 2.52053520203616432e-01
1330 1330 -1.73286795139986305e+00
1287 1330 1.21127469802850429e+00
1236 1330 4.67874346877963032e-01
1286 1330 5.37189064933957516e-02
1331 1331 -3.46573590279972643e-01
1288 1331 1.73286795139986322e-01
1237 1331 1.73286795139986322e-01
1332 1332 -1.38629436111989057e+00
1331 1332 1.38629436111989057e+00
1333 1333 -4.33216987849965776e+01
1331 1333 4.33216987849965776e+01
1334 1334 -1.73286795139986332e+01
1331 1334 1.73286795139986332e+01
1335 1335 -1.57533450127260277e-01
1290 1335 1.44143106866443160e-01
1239 1335 1.33903432608171238e-02
1336 1336 -1.00456113124629751e-01
1290 1336 8.23740127621963858e-02
1239 1336 1.80821003624333544e-02
1337 1337 -2.71822423748998149e-02
1291 1337 2.71822423748998149e-02
1338 1338 -1.45925722223146370e-02
1292 1338 1.45925722223146370e-02
1339 1339 -5.58989661741891332e-03
1293 1339 5.58989661741891332e-03
1340 1340 -6.60140171961852706e-02
1339 1340 6.60140171961852706e-02
1341 1341 -5.74748905936936418e-03
1294 1341 5.74748905936936418e-03
1342 1342 -5.15734509345197340e-03
1294 1342 2.57867254672598670e-03
1341 1342 2.57867254672598670e-03
1343 1343 -1.04076153237229021e-03
1295 1343 1.04076153237229021e-03
1344 1344 -2.23595864696756547e-01
1343 1344 2.23595864696756547e-01
1345 1345 -8.95538992971505561e-04
1296 1345 8.95538992971505561e-04
1346 1346 -1.50031857264057412e-03
1296 1346 7.65162472046692862e-04
1345 1346 7.35156100593881254e-04
1347 1347 -1.75836423277510225e-04
1297 1347 1.75836423277510225e-04
1348 1348 -1.21604768519288642e-01
1347 1348 1.21604768519288642e-01
1349 1349 -1.66942962562607259e-04
1298 1349 1.66942962562607259e-04
1350 1350 -3.44849343562161838e-04
1298 1350 3.44607949021668301e-04
1349 1350 2.41394540493513289e-07
1351 1351 -1.94297331364407939e-07
1299 1351 1.94297331364407939e-07
1352 1352 -1.59784965550932513e-03
1299 1352 5.43268882873170540e-06
1351 1352 1.59241696668059357e-03
1353 1353 -4.82155801725059341e-04
1300 1353 4.82155801725059341e-04
1354 1354 -9.68905412081691343e-07
1300 1354 9.68905412081691343e-07
1356 1356 -1.56466632180574557e-02
1355 1356 1.56466632180574557e-02
1357 1357 -4.84989630954341805e-03
1303 1357 1.38222044821987422e-04
1407 1357 4.71167426472143044e-03
1358 1358 -5.01473846826080706e-11
1303 1358 4.57845622152211696e-11
1357 1358 4.36282246738690187e-12
1360 1360 -1.75037166808066982e-02
1359 1360 1.75037166808066982e-02
1361 1361 -2.81767146569083422e-02
1409 1361 2.80921845129376187e-02
1306 1361 8.45301439707250228e-05
1362 1362 -3.21209893462493738e-08
1409 1362 3.16841438911403850e-08
1361 1362 4.36845455108991452e-10
1363 1363 -1.07685057879683279e-06
1410 1363 1.07685057879683279e-06
1364 1364 -1.06967157493818715e-02
1410 1364 7.48770102456731062e-05
1363 1364 1.06218387391361982e-02
1365 1365 -6.15146592616209830e-05
1412 1365 6.15146592616209830e-05
1366 1366 -3.58549131264196844e-05
1413 1366 3.52323176584185961e-05
1414 1366 6.22595468001089338e-07
1367 1367 -1.00894786107706726e-02
1413 1367 3.63221229987744200e-03
1366 1367 6.45726631089323100e-03
1368 1368 -1.50684169686944647e-01
1415 1368 1.50684169686944647e-01
1369 1369 -4.62098120373296865e+02
1368 1369 4.62098120373296865e+02
1370 1370 -5.77622650466621070e-04
1416 1370 5.44357593075308569e-04
1417 1370 3.32650573913125216e-05
1371 1371 -3.85081766977747389e-02
1416 1371 3.04214595912420463e-02
1370 1371 8.08671710653269434e-03
1372 1372 -2.92467164793225841e-03
1418 1372 2.92467164793225841e-03
1373 1373 -3.46573590279972629e-02
1418 1373 3.22313438960374551e-02
1372 1373 2.42601513195980865e-03
1374 1374 -7.45319548989188396e-02
1418 1374 6.85693985070053302e-02
1373 1374 5.96255639191350766e-03
1375 1375 -9.52125248021902862e-03
1419 1375 8.07606250763224717e-03
1420 1375 1.44518997258678145e-03
1376 1376 -1.29802842801487878e-01
1419 1376 9.48193671112361608e-02
1420 1376 2.71952921418781718e-02
1375 1376 7.78817056808927231e-03
1377 1377 -1.84347654404240779e-01
1421 1377 1.84347654404240779e-01
1378 1378 -3.46573590279972643e-01
1421 1378 2.04478418265183842e-01
1377 1378 1.42095172014788773e-01
1379 1379 -3.30070085980926298e-01
1422 1379 2.40415326988494771e-01
1423 1379 8.96547589924315408e-02
1380 1380 -1.15524530093324210e-01
1422 1380 1.15524530093324210e-01
1381 1381 -5.63534293138166942e-01
1424 1381 5.63534293138166942e-01
1422 1381 4.19641446728267369e-10
1382 1382 -2.16608493924982914e+00
1424 1382 1.36463351172739245e+00
1381 1382 8.01451427522436810e-01
1383 1383 -8.88650231487109310e-01
1425 1383 7.91387285920798877e-01
1426 1383 9.72628567012872591e-02
1384 1384 -1.31029712771256190e+00
1427 1384 1.30785997505501661e+00
1425 1384 2.43715265754536510e-03
1385 1385 -3.46573590279972610e+00
1427 1385 3.46382766861164493e+00
1425 1385 1.90823418808152927e-03
1386 1386 -2.31049060186648436e+00
1428 1386 2.29778290355621895e+00
1427 1386 1.27076983102656638e-02
1387 1387 -4.02992546837177557e+00
1430 1387 3.97753643728294248e+00
1428 1387 5.23890310888330824e-02
1388 1388 -4.17558542505991070e+00
1431 1388 4.04369955940939363e+00
1430 1388 1.31885865650517298e-01
1389 1389 -6.47801103327051653e+00
1433 1389 6.26492333834211657e+00
1431 1389 2.13087694928400379e-01
1390 1390 -6.35914844550408542e+00
1434 1390 6.03743276649758798e+00
1433 1390 3.21715679006497168e-01
1391 1391 -1.19508134579300904e+01
1435 1391 1.12217899353694399e+01
1434 1391 7.29012647320404716e-01
1433 1391 1.08061645449295459e-05
1392 1392 -1.50684169686944625e+01
1436 1392 1.37196429658266208e+01
1435 1392 1.34877400286784144e+00
1393 1393 -1.38629436111989044e+01
1437 1393 2.76926161577309315e+00
1436 1393 1.09544148639077061e+01
1435 1393 1.39267131518104187e-01
1394 1394 -1.38629436111989065e+02
1331 1394 6.93147180559945326e+01
1287 1394 6.93147180559945326e+01
1395 1395 -6.93147180559945286e-01
1335 1395 6.93147180559945286e-01
1396 1396 -2.47552564485694765e-01
1337 1396 1.23776282242847382e-01
1290 1396 1.23776282242847382e-01
1397 1397 -7.53420848434723234e-02
1338 1397 7.53420848434723234e-02
1398 1398 -4.33216987849965804e-02
1339 1398 4.32480085753633031e-02
1239 1398 4.33216987849965772e-08
1292 1398 7.36468879344941802e-05
1399 1399 -1.41170505205691493e-02
1341 1399 1.41170505205691493e-02
1400 1400 -8.49445074215619302e-03
1343 1400 7.49888837349937422e-03
1344 1400 9.95562368656819014e-04
1401 1401 -2.10044600169680389e-03
1345 1401 1.13457061093854051e-04
1346 1401 1.98698894060294999e-03
1402 1402 -1.58252780949759203e-03
1347 1402 1.58252780949759203e-03
1403 1403 -2.00215823385310596e-04
1349 1403 2.00215823385310596e-04
1404 1404 -2.08152306474458057e-04
1351 1404 2.08152306474458057e-04
1406 1406 -2.96216743829036462e-05
1355 1406 1.88986282562925258e-08
1356 1406 2.96027757546473539e-05
1408 1408 -1.73873793065375018e-08
1360 1408 1.73873793065375018e-08
1411 1411 -2.37998619887359305e-04
1410 1411 2.37998619887359305e-04
1413 1413 -2.73190519014809544e-24
1468 1413 2.73190519014809544e-24
1414 1414 -1.55776643624996754e-09
1468 1414 1.55558556323921764e-09
1413 1414 2.18087301074995472e-12
1416 1416 -3.60158779440467078e-06
1473 1416 2.52111145608326957e-12
1474 1416 3.60158527329321465e-06
1417 1417 -1.80038976930799007e-07
1473 1417 1.80019928807039728e-07
1474 1417 1.90481237592785358e-11
1418 1418 -7.08532249832815044e-28
1536 1418 7.08532249832815044e-28
1419 1419 -7.73256560196279932e-05
1478 1419 6.45056035311658073e-06
1479 1419 7.08750956665114167e-05
1420 1420 -5.73038343716885992e-05
1478 1420 5.67343889783868160e-05
1479 1420 5.69445393301781134e-07
1421 1421 -2.29671033982751919e-04
1480 1421 2.29671033982751919e-04
1422 1422 -4.29459219677785168e-03
1483 1422 4.17681300578121896e-04
1484 1422 3.87691089619972978e-03
1423 1423 -5.25111500424201016e-03
1483 1423 5.24159630807382107e-03
1484 1423 9.51869616818949111e-06
1424 1424 -1.36446295385816013e-02
1485 1424 1.36446295385816013e-02
1425 1425 -5.13442355970329875e-02
1488 1425 1.67198447027125767e-02
1489 1425 3.46243908943204073e-02
1426 1426 -8.35117085011982258e-02
1488 1426 8.35117085011982258e-02
1427 1427 -1.32279996290065899e-01
1490 1427 1.32279996290065899e-01
1428 1428 -3.30070085980926298e-01
1493 1428 1.02240793469004623e-01
1494 1428 2.27829292511921661e-01
1429 1429 -3.80850099208761117e-01
1493 1429 3.74536099669008860e-01
1494 1429 6.31399953975228696e-03
1430 1430 -5.54517744447956207e-01
1495 1430 5.54517744447956207e-01
1431 1431 -1.01933408905874301e+00
1497 1431 4.67436440953303389e-01
1498 1431 5.51897648105439509e-01
1432 1432 -1.44405662616655284e+00
1497 1432 1.44405662616655284e+00
1433 1433 -1.34591685545620443e+00
1499 1433 1.34591685545620443e+00
1434 1434 -1.87337075827012245e+00
1501 1434 1.87233159951050987e+00
1499 1434 1.03904635736694079e-03
1435 1435 -2.47552564485694715e+00
1503 1435 2.45116374943334536e+00
1501 1435 2.43618954236017038e-02
1436 1436 -2.56721177985164895e+00
1505 1436 2.56068413045902021e+00
1503 1436 6.52764939262878794e-03
1437 1437 -4.27868629975274839e+00
1507 1437 4.12893227926140227e+00
1505 1437 1.49754020491346201e-01
1438 1438 -1.01933408905874305e+01
1510 1438 3.24362300479382615e+00
1507 1438 6.94971788579360439e+00
1505 1438 7.89525218680449380e-09
1439 1439 -7.14584722226747715e+00
1513 1439 2.86658519660148741e-16
1510 1439 7.13504984711463042e+00
1507 1439 1.07973751528461573e-02
1440 1440 -1.38629436111989065e+02
1396 1440 6.93147180559945326e+01
1395 1440 6.93147180559945326e+01
1441 1441 -1.63093454249398881e+01
1397 1441 1.63093454249398881e+01
1442 1442 -4.33216987849965762e-01
1397 1442 4.33216987849965762e-01
1443 1443 -2.27261370675391899e-01
1398 1443 2.27261370675391899e-01
1444 1444 -1.17482572976261912e-01
1399 1444 1.12900752630187687e-01
1339 1444 4.58182034607421476e-03
1445 1445 -4.59037867920493586e-02
1400 1445 4.59037867920493586e-02
1446 1446 -2.97488060326156767e-02
1401 1446 2.97488060326156767e-02
1447 1447 -1.06638027778453125e-02
1402 1447 1.06638027778453125e-02
1448 1448 -2.03866817811748612e-02
1402 1448 1.36590767933871572e-02
1447 1448 6.72760498778770481e-03
1449 1449 -6.41802944962912344e-03
1403 1449 6.41802944962912344e-03
1450 1450 -4.41495019464933289e-02
1403 1450 8.82990038929866612e-03
1449 1450 3.53196015571946645e-02
1451 1451 -2.27859033714643408e-03
1404 1451 2.27859033714643408e-03
1452 1452 -1.44405662616655262e-02
1451 1452 1.44405662616655262e-02
1453 1453 -1.86329887247297125e-03
1405 1453 1.86329887247297125e-03
1454 1454 -2.22162557871777343e-03
1405 1454 2.22162557871777343e-03
1455 1455 -3.56557191646062377e-04
1406 1455 3.56557191646062377e-04
1456 1456 -1.37529202492052641e-02
1455 1456 1.37529202492052641e-02
1457 1457 -1.99180224298834850e-04
1407 1457 1.99180224298834850e-04
1458 1458 -2.91728611346778318e-04
1407 1458 2.91728611346778318e-04
1459 1459 -4.62061155480858338e-05
1408 1459 4.62061155480858338e-05
1460 1460 -8.62123358905404584e-03
1459 1460 8.62123358905404584e-03
1461 1461 -3.31649368688969037e+00
1459 1461 3.31649368688969037e+00
1462 1462 -3.92940578548721790e-05
1409 1462 3.92940578548721790e-05
1463 1463 -1.67184558745765873e-04
1409 1463 1.67184558745765873e-04
1464 1464 -2.86039011299214270e-06
1410 1464 2.86024709348649316e-06
1411 1464 1.43019505649607146e-10
1465 1465 -1.50031857264057412e-03
1464 1465 1.50031857264057412e-03
1466 1466 -7.71706947851197094e-04
1412 1466 4.32155890796670408e-04
1531 1466 3.39551057054526741e-04
1467 1467 -5.61889737807997193e-04
1466 1467 5.61889737807997193e-04
1469 1469 -1.16133067366323749e-04
1468 1469 1.16133067366323749e-04
1470 1470 -9.64043366564596924e-03
1534 1470 9.59223149731773875e-03
1415 1470 4.82021683282298443e-05
1471 1471 -1.62038715654138622e-07
1415 1471 5.26625825875950544e-09
1470 1471 1.56772457395379110e-07
1472 1472 -1.60823011730845771e+01
1471 1472 1.60823011730845771e+01
1473 1473 -4.98061479611081011e-23
1535 1473 4.98061479611081011e-23
1474 1474 -4.29203931094234676e-05
1535 1474 2.14601965547117363e-06
1473 1474 4.07743734539522918e-05
1475 1475 -4.91593745077975389e-02
1536 1475 4.91480678516607455e-02
1418 1475 1.13066561367934350e-05
1476 1476 -2.12791545576209633e-04
1536 1476 2.12791545576209633e-04
1477 1477 -3.17957422275204238e-01
1476 1477 3.17957422275204238e-01
1478 1478 -2.67417893734546810e-04
1537 1478 2.66479658054379130e-04
1538 1478 9.38235680167657482e-07
1479 1479 -9.94187005966645608e-05
1537 1479 5.25924926156355534e-05
1478 1479 4.68262079810290074e-05
1480 1480 -1.38629436111989052e-01
1539 1480 1.38629436111989052e-01
1481 1481 -2.59605685602975773e-03
1539 1481 2.59605685602975773e-03
1482 1482 -8.15467271246994446e-02
1539 1482 1.14165417974579223e-03
1481 1482 8.04050729449536511e-02
1483 1483 -4.81352208722184236e-03
1540 1483 4.45630387419818693e-03
1541 1483 3.57218164888434145e-04
1484 1484 -6.41802944962912300e-04
1540 1484 6.13563615384544125e-04
1483 1484 2.82393295783681386e-05
1485 1485 -2.25047785896086122e-01
1542 1485 2.25047785896086122e-01
1486 1486 -1.50031857264057416e-02
1542 1486 1.50031857264057416e-02
1487 1487 -1.46542744304428187e-02
1542 1487 1.46542744304428187e-02
1488 1488 -3.00063714528114832e-02
1543 1488 2.66000691699483406e-02
1544 1488 3.40630228286314257e-03
1489 1489 -2.97743634261144873e-03
1543 1489 2.94170710650011125e-03
1488 1489 3.57292361113373871e-05
1490 1490 -4.62098120373296839e-01
1545 1490 4.62098120373296839e-01
1491 1491 -6.72958427728102132e-02
1545 1491 6.72958427728102132e-02
1492 1492 -6.41802944962912292e-02
1545 1492 6.41802944962912292e-02
1493 1493 -1.12341520350072166e-01
1546 1493 3.63238331408702320e-03
1547 1493 1.08709137035985143e-01
1494 1494 -1.46233582396612938e-02
1547 1494 1.46233582396612938e-02
1495 1495 -2.22162557871777328e-01
1548 1495 2.22162557871777328e-01
1496 1496 -1.87337075827012228e-01
1548 1496 1.87337075827012228e-01
1497 1497 -2.93706432440654808e-01
1549 1497 5.48950539021043696e-02
1550 1497 2.38811378538550445e-01
1498 1498 -5.68153426688479748e-02
1550 1498 5.68153426688479748e-02
1499 1499 -4.53037372914996905e-01
1551 1499 4.53037372914996905e-01
1500 1500 -4.22650719853625179e-01
1551 1500 4.22650719853625179e-01
1501 1501 -6.35914844550408476e-01
1552 1501 1.09869424169383362e-01
1553 1501 5.26045356789540675e-01
1502 1502 -1.88868441569467388e-01
1552 1502 6.97080554724071027e-04
1553 1502 1.86868154791649310e-01
1551 1502 1.30319224682932488e-03
1503 1503 -8.25175214952315828e-01
1554 1503 8.24861648370633915e-01
1552 1503 3.13566581681880058e-04
1504 1504 -9.62704417444368521e-01
1554 1504 1.56857089010997236e-01
1555 1504 8.05422583244394752e-01
1552 1504 4.24639291490536499e-04
1505 1505 -1.13630685337695958e+00
1556 1505 1.01278461688061716e+00
1557 1505 1.20681355732214654e-01
1554 1505 2.84076713344239918e-03
1506 1506 -5.63534293138166942e-01
1556 1506 5.49445935809712793e-01
1554 1506 1.40883573284541746e-02
1507 1507 -2.39016269158601835e+00
1558 1507 1.68407086792098148e+00
1559 1507 6.83863071617017648e-01
1556 1507 2.22285130317499691e-02
1508 1508 -1.28360588992582447e+00
1559 1508 1.26242639274204849e+00
1556 1508 2.11794971837761040e-02
1509 1509 -1.28360588992582447e+00
1558 1509 1.06976716079012357e+00
1559 1509 1.92659231951924831e-01
1556 1509 2.11794971837761040e-02
1510 1510 -2.47552564485694715e+00
1560 1510 2.42601513195980800e+00
1558 1510 4.95105128971389460e-02
1511 1511 -1.98042051588555812e+00
1560 1511 1.94081210556784689e+00
1558 1511 3.96084103177111665e-02
1512 1512 -2.16608493924982914e+00
1560 1512 2.16319364907291867e+00
1558 1512 2.89129017691067179e-03
1513 1513 -3.34853710415432504e+00
1562 1513 3.17589992521254461e+00
1560 1513 1.72637045000296196e-01
1558 1513 1.26916253321657229e-07
1514 1514 -4.20089200339360769e+00
1563 1514 4.32691876349541611e-03
1562 1514 4.19516954830658495e+00
1560 1514 1.39536828784722080e-03
1515 1515 -3.85081766977747408e+00
1563 1515 3.85081766977747434e-05
1562 1515 3.84938940150375375e+00
1560 1515 1.38952904796250378e-03
1516 1516 -4.95105128971389430e+00
1563 1516 2.66841860310420032e+00
1562 1516 2.28263021108404907e+00
1560 1516 2.15157835897096692e-06
1517 1517 -7.53420848434723123e+00
1565 1517 1.43767012877465444e-16
1564 1517 6.83011409885952947e+00
1563 1517 6.72651873219975549e-01
1562 1517 3.14425122677262983e-02
1518 1518 -1.38629436111989065e+02
1443 1518 6.93147180559945326e+01
1397 1518 6.93147180559945326e+01
1519 1519 -8.05985093674355002e-01
1444 1519 6.68967627749714633e-01
1398 1519 1.37017465924640369e-01
1520 1520 -4.07733635623497237e-01
1445 1520 3.01722890361387941e-01
1399 1520 1.06010745262109282e-01
1521 1521 -1.54032706791098956e-01
1446 1521 1.54032706791098956e-01
1522 1522 -9.90210257942778921e-02
1447 1522 9.78327734847465602e-02
1401 1522 1.18825230953133469e-03
1523 1523 -3.33243836807666019e-02
1449 1523 3.85965677741333243e-03
1450 1523 2.94647269033532708e-02
1524 1524 -2.03866817811748612e-02
1451 1524 2.03866817811748612e-02
1525 1525 -6.02736678747778538e-03
1454 1525 6.02736678747778538e-03
1526 1526 -3.98360448597669722e-03
1455 1526 3.98360448597669722e-03
1527 1527 -1.12159737954683710e-03
1458 1527 1.12159737954683710e-03
1528 1528 -6.41802944962912300e-04
1459 1528 6.41802944962912300e-04
1529 1529 -4.68469302892636716e-05
1463 1529 4.68469302892636716e-05
1530 1530 -3.27264957771456724e-04
1464 1530 3.27264957771456724e-04
1532 1532 -6.97066366498949026e-08
1469 1532 6.97066366498949026e-08
1533 1533 -5.39834252772543018e-04
1468 1533 4.80452484967563260e-05
1532 1533 4.91789004275786719e-04
1538 1538 -5.89892412649735533e-07
1537 1538 5.89892412649735533e-07
1541 1541 -2.73806717134348244e-08
1540 1541 2.73806717134348244e-08
1543 1543 -7.12322913388359973e-06
1590 1543 7.12322913388359973e-06
1544 1544 -5.00330003724570410e-10
1590 1544 1.12073920834303770e-10
1543 1544 3.88256082890266639e-10
1546 1546 -6.20939381736563789e-08
1593 1546 6.20939381736563789e-08
1547 1547 -2.88378757097664071e-04
1593 1547 2.88378757097664071e-04
1549 1549 -8.32213362244440188e-07
1597 1549 8.32213362244440188e-07
1550 1550 -1.21349296316517028e-03
1597 1550 1.21349296316517028e-03
1551 1551 -9.54978377101843123e-14
1599 1551 3.15190517864625613e-14
1600 1551 6.39787859237217448e-14
1552 1552 -9.16861349947017533e-05
1601 1552 9.16861349947017533e-05
1553 1553 -2.79720411848242631e-03
1601 1553 2.79720411848242631e-03
1554 1554 -1.95572253416834640e-04
1603 1554 1.95572253416834640e-04
1555 1555 -1.06638027778453118e-01
1554 1555 1.06638027778453118e-01
1556 1556 -5.18047220149435873e-03
1604 1556 5.18047220149435873e-03
1557 1557 -1.67426855207716244e-03
1604 1557 1.57936565288606216e-03
1605 1557 9.49027819923015678e-05
1558 1558 -3.10549812078828556e-03
1607 1558 3.10549812078828556e-03
1559 1559 -6.79556059372495372e-03
1606 1559 5.85929000091542970e-03
1607 1559 9.36269913253464812e-04
1560 1560 -1.23776282242847365e-02
1608 1560 1.23776282242847365e-02
1561 1561 -1.18689585712319409e-02
1608 1561 1.18689585712319409e-02
1562 1562 -1.74596267143563022e-02
1609 1562 1.74596267143563022e-02
1563 1563 -4.74758342849277593e-01
1611 1563 4.74618763896479889e-01
1609 1563 1.39578952797687601e-04
1564 1564 -6.60140171961852595e-01
1612 1564 5.47916342728337669e-01
1611 1564 1.12223829233514955e-01
1565 1565 -1.30782486898102879e+00
1612 1565 1.28814472035260241e+00
1611 1565 1.96801486284265206e-02
1566 1566 -2.77258872223978114e+00
1615 1566 1.66355323334386882e-04
1614 1566 2.77081537449303683e+00
1612 1566 1.60696469752295498e-03
1567 1567 -3.64814305557865914e+00
1615 1567 3.52721440957233812e+00
1614 1567 1.20928646006321389e-01
1568 1568 -4.62098120373296842e+05
1522 1568 4.62098120373296842e+05
1569 1569 -1.50684169686944625e+00
1523 1569 1.38748777974381121e+00
1447 1569 1.04434572006011930e-01
1522 1569 1.49192245722874189e-02
1570 1570 -5.68153426688479790e-01
1524 1570 5.62471892421595010e-01
1523 1570 5.68153426688479835e-03
1571 1571 -1.15524530093324218e+00
1525 1571 1.15524530093324218e+00
1572 1572 -1.73286795139986322e-01
1526 1572 1.73286795139986322e-01
1573 1573 -9.36685379135061141e-02
1527 1573 9.36685379135061141e-02
1574 1574 -4.07733635623497223e-02
1528 1574 4.07733635623497223e-02
1575 1575 -3.01368339373889252e-02
1529 1575 3.01368339373889252e-02
1576 1576 -9.24196240746593713e-03
1530 1576 9.24196240746593713e-03
1577 1577 -1.34853537073919318e-02
1531 1577 1.34853537073919318e-02
1578 1578 -1.73200195042465103e-03
1532 1578 1.73200195042465103e-03
1579 1579 -3.31015845539610939e-03
1534 1579 3.31015845539610939e-03
1580 1580 -3.59889501848362030e-04
1535 1580 3.59889501848362030e-04
1581 1581 -7.31167911983064602e-04
1536 1581 7.31167911983064602e-04
1582 1582 -1.91582968645645475e-04
1536 1582 1.91582968645645475e-04
1583 1583 -6.87646012460263218e-05
1537 1583 6.87646012460263218e-05
1584 1584 -3.20901472481456172e-03
1539 1584 3.20901472481456172e-03
1585 1585 -3.85081766977747367e-05
1539 1585 3.85081766977747367e-05
1586 1586 -5.04165706962224942e-06
1540 1586 5.04165706962224942e-06
1587 1587 -8.15467271246994474e-01
1586 1587 8.15467271246994474e-01
1588 1588 -7.27026621103361967e-04
1542 1588 7.27026621103361967e-04
1589 1589 -1.39280152986743116e-06
1542 1589 1.39280152986743116e-06
1591 1591 -2.94534749020846041e-06
1640 1591 2.87436461569443660e-06
1545 1591 7.09828745140238902e-08
1592 1592 -2.75649081587507052e-03
1591 1592 2.75649081587507052e-03
1594 1594 -1.33264731096950226e-07
1643 1594 1.33264731096950226e-07
1595 1595 -7.45319548989188500e-03
1643 1595 1.86329887247297125e-03
1594 1595 5.58989661741891332e-03
1596 1596 -5.71903614323387207e-04
1595 1596 5.71903614323387207e-04
1597 1597 -7.96230986336734699e-09
1644 1597 6.12367874911012169e-09
1645 1597 1.83863111425722510e-09
1598 1598 -6.49598122432097510e-07
1646 1598 6.49598122432097510e-07
1599 1599 -6.03261253751040264e-04
1646 1599 5.18804678225894596e-04
1598 1599 8.44565755251456402e-05
1600 1600 -6.30133800509041220e-02
1599 1600 6.30133800509041220e-02
1601 1601 -2.08377579533413103e-06
1647 1601 1.74035954213924870e-06
1648 1601 3.43416253194882377e-07
1602 1602 -2.13696874016507967e-05
1649 1602 2.13696874016507967e-05
1603 1603 -1.11081278935888672e-03
1649 1603 1.07082352894196666e-03
1602 1603 3.99892604169199207e-05
1604 1604 -4.37592917020167478e-05
1650 1604 3.71260394693665398e-05
1651 1604 6.63325223265020877e-06
1605 1605 -6.52680960979232813e-04
1651 1605 5.54778816832347875e-04
1604 1605 9.79021441468849247e-05
1606 1606 -2.92467164793225863e-04
1652 1606 2.92467164793225863e-04
1607 1607 -1.83372269989403518e-03
1652 1607 1.83372269989403518e-03
1608 1608 -5.01626270487730004e-04
1653 1608 4.70360958463397804e-04
1654 1608 3.12653120243321867e-05
1609 1609 -4.14066416105104713e-03
1655 1609 4.14066416105104713e-03
1610 1610 -2.81767146569083431e-03
1655 1610 2.81767146569083431e-03
1611 1611 -4.62098120373296856e-03
1656 1611 3.82207270216694582e-03
1657 1611 7.98908501566022414e-04
1612 1612 -8.88650231487109310e-01
1658 1612 8.62472372967962086e-01
1656 1612 2.61778585191472686e-02
1613 1613 -6.88328878411067768e-02
1658 1613 6.87723148998066053e-02
1656 1613 6.05729413001739647e-05
1614 1614 -4.12833341608067450e-01
1659 1614 3.22010006454292619e-01
1658 1614 9.08233351537748451e-02
1615 1615 -7.50972026608824783e-01
1660 1615 3.92833467119076241e-01
1659 1615 3.50506430783323053e-01
1658 1615 7.63212870642548599e-03
1616 1616 -1.54032706791098950e+00
1661 1616 2.00242518828428623e-04
1660 1616 1.53948527916837619e+00
1659 1616 6.41546223784927113e-04
1617 1617 -4.12587607476157903e+00
1662 1617 3.29422323437188735e+00
1661 1617 7.98062845502235052e-01
1660 1617 3.35899948874564466e-02
1618 1618 -5.45785181543264031e+00
1662 1618 5.44673799178087492e+00
1661 1618 1.11138236517654854e-02
1619 1619 -1.11797932348378282e+06
1520 1619 1.11797932348378282e+06
1620 1620 -1.15524530093324211e+04
1521 1620 1.15524530093324211e+04
1621 1621 -2.23595864696756564e+02
1572 1621 6.70787594090269721e+01
1522 1621 1.56517105287729578e+02
1622 1622 -3.30070085980926298e-01
1573 1622 1.60414061786730178e-01
1526 1622 7.92168206354223157e-03
1523 1622 1.61734342130653880e-01
1623 1623 -1.50684169686944647e-01
1451 1623 7.53420848434723234e-06
1574 1623 1.30635640910096662e-01
1527 1623 1.41643119505727964e-02
1524 1623 5.87668261779084131e-03
1624 1624 -3.72659774494594198e-02
1575 1624 3.72648594701359345e-02
1525 1624 1.11797932348378264e-06
1625 1625 -3.59143616870437957e-02
1576 1625 3.59143616870437957e-02
1626 1626 -5.77622650466621049e-03
1577 1626 5.77622650466621049e-03
1627 1627 -6.79556059372495372e-03
1578 1627 6.79556059372495372e-03
1628 1628 -7.60029803245554011e-04
1579 1628 7.60029803245554011e-04
1629 1629 -1.99180224298834861e-03
1580 1629 1.99180224298834861e-03
1630 1630 -1.72424671781080908e-03
1580 1630 1.72424671781080908e-03
1631 1631 -7.73256560196279932e-05
1581 1631 7.73256560196279932e-05
1632 1632 -1.86329887247297114e-04
1583 1632 1.86329887247297114e-04
1633 1633 -6.72958427728102215e+00
1632 1633 6.72958427728102215e+00
1634 1634 -1.33708946867273389e-06
1584 1634 1.33708946867273389e-06
1635 1635 -1.19963167282787343e-05
1586 1635 1.19963167282787343e-05
1636 1636 -1.70692272596519222e-06
1586 1636 1.70692272596519222e-06
1638 1638 -4.18494356392091984e-07
1590 1638 4.18494356392091984e-07
1639 1639 -4.88583240684312067e-08
1590 1639 5.56984894380115753e-09
1638 1639 4.32884751246300516e-08
1642 1642 -6.73031611748020493e-08
1641 1642 6.73031611748020493e-08
1645 1645 -1.39765449687045360e-07
1644 1645 1.39765449687045360e-07
1647 1647 -2.05926078597725862e-05
1689 1647 2.05926078597725862e-05
1648 1648 -7.36012551562972825e-08
1689 1648 1.76643012375113482e-09
1647 1648 7.18348250325461506e-08
1649 1649 -2.49596582210727570e-27
1733 1649 2.49596582210727570e-27
1650 1650 -1.65983520249029051e-04
1691 1650 1.65983520249029051e-04
1651 1651 -2.38765976548702518e-07
1691 1651 8.83434113230199263e-08
1650 1651 1.50422565225682592e-07
1653 1653 -4.62098120373296867e-04
1694 1653 4.62098120373296867e-04
1654 1654 -5.79070326282326909e-06
1694 1654 4.29091111775204271e-06
1653 1654 1.49979214507122680e-06
1655 1655 -2.50391286268302253e-06
1695 1655 2.50391286268302253e-06
1656 1656 -9.24196240746593734e-04
1697 1656 9.24196240746593734e-04
1657 1657 -2.08528032659429990e-04
1697 1657 1.53293106515796926e-04
1698 1657 2.08277819873041940e-05
1656 1657 3.44071253888059508e-05
1658 1658 -2.76374473907474211e-04
1699 1658 2.76374473907474211e-04
1659 1659 -3.64814305557865926e-02
1701 1659 3.64814305557865926e-02
1660 1660 -3.96084103177111596e-02
1702 1660 3.90895401425491451e-02
1701 1660 5.18870175162016237e-04
1661 1661 -2.78372361670660706e-01
1704 1661 2.70049028056707940e-01
1702 1661 8.32333361395275542e-03
1662 1662 -4.95105128971389530e-01
1705 1662 4.63913505846192009e-01
1704 1662 3.11916231251975415e-02
1663 1663 -1.99754230708917957e+00
1706 1663 1.95682440470147379e+00
1705 1663 4.07179023877058330e-02
1664 1664 -2.28008940973666219e+00
1707 1664 2.22700664818858307e+00
1706 1664 5.30827615480792339e-02
1665 1665 -3.25421211530490773e+00
1708 1665 3.12330492454253728e+00
1707 1665 1.30638523010130958e-01
1706 1665 2.68667752239573144e-04
1666 1666 -3.46573590279972610e+00
1709 1666 3.00413453790583063e+00
1708 1666 4.61601018320305256e-01
1707 1666 6.12534163460823623e-08
1667 1667 -1.92540883488873718e+01
1622 1667 1.71571082581305334e+00
1569 1667 1.73477429868728699e+01
1621 1667 1.90634536201450377e-01
1668 1668 -6.72958427728102288e+03
1622 1668 6.72958427728102288e+03
1669 1669 -1.06638027778453126e+00
1525 1669 1.17301830556298427e-02
1624 1669 7.56063616949232631e-01
1574 1669 1.17301830556298434e-01
1571 1669 1.81284647223370315e-01
1670 1670 -2.77258872223978103e-01
1625 1670 2.76981613351754141e-01
1572 1670 2.77258872223978109e-04
1671 1671 -2.02674614198814412e-01
1626 1671 2.02672182103444037e-01
1573 1671 2.43209537038577302e-06
1672 1672 -1.05022300084840203e-01
1627 1672 1.05022300084840203e-01
1574 1672 3.46573590279972710e-10
1673 1673 -3.30070085980926298e-01
1628 1673 3.30070085980926298e-01
1674 1674 -1.11797932348378273e-01
1628 1674 1.01736118437024237e-01
1673 1674 1.00618139113540436e-02
1675 1675 -8.88650231487109372e-03
1629 1675 8.88650231487109372e-03
1676 1676 -2.38194907408915885e-01
1631 1676 2.38194907408915885e-01
1677 1677 -5.20380766186145146e-03
1632 1677 5.20380766186145146e-03
1678 1678 -8.43244745206746076e-04
1634 1678 8.43244745206746076e-04
1679 1679 -1.35911211874499083e-03
1634 1679 1.35911211874499083e-03
1680 1680 -6.04840471692796953e-04
1635 1680 5.99098539642875690e-04
1636 1680 5.74193204992122936e-06
1681 1681 -1.41574179035936545e-04
1637 1681 1.41574179035936545e-04
1682 1682 -2.17970811496838153e-04
1637 1682 2.17970811496838153e-04
1683 1683 -9.08211714570158926e-05
1638 1683 9.05622221329576490e-05
1639 1683 2.58949324058243688e-07
1684 1684 -3.18249394196485442e-03
1640 1684 3.18249394196485442e-03
1685 1685 -1.45606185617068006e-05
1641 1685 1.45606185617068006e-05
1686 1686 -1.92110555843783616e-06
1643 1686 1.92110555843783616e-06
1687 1687 -1.35059542290175143e-07
1644 1687 1.35059542290175143e-07
1688 1688 -6.20459150196164227e-07
1646 1688 3.26981972153378543e-07
1730 1688 2.93477178042785684e-07
1690 1690 -4.62283033586731505e-04
1733 1690 4.30385504269247053e-04
1649 1690 3.18975293174844794e-05
1691 1691 -1.39901419821001609e-15
1734 1691 1.39901419821001609e-15
1692 1692 -1.55777413825949571e-05
1736 1692 1.55777413825949571e-05
1693 1693 -1.30683857571633729e-03
1736 1693 2.09094172114613957e-04
1692 1693 1.09774440360172333e-03
1694 1694 -9.99668118007245420e-07
1737 1694 9.88824018163538186e-07
1738 1694 1.08440998437071960e-08
1695 1695 -8.38958097990735101e-05
1739 1695 8.38958097990735101e-05
1696 1696 -1.38818228903297546e-04
1739 1696 1.94345520464616585e-05
1695 1696 1.19383676856835884e-04
1697 1697 -9.25677324465738817e-06
1741 1697 8.99333473488768284e-06
1742 1697 2.63438509769704636e-07
1698 1698 -7.70163533955494778e-02
1697 1698 7.70163533955494778e-02
1699 1699 -2.20046723987284213e-04
1743 1699 2.20046723987284213e-04
1700 1700 -3.28194687765125635e-03
1744 1700 7.54847781859788967e-05
1699 1700 3.20646209946527736e-03
1701 1701 -2.93060705462517019e-05
1745 1701 2.44679577352345009e-05
1746 1701 4.83811281101720185e-06
1702 1702 -8.31111727290102277e-03
1747 1702 8.31111727290102277e-03
1703 1703 -1.47792575812355081e-02
1747 1703 1.47792575812355081e-02
1704 1704 -2.82917216555079697e-02
1748 1704 2.62716927293046992e-02
1747 1704 2.02002892620326913e-03
1705 1705 -1.11259579544132459e-01
1749 1705 1.05073546921478703e-01
1748 1705 6.18603262265376465e-03
1706 1706 -3.04011921298221632e-01
1750 1706 2.73610729168399458e-01
1749 1706 3.04011921298221639e-02
1707 1707 -8.05985093674355002e-01
1751 1707 7.27294351023646701e-01
1750 1707 7.86907426507083008e-02
1749 1707 9.99421516156200335e-11
1708 1708 -1.61197018734871000e+00
1752 1708 1.27023250763078344e+00
1751 1708 3.41737679717926512e-01
1709 1709 -3.12228459711687067e+00
1753 1709 1.48658214237928443e+00
1752 1709 1.63164223584749557e+00
1751 1709 4.06021889009077885e-03
1710 1710 -2.34171344783765312e+00
1754 1710 1.76448108294567169e-01
1753 1710 2.16520796756361378e+00
1752 1710 5.71893258230911678e-05
1711 1711 -3.57292361113373858e+00
1755 1711 2.26916378543103736e+00
1754 1711 1.28444138502966232e+00
1753 1711 1.93184406730390126e-02
1712 1712 -5.45785181543264031e+00
1756 1712 2.34927773543482576e+00
1755 1712 3.10354521533507510e+00
1754 1712 5.02881008422148036e-03
1713 1713 -7.45319548989188529e+00
1669 1713 2.67569718087118691e+00
1623 1713 7.45319548989188587e-03
1620 1713 4.77004511353080662e+00
1714 1714 -8.55737259950549722e-01
1670 1714 7.70163533955494750e-01
1621 1714 8.55737259950549722e-02
1715 1715 -2.56721177985164917e-01
1671 1715 2.54564720090089514e-01
1622 1715 2.15645789507538498e-03
1716 1716 -2.52973423562023791e-01
1574 1716 1.77063688353767333e-05
1672 1716 2.35224049244641520e-01
1626 1716 1.77063688353767297e-02
1623 1716 2.52948126219667589e-05
1717 1717 -6.93147180559945258e-02
1673 1717 6.93147180559945258e-02
1718 1718 -3.85081766977747389e-02
1675 1718 3.83771333724722066e-02
1628 1718 1.30927377182490429e-04
1625 1718 1.15524183519733935e-07
1719 1719 -1.17482572976261909e-02
1676 1719 1.17482572976261909e-02
1720 1720 -1.13630685337695950e-02
1677 1720 1.13627390047821158e-02
1631 1720 3.29528987479318255e-07
1721 1721 -3.04011921298221605e-03
1678 1721 3.04011921298221605e-03
1722 1722 -1.99180224298834861e-03
1680 1722 1.99180224298834861e-03
1723 1723 -2.88811325233310535e-04
1681 1723 2.88811325233310535e-04
1724 1724 -2.88091097489586584e-04
1683 1724 2.88091097489586584e-04
1725 1725 -9.57914843228227271e-06
1684 1725 9.57914843228227271e-06
1726 1726 -9.25677324465738884e-05
1685 1726 9.25677324465738884e-05
1728 1728 -1.13929516857321719e-05
1687 1728 1.13929516857321719e-05
1729 1729 -1.21818485159920081e-02
1728 1729 1.21818485159920081e-02
1731 1731 -2.20399362968033063e-07
1689 1731 2.20399362968033063e-07
1732 1732 -1.00165777537564345e-02
1731 1732 1.00165777537564345e-02
1735 1735 -9.03438830184279680e-07
1734 1735 9.03438830184279680e-07
1738 1738 -6.77579122638209734e-07
1737 1738 6.77579122638209734e-07
1740 1740 -8.26158737258575968e+01
1739 1740 8.26158737258575968e+01
1741 1741 -1.53014243983147112e-06
1792 1741 1.53014243983147112e-06
1742 1742 -3.66325881828146274e-06
1741 1742 3.66325881828146274e-06
1744 1744 -2.39016269158601835e+00
1743 1744 2.39016269158601835e+00
1745 1745 -2.10657421760255680e-05
1795 1745 2.10657421760255680e-05
1746 1746 -7.55556115718274807e-04
1795 1746 2.26666834715482438e-06
1745 1746 7.53289447371119944e-04
1748 1748 -3.02578653989848652e-03
1799 1748 3.02578653989848652e-03
1749 1749 -8.20486719412814088e-04
1800 1749 8.20486719412814088e-04
1750 1750 -1.74684269294341048e-02
1802 1750 1.74684269294341048e-02
1751 1751 -5.09667044529371546e-02
1803 1751 5.09667044529371546e-02
1752 1752 -4.00663110150257407e-01
1804 1752 4.00486818381791287e-01
1803 1752 1.76291768466113277e-04
1753 1753 -5.63534293138166942e-01
1805 1753 5.62350871122576756e-01
1804 1753 1.18342201559015043e-03
1754 1754 -2.31049060186648436e+00
1806 1754 2.29836191250104660e+00
1805 1754 1.21286893654379245e-02
1755 1755 -6.02736678747778587e-01
1807 1755 5.98240745313663114e-01
1806 1755 4.49593343411542994e-03
1756 1756 -3.68695308808481537e+00
1809 1756 3.57794094612941160e+00
1807 1756 1.09012141955403735e-01
1806 1756 6.27187589814107966e-15
1757 1757 -1.87844764379388973e+00
1810 1757 1.83379506485326527e+00
1809 1757 4.46525789406245557e-02
1758 1758 -6.93147180559945220e+00
1811 1758 6.37695406115149588e+00
1810 1758 5.54517744447956207e-01
1759 1759 -1.38629436111989048e+03
1714 1759 1.38629436111989048e+03
1760 1760 -4.15058191952063062e+04
1715 1760 4.15058191952063062e+04
1761 1761 -1.21604768519288653e+00
1624 1761 2.31049060186648428e-03
1717 1761 1.10769783644220032e+00
1672 1761 1.05796148611781118e-01
1669 1761 2.43209537038577327e-04
1762 1762 -4.95105128971389530e-01
1718 1762 4.94758555381109522e-01
1673 1762 3.46573590279972664e-04
1763 1763 -9.90210257942779060e-01
1626 1763 4.95105128971389582e-04
1719 1763 9.61989265591409848e-01
1675 1763 2.77258872223978131e-02
1764 1764 -1.80038228716868892e-01
1626 1764 1.44030582973495129e-05
1719 1764 1.79105630692115519e-01
1675 1764 9.18194966456031413e-04
1765 1765 -8.25175214952315744e-02
1720 1765 8.25175214952315744e-02
1766 1766 -1.06638027778453118e-01
1720 1766 1.06638027778453118e-01
1767 1767 -4.95105128971389460e-02
1628 1767 1.18825230953133469e-06
1721 1767 4.94895204396705590e-02
1677 1767 1.98042051588555807e-05
1768 1768 -4.07733635623497223e-02
1628 1768 9.78560725496393261e-07
1721 1768 4.07560756561992851e-02
1677 1768 1.63093454249398884e-05
1769 1769 -1.61197018734870988e-02
1722 1769 1.61197018734870988e-02
1770 1770 -2.28008940973666238e-02
1722 1770 2.28008940973666238e-02
1771 1771 -1.13074580841752911e-02
1631 1771 2.26149161683505808e-09
1723 1771 1.13074546919378661e-02
1680 1771 7.91522065892270389e-10
1772 1772 -1.21604768519288642e-02
1723 1772 1.21604768519288642e-02
1773 1773 -4.47191729393513118e-03
1724 1773 4.47191729393513118e-03
1774 1774 -5.68153426688479748e-03
1724 1774 4.71567344151438157e-03
1773 1774 9.65860825370415594e-04
1775 1775 -3.27264957771456685e-02
1725 1775 3.27264957771456685e-02
1776 1776 -1.92540883488873704e+00
1775 1776 1.92540883488873704e+00
1777 1777 -3.12228459711687062e-03
1725 1777 3.12228459711687062e-03
1778 1778 -1.96470289274360910e-03
1726 1778 1.96470289274360910e-03
1779 1779 -4.22650719853625179e-01
1778 1779 4.22650719853625179e-01
1780 1780 -2.25047785896086115e-02
1727 1780 2.25047785896086115e-02
1781 1781 -1.10023361993642113e-01
1780 1781 1.10023361993642113e-01
1782 1782 -2.47375867437525058e-04
1728 1782 2.47375867437525058e-04
1783 1783 -7.70163533955494813e+02
1782 1783 7.70163533955494813e+02
1784 1784 -7.04417866422708556e-03
1730 1784 7.04417866422708556e-03
1785 1785 -3.08065413582197907e-05
1731 1785 3.08065413582197907e-05
1786 1786 -3.19128536169403917e-03
1733 1786 3.19128536169403917e-03
1787 1787 -6.00564203022063931e-06
1734 1787 6.00564203022063931e-06
1788 1788 -3.95496508364684071e-04
1736 1788 3.89168564230849120e-04
1834 1788 6.32794413383494485e-06
1789 1789 -3.33885925125214497e-03
1736 1789 5.34217480200343232e-06
1788 1789 3.33351707645014117e-03
1790 1790 -8.28004625042460913e-07
1737 1790 8.28004625042460913e-07
1791 1791 -1.23804580432660550e-06
1739 1791 1.21489434778569796e-06
1838 1791 2.31514565409075239e-08
1793 1793 -1.06355351616218992e-08
1841 1793 1.06355032550164150e-08
1743 1793 3.19066054848656992e-14
1794 1794 -6.61198088904099164e-05
1793 1794 6.61198088904099164e-05
1795 1795 -9.54978377101843092e-15
1842 1795 9.54978377101843092e-15
1796 1796 -2.17970811496838153e-04
1795 1796 2.17970811496838153e-04
1797 1797 -6.09615259273282934e-07
1844 1797 5.42104027000322468e-07
1845 1797 6.75111713114345195e-08
1798 1798 -3.64814305557865926e-02
1844 1798 1.82407152778932963e-02
1797 1798 1.82407152778932963e-02
1799 1799 -7.30203088787900334e-10
1846 1799 3.87047725207161680e-11
1847 1799 6.91498308965153275e-10
1800 1800 -3.45778300189536730e-04
1848 1800 3.45778300189536730e-04
1801 1801 -3.96991512348193222e-03
1848 1801 7.54283873461567087e-04
1800 1801 3.21563125002036513e-03
1802 1802 -1.24621931060759652e-03
1849 1802 1.24621931060759652e-03
1803 1803 -1.08814314059646044e-02
1850 1803 1.08814314059646044e-02
1804 1804 -2.79044758679527077e-02
1851 1804 2.78947093013989268e-02
1850 1804 9.76656655378344695e-06
1805 1805 -4.11607589406143282e-01
1852 1805 4.11237142575677728e-01
1851 1805 3.70446830465528943e-04
1806 1806 -3.87016851233916992e-01
1853 1806 3.80669774873680755e-01
1852 1806 6.34707636023623938e-03
1807 1807 -6.97331167565337307e-01
1854 1807 6.76202033188107565e-01
1853 1807 2.11291343772297205e-02
1808 1808 -6.93147180559945286e-01
1854 1808 6.93147180559945286e-01
1809 1809 -1.18082994984658485e+00
1855 1809 1.00724794721913691e+00
1854 1809 1.73582002627447968e-01
1810 1810 -2.15933701109017218e+00
1856 1810 1.85271115551536769e+00
1855 1810 3.06625855574804429e-01
1811 1811 -3.01368339373889249e+00
1857 1811 2.15478362652330802e+00
1856 1811 8.58899767215584253e-01
1812 1812 -4.74758342849277604e+00
1858 1812 3.70966673935568503e+00
1857 1812 1.03709725623733284e+00
1856 1812 8.19242996420713383e-04
1813 1813 -1.38629436111989044e+01
1859 1813 4.31900008206901820e+00
1858 1813 9.54393659765808167e+00
1857 1813 5.68075703299708725e-06
1814 1814 -1.38629436111989044e+01
1860 1814 2.19949463335281825e+00
1859 1814 1.16203463135701472e+01
1858 1814 4.31026642759396311e-02
1815 1815 -1.38629436111989044e+01
1861 1815 1.95176383102069373e+00
1860 1815 1.19039377784357203e+01
1859 1815 7.24200174249030760e-03
1816 1816 -1.61197018734871000e+00
1716 1816 3.22394037469742045e-01
1761 1816 1.28957614987896818e+00
1713 1816 1.45077316861383887e-06
1817 1817 -1.54032706791098950e+00
1717 1817 2.31049060186648419e-01
1762 1817 1.30927800772434111e+00
1818 1818 -5.33190138892265630e-01
1763 1818 5.17194434725497643e-01
1718 1818 1.59957041667679670e-02
1819 1819 -3.96084103177111568e-01
1765 1819 3.96084103177111568e-01
1820 1820 -1.26026760101808244e-01
1767 1820 1.26026760101808244e-01
1821 1821 -1.28360588992582458e-01
1769 1821 9.62704417444368438e-02
1721 1821 3.20901472481456146e-02
1822 1822 -2.88811325233310524e-02
1771 1822 2.88811325233310524e-02
1823 1823 -2.33382889077422655e-02
1773 1823 2.33382889077422655e-02
1824 1824 -5.92433487658072886e-03
1775 1824 5.92433487658072886e-03
1825 1825 -4.27868629975274896e-03
1778 1825 4.27868629975274896e-03
1826 1826 -1.05022300084840195e-03
1780 1826 1.05022300084840195e-03
1827 1827 -3.30070085980926345e-03
1782 1827 3.30070085980926345e-03
1828 1828 -1.15524530093324217e-04
1784 1828 1.15524530093324217e-04
1829 1829 -9.09641969238773320e-04
1785 1829 9.09641969238773320e-04
1830 1830 -3.64814305557865981e-01
1829 1830 3.64814305557865981e-01
1831 1831 -3.30145547820428119e-06
1786 1831 3.30145547820428119e-06
1832 1832 -8.63412033582393248e-05
1787 1832 8.63412033582393248e-05
1833 1833 -8.91392979115155943e-05
1787 1833 8.91392979115155943e-05
1835 1835 -7.37390617616963056e+01
1834 1835 7.37390617616963056e+01
1836 1836 -6.97611896698817699e-07
1790 1836 6.97611896698817699e-07
1837 1837 -7.91263904748796014e-04
1836 1837 7.91263904748796014e-04
1839 1839 -2.08865837334975359e-09
1792 1839 2.08865837334975359e-09
1840 1840 -4.94963710768312788e-06
1792 1840 4.75165162337580329e-10
1839 1840 4.94916194252079079e-06
1843 1843 -6.70874158497817726e-06
1842 1843 6.70874158497817726e-06
1845 1845 -2.24755895123198846e+00
1844 1845 2.24755895123198846e+00
1847 1847 -4.52682327951897407e-03
1846 1847 4.52682327951897407e-03
1849 1849 -1.39085637001353494e-04
1895 1849 1.39085637001353494e-04
1850 1850 -6.29085515282211804e-07
1896 1850 6.29085515282211804e-07
1851 1851 -6.32318172377253516e-04
1897 1851 6.32318172377253516e-04
1852 1852 -1.08985405748419071e-03
1898 1852 1.08985405748419071e-03
1853 1853 -4.78032538317203631e-02
1899 1853 4.78032538317203631e-02
1854 1854 -6.02736678747778504e-02
1900 1854 6.02736678747778504e-02
1855 1855 -1.60823011730845788e-01
1901 1855 1.60823011730845788e-01
1856 1856 -3.12228459711687056e-01
1902 1856 3.12228459711687056e-01
1857 1857 -7.75332416733719554e-01
1904 1857 7.74867217283679244e-01
1902 1857 4.65199450040231714e-04
1858 1858 -1.13259343228749243e+00
1905 1858 1.12806305855834244e+00
1904 1858 4.53037372914996943e-03
1859 1859 -2.01496273418588778e+00
1906 1859 2.00629839442888835e+00
1905 1859 8.66433975699931747e-03
1860 1860 -2.31049060186648436e+00
1907 1860 2.28738569584781937e+00
1906 1860 2.31049060186648454e-02
1861 1861 -2.67624394038588909e+00
1908 1861 2.58682527784971583e+00
1907 1861 8.94186625361733239e-02
1862 1862 -3.04011921298221610e+00
1909 1862 2.88766939492800967e+00
1908 1862 1.52449818054206210e-01
1863 1863 -4.38700747189838758e+00
1910 1863 4.23941099251383857e+00
1909 1863 1.47596172294026329e-01
1908 1863 2.73205277319943948e-07
1864 1864 -2.94956247046785229e+01
1819 1864 1.79923310698538996e+00
1818 1864 2.76963915976931325e+01
1865 1865 -6.93147180559945326e+01
1819 1865 1.80218266945585781e+00
1818 1865 6.75125353865386728e+01
1866 1866 -6.93147180559945286e-01
1820 1866 6.93147180559945286e-01
1867 1867 -3.46573590279972643e-01
1821 1867 3.46573590279972643e-01
1868 1868 -2.47552564485694765e-01
1822 1868 2.47552564485694765e-01
1869 1869 -1.30782486898102901e-01
1823 1869 1.30782486898102901e-01
1870 1870 -8.05985093674354974e-02
1824 1870 8.05985093674354974e-02
1871 1871 -4.07733635623497223e-02
1825 1871 4.07733635623497223e-02
1872 1872 -2.37297905018810443e-02
1826 1872 2.37297905018810443e-02
1873 1873 -3.30070085980926353e-02
1826 1873 3.30070085980926353e-02
1874 1874 -1.06967157493818715e-02
1827 1874 1.06967157493818715e-02
1875 1875 -1.73286795139986305e+00
1874 1875 1.73286795139986305e+00
1876 1876 -1.28360588992582469e-02
1828 1876 1.28360588992582469e-02
1877 1877 -1.38629436111989066e-02
1828 1877 1.38629436111989066e-02
1878 1878 -2.26518686457498472e-03
1829 1878 2.26518686457498472e-03
1879 1879 -3.12228459711687062e-03
1829 1879 3.12228459711687062e-03
1880 1880 -2.23020328365490733e-03
1831 1880 2.23020328365490733e-03
1881 1881 -1.15524530093324210e-02
1831 1881 1.15524530093324210e-02
1882 1882 -9.95901121494174304e-04
1832 1882 9.22135721326222202e-04
1833 1882 7.37654001679519935e-05
1883 1883 -1.23776282242847357e+00
1882 1883 1.23776282242847357e+00
1884 1884 -1.32786816199223241e-03
1834 1884 1.32786816199223241e-03
1885 1885 -1.95804288293769849e-04
1836 1885 1.95804288293769849e-04
1886 1886 -4.01126840601820188e-05
1838 1886 4.01126840601820188e-05
1887 1887 -4.75409588861416539e-04
1838 1887 1.14098301326739959e-04
1886 1887 3.61311287534676580e-04
1888 1888 -4.92180172517570725e-05
1839 1888 4.92180172517570725e-05
1889 1889 -1.79107798594301112e-03
1841 1889 1.79107798594301112e-03
1890 1890 -9.87389146096788207e-06
1842 1890 9.87389146096788207e-06
1891 1891 -1.17046129780470323e-03
1844 1891 1.17046129780470323e-03
1892 1892 -6.08023842596443220e+00
1891 1892 6.08023842596443220e+00
1893 1893 -3.66074372080712178e-13
1846 1893 3.66074372080712178e-13
1894 1894 -2.15337999726595979e-19
1848 1894 1.41261727820646970e-19
1938 1894 7.40762719059490094e-20
1896 1896 -4.77944530600189667e-06
1942 1896 4.77944530600189667e-06
1897 1897 -4.91175723185902289e-05
1943 1897 4.91175723185902289e-05
1898 1898 -1.26810680673242827e-04
1944 1898 1.26810680673242827e-04
1899 1899 -8.13553028826226841e-04
1945 1899 8.13553028826226841e-04
1900 1900 -1.69889014843123860e-02
1946 1900 1.69889014843123860e-02
1901 1901 -2.79494830870945683e-02
1947 1901 2.79494830870945683e-02
1902 1902 -1.10549789562989692e-01
1948 1902 1.10549789562989692e-01
1903 1903 -6.93147180559945258e-02
1948 1903 6.93147180559945258e-02
1904 1904 -1.70725906541858458e-01
1949 1904 1.70655908920176291e-01
1948 1904 6.99976216821619681e-05
1905 1905 -5.50116809968210552e-01
1950 1905 5.49291634753258262e-01
1949 1905 8.25175214952315861e-04
1906 1906 -6.60140171961852595e-01
1951 1906 6.50700167502798132e-01
1950 1906 9.44000445905449244e-03
1907 1907 -8.05985093674355002e-01
1952 1907 7.84223496145147414e-01
1951 1907 2.17615975292075846e-02
1908 1908 -8.90934679382963113e-01
1953 1908 8.41684701241352307e-01
1952 1908 4.92499781416108201e-02
1909 1909 -1.53691170855863701e+00
1954 1909 1.41651465604527904e+00
1953 1909 1.20397052513357958e-01
1910 1910 -2.02674614198814407e+00
1955 1910 9.39295499504405274e-01
1954 1910 1.08745064248373868e+00
1911 1911 -3.04011921298221610e+00
1956 1911 2.44480306869603847e+00
1955 1911 5.95243485436987241e-01
1954 1911 7.24825222759220019e-05
1912 1912 -3.76710424217361561e+00
1957 1912 1.70615918232285213e+00
1956 1912 2.06094279958821769e+00
1955 1912 2.13138990917940980e-06
1913 1913 -3.46573590279972610e+00
1867 1913 3.46573590279972610e+00
1914 1914 -2.77258872223978114e+00
1868 1914 2.77258872223978114e+00
1915 1915 -6.30133800509041109e-01
1869 1915 6.23832462503950747e-01
1822 1915 6.30133800509041081e-03
1916 1916 -2.53900066139174097e-01
1870 1916 1.26950033069587048e-01
1823 1916 1.26950033069587048e-01
1917 1917 -1.82407152778932991e-01
1871 1917 1.82407152778932991e-01
1918 1918 -1.15524530093324210e-01
1872 1918 1.15524530093324210e-01
1919 1919 -6.79556059372495441e-02
1874 1919 6.79556059372495441e-02
1920 1920 -1.35911211874499074e-02
1876 1920 1.35911211874499074e-02
1921 1921 -2.23595864696756533e-02
1878 1921 2.23595864696756533e-02
1922 1922 -2.42359154041938904e-02
1878 1922 2.42359154041938904e-02
1923 1923 -2.93955547311257510e-03
1880 1923 2.93955547311257510e-03
1924 1924 -3.30070085980926345e-03
1882 1924 3.30070085980926345e-03
1925 1925 -5.04473930538533672e-04
1884 1925 5.04473930538533672e-04
1926 1926 -1.12159737954683710e-03
1885 1926 1.12159737954683710e-03
1927 1927 -2.13934314987637448e-03
1885 1927 2.13934314987637448e-03
1928 1928 -5.48549525609326729e-05
1886 1928 5.48549525609326729e-05
1929 1929 -7.37390617616963056e+01
1928 1929 7.37390617616963056e+01
1930 1930 -1.19097453704457957e-04
1888 1930 1.19097453704457957e-04
1931 1931 -3.92940578548721790e-05
1888 1931 3.92940578548721790e-05
1932 1932 -2.53877747216341909e-06
1889 1932 2.53877747216341909e-06
1933 1933 -1.08780160163205481e-05
1890 1933 1.08780160163205481e-05
1934 1934 -3.46573590279972629e-02
1933 1934 3.46573590279972629e-02
1936 1936 -2.13934314987637422e-05
1893 1936 2.13934314987637422e-05
1937 1937 -5.59711870607190975e-06
1893 1937 4.42172377779680886e-08
1936 1937 5.55290146829394124e-06
1939 1939 -8.01326220300514791e+01
1938 1939 8.01326220300514791e+01
1940 1940 -5.82859644371297208e-08
1895 1940 5.82859644371297208e-08
1941 1941 -1.26486711781011920e-02
1940 1941 1.26486711781011920e-02
1943 1943 -2.46786556641490770e-07
1983 1943 2.46786556641490770e-07
1945 1945 -5.82768496288851681e-06
1986 1945 5.82768496288851681e-06
1946 1946 -2.81581485930799004e-08
1987 1946 2.78893002219428936e-08
1988 1946 2.68848371137008281e-10
1947 1947 -3.83802425559216656e-03
1989 1947 3.83802425559216656e-03
1948 1948 -8.54471376429912833e-04
1990 1948 8.54471376429912833e-04
1949 1949 -1.22898436269493847e-02
1991 1949 1.22898436269493847e-02
1950 1950 -1.23776282242847365e-02
1992 1950 1.23776282242847365e-02
1951 1951 -1.30782486898102901e-01
1994 1951 1.30782486898102901e-01
1952 1952 -1.73286795139986322e-01
1995 1952 1.73286795139986322e-01
1953 1953 -3.93833625318150748e-01
1996 1953 3.93833625318150748e-01
1954 1954 -4.95105128971389530e-01
1997 1954 4.95105128971389530e-01
1955 1955 -7.08015506189933919e-01
1998 1955 7.07956174490515178e-01
1997 1955 5.93125830000493367e-05
1956 1956 -8.94383458787026187e-01
1999 1956 8.94255472514073779e-01
1998 1956 1.27986272952423458e-04
1957 1957 -1.47165006488311101e+00
2000 1957 1.46996016911360572e+00
1999 1957 1.68989576950527663e-03
1958 1958 -1.87844764379388973e+00
2001 1958 1.86665287103850774e+00
2000 1958 1.17947727553818337e-02
1959 1959 -2.85480716869829187e+00
2002 1959 2.80401158474564349e+00
2001 1959 5.07955839526487082e-02
1960 1960 -4.95105128971389530e-01
1914 1960 4.95105128971389530e-01
1961 1961 -1.38629436111989057e+00
1916 1961 1.38629436111989057e+00
1962 1962 -8.66433975699931525e-01
1917 1962 8.66433975699931525e-01
1963 1963 -5.77622650466621090e-01
1918 1963 5.77622650466621090e-01
1964 1964 -2.10044600169680407e-01
1919 1964 2.10044600169680407e-01
1965 1965 -2.20747509732466651e-01
1920 1965 2.20747509732466651e-01
1966 1966 -1.65035042990463149e-01
1921 1966 1.65035042990463149e-01
1967 1967 -2.43209537038577284e-01
1923 1967 2.43209537038577284e-01
1968 1968 -2.16608493924982902e-02
1924 1968 2.16608493924982902e-02
1969 1969 -1.73286795139986315e-02
1925 1969 1.73286795139986315e-02
1970 1970 -7.65063113200822702e-03
1926 1970 7.65063113200822702e-03
1971 1971 -1.20968094338559373e-01
1926 1971 4.35485139618813685e-03
1970 1971 1.16613242942371229e-01
1972 1972 -7.22028313083276311e-03
1928 1972 7.22028313083276311e-03
1973 1973 -1.77730046297421874e-03
1930 1973 1.77730046297421874e-03
1974 1974 -6.79556059372495415e-04
1932 1974 6.79556059372495415e-04
1975 1975 -1.05022300084840195e-03
1932 1975 1.05022300084840195e-03
1976 1976 -4.81352208722184225e-04
1933 1976 4.81352208722184225e-04
1977 1977 -8.81866641933772661e-04
1935 1977 8.81866641933772661e-04
1978 1978 -1.50422565225682574e-04
1936 1978 1.50422565225682574e-04
1979 1979 -7.96720897195339443e-03
1938 1979 7.96720897195339443e-03
1980 1980 -9.08211714570158926e-05
1938 1980 9.08211714570158926e-05
1981 1981 -4.36600642831913108e-05
1940 1981 4.36528996666424418e-05
1941 1981 7.16461654887169437e-09
1982 1982 -3.40780324759068455e-03
1942 1982 3.40780324759068455e-03
1984 1984 -1.00701298895854444e-05
2028 1984 1.00684783882835521e-05
1944 1984 1.65150130189201284e-09
1985 1985 -7.91263904748796014e-04
1984 1985 7.91263904748796014e-04
1986 1986 -5.91196522626116732e-07
2029 1986 5.91196522626116732e-07
1987 1987 -6.68544734336366971e-04
2030 1987 6.68544734336366971e-04
1988 1988 -1.60450736240728086e-03
2030 1988 1.12315515368509650e-06
1987 1988 1.60338420725359581e-03
1989 1989 -3.21759497808946687e-05
2031 1989 3.21759497808946687e-05
1990 1990 -4.78362443450617886e-04
2032 1990 4.78362443450617886e-04
1991 1991 -8.62123358905404541e-04
2033 1991 8.62123358905404541e-04
1992 1992 -5.04473930538533628e-03
2034 1992 5.04473930538533628e-03
1993 1993 -5.74748905936936418e-03
2034 1993 5.74748905936936418e-03
1994 1994 -5.11170487138602747e-03
2035 1994 5.11170487138602747e-03
1995 1995 -1.11978542901445113e-01
2036 1995 1.11978542901445113e-01
1996 1996 -3.66744539978807044e-02
2037 1996 3.66744539978807044e-02
1997 1997 -1.90949636517891264e-01
2038 1997 1.90949636517891264e-01
1998 1998 -1.61950275831762913e-01
2039 1998 1.61948381013535703e-01
2038 1998 1.88121440406175806e-06
1999 1999 -3.01368339373889293e-01
2040 1999 3.00930451176779024e-01
2039 1999 4.37888197110261157e-04
2000 2000 -8.13553028826226932e-01
2041 2000 8.11930885442050276e-01
2040 2000 1.62214338417661385e-03
2001 2001 -9.45630532823936276e-01
2042 2001 9.36666239061925254e-01
2041 2001 8.96429376201106874e-03
2002 2002 -1.15910899759188180e+00
2043 2002 1.09618212922161606e+00
2042 2002 6.29268683702656623e-02
2003 2003 -5.16503115171345151e+00
2044 2003 4.34988593535003520e+00
2043 2003 8.15145216363416858e-01
2004 2004 -6.57011545554450560e+00
2045 2004 4.91464346421095666e+00
2044 2004 1.65547199133354916e+00
2005 2005 -1.38629436111989057e+00
1963 2005 1.38629436111989057e+00
2006 2006 -1.15524530093324218e+00
1964 2006 1.15524530093324218e+00
2007 2007 -3.46573590279972646e+06
1965 2007 1.73286795139986323e+06
1919 2007 1.73286795139986323e+06
2008 2008 -3.85081766977747375e-01
1966 2008 3.85081766977747375e-01
2009 2009 -1.38629436111989052e-01
1967 2009 1.38629436111989052e-01
2010 2010 -1.41458608277539838e-01
1968 2010 1.41458608277539838e-01
2011 2011 -3.30070085980926353e-02
1969 2011 3.30070085980926353e-02
2012 2012 -2.66595069446132794e-02
1970 2012 2.66595069446132794e-02
2013 2013 -7.37390617616963048e-03
1972 2013 7.37390617616963048e-03
2014 2014 -9.90210257942778990e-03
1973 2014 9.90210257942778990e-03
2015 2015 -9.90210257942778990e-03
1973 2015 9.90210257942778990e-03
2016 2016 -1.35911211874499083e-03
1974 2016 1.35911211874499083e-03
2017 2017 -9.31649436236485625e-04
1976 2017 9.31649436236485625e-04
2018 2018 -2.10044600169680389e-03
1976 2018 2.09981586789629486e-03
2017 2018 6.30133800509041085e-07
2019 2019 -2.28083968594914552e-04
1977 2019 2.28083968594914552e-04
2020 2020 -3.00063714528114834e-04
1978 2020 3.00063714528114834e-04
2021 2021 -4.33216987849965762e-01
2020 2021 4.33216987849965762e-01
2022 2022 -3.82025562477923995e-05
1979 2022 3.82025562477923995e-05
2023 2023 -3.88971481795704406e-04
1981 2023 3.88971481795704406e-04
2024 2024 -3.50074333616133982e-05
1981 2024 3.08765562249430176e-05
2023 2024 4.13087713667038061e-06
2025 2025 -2.38057472167252321e-06
1982 2025 2.38057472167252321e-06
2026 2026 -7.73256560196279932e-05
1983 2026 7.73256560196279932e-05
2027 2027 -1.11797932348378266e-02
2026 2027 1.11797932348378266e-02
2030 2030 -9.59148905736852172e-24
1942 2030 9.59148905736852172e-24
2033 2033 -7.30649982881275401e-07
2077 2033 7.30649982881275401e-07
2035 2035 -1.11424122389394500e-04
2080 2035 1.11424122389394500e-04
2036 2036 -2.78031800629728763e-27
2124 2036 2.78031800629728763e-27
2037 2037 -9.28653778885242857e-04
2082 2037 9.28653778885242857e-04
2038 2038 -1.01337307099407209e-03
2083 2038 1.01337307099407209e-03
2039 2039 -2.19350373594919372e-02
2086 2039 2.19350373594919372e-02
2040 2040 -2.67624394038588932e-02
2087 2040 2.67624394038588932e-02
2041 2041 -7.78817056808927266e-02
2089 2041 7.78817056808927266e-02
2042 2042 -1.26256317041884392e-01
2090 2042 1.26256317041884392e-01
2043 2043 -3.63665886967442453e-01
2091 2043 3.63665886967442453e-01
2044 2044 -5.20771735957885284e-01
2092 2044 5.20771735957885284e-01
2045 2045 -8.96697516895142654e-01
2093 2045 8.96388066582062160e-01
2092 2045 3.09432379130175823e-04
2046 2046 -1.17822060268561146e+00
2094 2046 1.17747879499416053e+00
2093 2046 7.41701651596619318e-04
2047 2047 -1.41922027141675944e+00
2095 2047 1.40866737524458574e+00
2094 2047 1.05528961721735974e-02
2048 2048 -1.38629436111989057e+00
2007 2048 1.38629436111989057e+00
2049 2049 -6.93147180559945286e-01
2008 2049 3.46573590279972643e-01
2007 2049 3.46573590279972643e-01
2050 2050 -6.93147180559945286e-01
2009 2050 6.93147180559945286e-01
2051 2051 -2.88811325233310545e-01
2010 2051 2.88811325233310545e-01
2052 2052 -2.66595069446132815e-01
2011 2052 2.66595069446132815e-01
2053 2053 -1.10023361993642113e-01
2012 2053 1.10023361993642113e-01
2054 2054 -1.11797932348378273e-01
2013 2054 1.11797876449412109e-01
1970 2054 5.58989661741891349e-08
2055 2055 -4.62098120373296839e-02
2014 2055 4.62098120373296839e-02
2056 2056 -7.87667250636301386e-02
2014 2056 3.93833625318150693e-02
2055 2056 3.93833625318150693e-02
2057 2057 -1.38629436111989052e-01
2016 2057 1.38629436111989052e-01
2058 2058 -3.15066900254520610e-02
2016 2058 3.15066900254520610e-02
2059 2059 -1.41458608277539848e-02
2017 2059 1.41458608277539848e-02
2060 2060 -1.54032706791098952e-02
2017 2060 1.54032706791098952e-02
2061 2061 -1.47478123523392610e-02
2019 2061 1.47478123523392610e-02
2062 2062 -6.47801103327051708e-03
2019 2062 6.47801103327051708e-03
2063 2063 -4.81352208722184236e-03
2020 2063 3.06235553160740534e-03
2021 2063 1.75116607426222828e-03
2064 2064 -6.93147180559945258e-02
2022 2064 6.93147180559945258e-02
2065 2065 -3.56557191646062399e-03
2022 2065 3.56557191646062399e-03
2066 2066 -2.78372361670660776e-03
2023 2066 2.78372361670660776e-03
2067 2067 -3.85081766977747408e+00
2066 2067 3.84850717917560736e+00
2023 2067 2.31049060186648428e-03
2068 2068 -1.94158874106427261e-03
2025 2068 1.94158874106427261e-03
2069 2069 -1.94158874106427261e-03
2025 2069 1.94158874106427261e-03
2070 2070 -5.52748947814948421e-04
2026 2070 5.51844650536323172e-04
2027 2070 9.04297278625255625e-07
2071 2071 -1.71147451990109958e-02
2028 2071 1.71147451990109958e-02
2072 2072 -3.46573590279972620e+02
2071 2072 3.46573590279972620e+02
2073 2073 -3.02737238190053000e-08
2029 2073 3.02737238190053000e-08
2074 2074 -2.21006523747559322e-08
2030 2074 2.21006523747559322e-08
2075 2075 -1.24093274079581018e-09
1983 2075 3.47461167422826842e-18
2031 2075 1.24093274079581018e-09
2076 2076 -3.97188286613898260e-09
2120 2076 1.35044017448725410e-09
2032 2076 2.62144269165172850e-09
2077 2077 -8.37253493655612608e-09
2121 2077 8.37253493655612608e-09
2078 2078 -1.49451132862079051e-06
2122 2078 1.49451132862079051e-06
2079 2079 -1.94297331364407939e-07
2122 2079 1.86136843447102802e-07
2078 2079 8.16048791730513454e-09
2080 2080 -3.62737158042339283e-06
2123 2080 3.62737158042339283e-06
2081 2081 -7.18436132421170496e-05
2124 2081 7.18436132421170496e-05
2082 2082 -6.77960857355189018e-06
2125 2082 6.77960857355189018e-06
2083 2083 -2.80399344886709265e-03
2126 2083 2.80399344886709265e-03
2084 2084 -1.53623045336867309e-03
2126 2084 1.53623045336867309e-03
2085 2085 -8.37134276038581219e-04
2126 2085 4.18567138019290610e-04
2083 2085 4.18567138019290610e-04
2086 2086 -2.20046723987284230e-03
2127 2086 2.20046723987284230e-03
2087 2087 -6.67771850250428994e-03
2129 2087 6.67771850250428994e-03
2088 2088 -4.31061679452702292e-03
2129 2088 4.31061679452702292e-03
2089 2089 -1.67023417002396465e-02
2130 2089 1.67023417002396465e-02
2090 2090 -2.59605685602975755e-02
2131 2090 2.59605685602975755e-02
2091 2091 -6.56389375530251201e-02
2132 2091 6.56389375530251201e-02
2092 2092 -1.44405662616655273e-01
2133 2092 1.44405662616655273e-01
2093 2093 -4.71528694258466163e-01
2134 2093 4.71527609742469378e-01
2133 2093 1.04066382822843475e-06
2094 2094 -4.44040474413802233e-01
2135 2094 4.43197463573127615e-01
2134 2094 8.43010840674603547e-04
2095 2095 -6.50842423060981501e-01
2136 2095 6.48935650014139775e-01
2135 2095 1.90677304684175753e-03
2096 2096 -2.58733550041039662e+00
2137 2096 2.57070359034665863e+00
2136 2096 1.66319100637381118e-02
2097 2097 -3.46573590279972610e+00
2138 2097 3.46573590279972610e+00
2098 2098 -1.38629436111989057e+00
2050 2098 1.38629436111989057e+00
2099 2099 -1.26026760101808222e+00
2051 2099 1.26026760101808222e+00
2100 2100 -6.93147180559945286e-01
2052 2100 6.93147180559945286e-01
2101 2101 -5.77622650466621090e-01
2053 2101 5.77622650466621090e-01
2102 2102 -1.73286795139986322e-01
2054 2102 1.73286795139986322e-01
2103 2103 -1.87337075827012228e-01
2055 2103 1.87337075827012228e-01
2104 2104 -7.29628611115731851e-02
2057 2104 7.29628611115731851e-02
2105 2105 -6.72958427728102132e-02
2059 2105 6.72823836042556467e-02
2016 2105 1.34591685545620427e-05
2106 2106 -1.47478123523392610e-02
2061 2106 1.47478123523392610e-02
2107 2107 -1.54032706791098952e-02
2063 2107 1.54032706791098952e-02
2108 2108 -3.72659774494594250e-03
2064 2108 3.72659774494594250e-03
2109 2109 -4.49511790246397754e-03
2066 2109 4.49511790246397754e-03
2110 2110 -6.47801103327051708e-02
2066 2110 4.08114695096042576e-03
2109 2110 6.06989633817447485e-02
2111 2111 -7.79517746918516915e-04
2068 2111 7.79517746918516915e-04
2112 2112 -1.13259343228749236e-03
2070 2112 1.13259343228749236e-03
2113 2113 -5.11170487138602704e-04
2070 2113 5.09585858628473017e-04
2112 2113 1.58462851012966837e-06
2114 2114 -1.59366160978513212e-04
2071 2114 1.59366160978513212e-04
2115 2115 -1.32028034392370533e-03
2073 2115 1.32028034392370533e-03
2116 2116 -1.05022300084840203e-02
2073 2116 2.52053520203616451e-05
2115 2116 1.04770246564636592e-02
2117 2117 -2.31049060186648454e+01
2115 2117 2.31049060186648454e+01
2119 2119 -2.35956965059894221e-08
2075 2119 2.35956965059894221e-08
2120 2120 -2.13247841227143873e-16
2028 2120 2.13247841227143873e-16
2121 2121 -2.07212073910856530e-19
2029 2121 2.07212073910856530e-19
2122 2122 -3.13778980167741173e-24
2030 2122 3.13778980167741173e-24
2125 2125 -2.44050096951445840e-10
2168 2125 2.44050096951445840e-10
2127 2127 -4.14066416105104721e-06
2172 2127 4.14066416105104721e-06
2128 2128 -6.53912434490514443e+01
2127 2128 6.53912434490514443e+01
2130 2130 -5.18047220149435894e-04
2175 2130 5.18047220149435894e-04
2131 2131 -2.04830727115823066e-05
2176 2131 2.04830727115823066e-05
2132 2132 -1.43806468995839268e-03
2177 2132 1.43806468995839268e-03
2133 2133 -2.17970811496838142e-03
2178 2133 2.17970811496838142e-03
2134 2134 -6.09628127141552609e-02
2179 2134 6.09628127141552609e-02
2135 2135 -7.22028313083276363e-02
2180 2135 7.22028313083276363e-02
2136 2136 -1.44405662616655273e-01
2181 2136 1.44405662616655273e-01
2137 2137 -2.88811325233310545e-01
2182 2137 2.88811325233310545e-01
2138 2138 -3.96537288649854269e-01
2183 2138 3.96537288649854269e-01
2139 2139 -5.65372904208764515e-01
2184 2139 5.65372904208764515e-01
2183 2139 2.16600013331419745e-12
2140 2140 -9.07260707539195410e-01
2185 2140 9.06251289275987304e-01
2184 2140 1.00941826320810894e-03
2141 2141 -6.93147180559945241e+02
2099 2141 6.93147180559945241e+02
2142 2142 -3.89408528404463681e+01
2101 2142 4.28349381244910088e+00
2100 2142 3.46573590279972663e+01
2143 2143 -6.93147180559945220e+00
2102 2143 3.46573590279972610e+00
2101 2143 3.46573590279972610e+00
2144 2144 -6.93147180559945286e-01
2103 2144 6.93147180559945286e-01
2145 2145 -1.38629436111989057e+00
2104 2145 1.38629436111989057e+00
2146 2146 -4.62098120373296839e-01
2105 2146 4.62098120373296839e-01
2147 2147 -1.82407152778932991e-01
2106 2147 1.82407152778932991e-01
2148 2148 -2.10044600169680407e-01
2106 2148 2.09855560029527682e-01
2059 2148 1.89040140152712372e-04
2149 2149 -1.82407152778932991e-01
2059 2149 1.82407152778932991e-01
2150 2150 -6.30133800509041220e-02
2107 2150 6.30133800509041220e-02
2151 2151 -5.72848909553673805e-02
2108 2151 5.72848909553673805e-02
2152 2152 -3.87233061765332592e-02
2109 2152 3.87233061765332592e-02
2153 2153 -4.59037867920493559e-01
2111 2153 4.59037867920493559e-01
2154 2154 -5.54517744447956229e+00
2111 2154 5.54517744447956262e-02
2153 2154 5.48972567003476630e+00
2155 2155 -1.70306432570011129e-02
2112 2155 1.66714976458688206e-02
2113 2155 3.59145611132290882e-04
2156 2156 -2.56721177985164917e-01
2112 2156 3.33737531380714422e-02
2155 2156 2.23347424847093468e-01
2157 2157 -2.96216743829036455e-01
2114 2157 2.96216743829036455e-01
2158 2158 -9.44599591932332103e-03
2114 2158 9.44599591932332103e-03
2159 2159 -4.46040656730981467e-03
2115 2159 4.45504783485984896e-03
2116 2159 5.35873244996601176e-06
2160 2160 -6.79556059372495441e-02
2118 2160 6.79556059372495441e-02
2161 2161 -1.35287298685268186e-06
2119 2161 1.35287298685268186e-06
2162 2162 -1.74782937081403132e-06
2120 2162 1.74782937081403132e-06
2163 2163 -3.32885344897776107e-07
2073 2163 7.32347758775107358e-12
2121 2163 3.32878021420188344e-07
2164 2164 -1.47202510312594565e-07
2122 2164 1.47202510312594565e-07
2074 2164 1.38370359693838894e-15
2165 2165 -8.61711795062986433e-08
2123 2165 8.61711795062986433e-08
2166 2166 -5.95241807982915322e-10
2124 2166 5.95241807982915322e-10
2167 2167 -1.50422565225682570e-05
2124 2167 1.65464821748250819e-06
2208 2167 1.33876083050857489e-05
2169 2169 -1.62255376595978911e-09
2126 2169 1.16986126525700800e-09
2210 2169 4.52692500702781216e-10
2170 2170 -2.06775294781641891e-05
2126 2170 5.58293295910433177e-06
2210 2170 1.50945965190598573e-05
2171 2171 -1.20338052180546056e-04
2169 2171 1.20338052180546056e-04
2173 2173 -2.55371586441854231e-09
2212 2173 2.55325619556294690e-09
2129 2173 4.59668855595337684e-13
2174 2174 -2.51140282811574355e-04
2173 2174 2.51140282811574355e-04
2175 2175 -4.62118761677985163e-09
2213 2175 4.62118761677985163e-09
2176 2176 -5.28145938909572311e-07
2215 2176 5.28145938909572311e-07
2177 2177 -1.26838526672512318e-05
2216 2177 1.26838526672512318e-05
2178 2178 -2.51687429397220530e-04
2217 2178 2.51687429397220530e-04
2179 2179 -6.38257072338807834e-04
2218 2179 6.38257072338807834e-04
2180 2180 -1.82407152778932963e-02
2219 2180 1.82407152778932963e-02
2181 2181 -2.66595069446132794e-02
2220 2181 2.66595069446132794e-02
2182 2182 -6.53912434490514505e-02
2221 2182 6.53912434490514505e-02
2183 2183 -9.00191143584344461e-02
2222 2183 9.00191143584344461e-02
2184 2184 -2.43722637327688230e-01
2223 2184 2.43722637327688230e-01
2185 2185 -3.01368339373889293e-01
2224 2185 3.00538491514589334e-01
2223 2185 8.29847859299941626e-04
2186 2186 -1.73286795139986305e+00
2225 2186 1.73286795139986305e+00
2187 2187 -3.46573590279972610e+00
2226 2187 3.46573590279972610e+00
2188 2188 -1.73286795139986305e+00
2145 2188 1.73286795139986305e+00
2189 2189 -6.30133800509041109e-01
2104 2189 1.13424084091627395e-01
2146 2189 5.16709716417413700e-01
2190 2190 -3.46573590279972632e+04
2147 2190 3.46573590279972632e+04
2191 2191 -3.15066900254520554e-01
2150 2191 3.15066900254520554e-01
2192 2192 -1.47478123523392596e-01
2151 2192 1.47478123523392596e-01
2193 2193 -1.19508134579300915e-01
2152 2193 1.19508134579300915e-01
2194 2194 -1.44405662616655273e-01
2152 2194 1.44405662616655273e-01
2195 2195 -4.38700747189838744e-02
2153 2195 4.38700747189838744e-02
2196 2196 -4.95105128971389460e-02
2155 2196 4.95105128971389460e-02
2197 2197 -2.82917216555079697e-02
2155 2197 2.51796322734020930e-02
2196 2197 3.11208938210587663e-03
2198 2198 -9.87389146096788115e-03
2157 2198 9.87389146096788115e-03
2199 2199 -1.77730046297421874e-02
2159 2199 1.77730046297421874e-02
2200 2200 -6.30133800509041168e-03
2159 2200 6.30133800509041168e-03
2201 2201 -2.58444138911239881e-03
2160 2201 2.58444138911239881e-03
2202 2202 -5.02280565623148710e-04
2161 2202 5.02280565623148710e-04
2203 2203 -8.15467271246994412e-03
2161 2203 4.64816344610786850e-04
2202 2203 7.68985636785915732e-03
2204 2204 -1.66201301264479050e-07
2162 2204 1.66201301264479050e-07
2205 2205 -5.05887765341234083e-06
2163 2205 5.05887765341234083e-06
2206 2206 -2.94430406869070564e-10
2118 2206 2.94430406869070564e-10
2207 2207 -8.64497501297026270e-07
2165 2207 8.64122309381463349e-07
2119 2207 3.75191915562909357e-10
2208 2208 -1.22706761346185352e-14
2120 2208 1.22706761346185352e-14
2209 2209 -6.46978775164226126e-08
2121 2209 5.17583020131380908e-16
2168 2209 6.46978775164226126e-08
2210 2210 -2.03375128530419180e-22
2122 2210 2.03375128530419180e-22
2211 2211 -3.33716173545607486e-08
2172 2211 3.33716173545607486e-08
2214 2214 -2.16811754945244068e+01
2213 2214 2.16811754945244068e+01
2218 2218 -1.04194427993329564e-05
2271 2218 1.04194427993329564e-05
2220 2220 -3.15640792604710962e-03
2273 2220 3.15640792604710962e-03
2221 2221 -1.37529202492052633e-03
2274 2221 1.37529202492052633e-03
2222 2222 -1.01933408905874306e-02
2275 2222 1.01933408905874306e-02
2223 2223 -1.54032706791098952e-02
2276 2223 1.54032706791098952e-02
2224 2224 -6.72958427728102132e-02
2277 2224 6.72958427728102132e-02
2225 2225 -1.44405662616655273e-01
2278 2225 1.44405662616655273e-01
2226 2226 -2.31049060186648419e-01
2279 2226 2.31049060186648419e-01
2227 2227 -2.31049060186648436e+00
2280 2227 2.31049060186648436e+00
2228 2228 -6.93147180559945286e-01
2281 2228 6.93147180559945286e-01
2229 2229 -6.96630332221050530e-01
2188 2229 6.96630332221050530e-01
2230 2230 -3.46573590279972610e+00
2190 2230 3.46573590279972610e+00
2231 2231 -1.15524530093324218e+00
2191 2231 5.77622650466621090e-01
2190 2231 5.77622650466621090e-01
2232 2232 -3.46573590279972646e+06
2192 2232 3.46573590279972646e+06
2233 2233 -4.33216987849965762e-01
2193 2233 4.33216987849965762e-01
2234 2234 -2.88811325233310545e-01
2195 2234 2.88060415787703916e-01
2152 2234 7.50909445606607402e-04
2235 2235 -1.98042051588555784e-01
2196 2235 1.98042051588555784e-01
2236 2236 -8.77401494379677488e-02
2196 2236 8.77401494379677488e-02
2237 2237 -1.16105055370175103e+00
2198 2237 1.16105055370175103e+00
2238 2238 -2.28761445729354884e+00
2237 2238 2.28761445729354884e+00
2239 2239 -5.77622650466621049e-02
2199 2239 5.77622650466621049e-02
2240 2240 -3.30070085980926353e-02
2199 2240 3.30070085980926353e-02
2241 2241 -6.93147180559945286e-01
2201 2241 6.93147180559945286e-01
2242 2242 -1.63093454249398889e-01
2201 2242 5.54517744447956262e-02
2241 2242 1.07641679804603277e-01
2243 2243 -2.24319475909367412e-02
2202 2243 2.24319475909367412e-02
2244 2244 -2.24319475909367412e-02
2202 2244 2.24319475909367412e-02
2245 2245 -8.66433975699931608e-02
2204 2245 8.66433975699931608e-02
2246 2246 -3.01368339373889252e-02
2204 2246 3.01368339373889252e-02
2247 2247 -5.87412864881309588e+02
2245 2247 5.87412864881309588e+02
2248 2248 -1.17402977737118101e-04
2205 2248 1.17402977737118101e-04
2249 2249 -6.31281585209421923e-03
2205 2249 6.31281585209421923e-03
2250 2250 -1.92540883488873690e-04
2206 2250 1.92540883488873690e-04
2251 2251 -5.25111500424201016e-03
2206 2251 5.25111500424201016e-03
2252 2252 -4.67559211969095949e-05
2161 2252 7.80823883988390261e-06
2207 2252 3.89476823570256923e-05
2253 2253 -2.77703197339721668e-03
2161 2253 6.10947034147387639e-07
2207 2253 2.77642102636306912e-03
2254 2254 -5.53278400830096813e-05
2208 2254 5.53001761629681808e-05
2162 2254 2.76639200415048425e-08
2255 2255 -1.99180224298834861e-03
2208 2255 1.99180224298834861e-03
2256 2256 -1.09342315570943089e-05
2163 2256 1.03875199792395944e-09
2209 2256 1.09331928050963854e-05
2257 2257 -2.77258872223978131e-02
2209 2257 1.82990855667825567e-03
2256 2257 2.58959786657195594e-02
2258 2258 -1.10023361993642117e-05
2210 2258 1.10023361993642117e-05
2259 2259 -2.75058404984105265e-03
2210 2259 5.83123818566303126e-04
2258 2259 2.16746023127474974e-03
2260 2260 -3.42843453505829205e-06
2211 2260 3.42843453505829205e-06
2261 2261 -8.95538992971505595e-06
2212 2261 8.94644349517527010e-06
2305 2261 8.94644349517527081e-09
2262 2262 -2.04830727115823066e-05
2212 2262 1.60177628604573628e-05
2261 2262 4.46530985112494297e-06
2263 2263 -8.48197724620588925e-06
2212 2263 8.32930165577418281e-06
2261 2263 1.52675590431705990e-07
2264 2264 -1.50799564136022635e-06
2213 2264 1.50799564136022635e-06
2265 2265 -1.49953959103484179e-06
2215 2265 1.49953959103484179e-06
2266 2266 -7.89101981511777391e-06
2265 2266 7.89101981511777391e-06
2267 2267 -3.63284685828063543e-05
2265 2267 3.63284685828063543e-05
2268 2268 -3.09359222597594962e-10
2216 2268 3.09359222597594962e-10
2269 2269 -1.22025048475722920e-10
2217 2269 1.01768890428752908e-10
2310 2269 2.02561580469700052e-11
2270 2270 -6.47801103327051708e-02
2269 2270 6.47801103327051708e-02
2272 2272 -1.10961781632592036e-07
2312 2272 1.10961781632592036e-07
2273 2273 -1.16167634115789210e-06
2313 2273 1.16167634115789210e-06
2274 2274 -1.52005960649110802e-03
2314 2274 1.52005960649110802e-03
2275 2275 -5.92433487658072843e-04
2315 2275 5.92433487658072843e-04
2276 2276 -3.85081766977747380e-03
2316 2276 3.85081766977747380e-03
2277 2277 -5.47509621295375407e-03
2317 2277 5.47509621295375407e-03
2278 2278 -2.76154255203165423e-02
2319 2278 2.76154255203165423e-02
2279 2279 -3.57292361113373882e-02
2320 2279 3.57292361113373882e-02
2280 2280 -8.45301439707250440e-02
2321 2280 8.45301439707250440e-02
2281 2281 -3.46573590279972643e-01
2322 2281 3.46573590279972643e-01
2282 2282 -2.31049060186648419e-01
2323 2282 2.31049060186648419e-01
2283 2283 -1.38629436111989057e+00
2324 2283 1.38629436111989057e+00
2284 2284 -3.46573590279972610e+00
2232 2284 3.46573590279972610e+00
2285 2285 -1.15524530093324218e+00
2192 2285 5.77622650466621090e-01
2233 2285 5.77622650466621090e-01
2286 2286 -8.25175214952315828e-01
2234 2286 8.25175214952315828e-01
2287 2287 -7.70163533955494750e-01
2235 2287 7.70163533955494750e-01
2288 2288 -3.01368339373889293e-01
2237 2288 3.01187518370264973e-01
2196 2288 1.80821003624333563e-04
2289 2289 -2.16608493924982881e-01
2239 2289 2.16608493924982881e-01
2290 2290 -2.31049060186648419e-01
2239 2290 2.31049060186648419e-01
2291 2291 -7.61700198417522290e-02
2241 2291 7.61700198417522290e-02
2292 2292 -1.15524530093324210e-01
2243 2292 5.77622650466621049e-02
2201 2292 5.77622650466621049e-02
2293 2293 -4.91593745077975389e-02
2243 2293 2.45796872538987694e-02
2201 2293 2.45796872538987694e-02
2294 2294 -2.39016269158601816e-02
2245 2294 2.39016269158601816e-02
2295 2295 -4.62098120373296872e+00
2294 2295 4.62098120373296872e+00
2296 2296 -1.73286795139986315e-02
2248 2296 1.73286795139986315e-02
2297 2297 -1.24442940854568272e-02
2248 2297 8.08879115554693787e-03
2296 2297 4.35550292990988935e-03
2298 2298 -3.50074333616133982e-03
2250 2298 3.50074333616133982e-03
2299 2299 -2.75058404984105265e-03
2252 2299 2.75058404984105265e-03
2300 2300 -1.41458608277539866e+00
2253 2300 9.90210257942779164e-03
2299 2300 1.40468398019597096e+00
2301 2301 -1.61122078233367117e-03
2204 2301 5.80039481640121633e-04
2254 2301 1.03118130069354964e-03
2302 2302 -6.45388436275554306e-04
2205 2302 3.61417524314310433e-05
2256 2302 6.09246683844123283e-04
2303 2303 -8.08995308776780256e-05
2206 2303 8.08995308776780224e-08
2258 2303 8.08186313468003443e-05
2304 2304 -3.00845130451365141e-05
2207 2304 2.82794422624283200e-09
2260 2304 3.00816851009102700e-05
2305 2305 -7.32150290854337605e-15
2208 2305 7.32150290854337605e-15
2306 2306 -1.94485740897852224e-05
2264 2306 1.94485740897852224e-05
2308 2308 -2.36536711902793219e-05
2268 2308 2.36536711902793219e-05
2309 2309 -3.20901472481456125e+01
2308 2309 3.20901472481456125e+01
2311 2311 -5.55577341553767607e-08
2271 2311 5.55577341553767607e-08
2317 2317 -8.24939517947188025e-05
2372 2317 8.24939517947188025e-05
2318 2318 -9.19049563192714421e-03
2372 2318 2.05867102155168018e-04
2317 2318 8.98462852977197600e-03
2319 2319 -2.35956965059894213e-06
2373 2319 2.35956965059894213e-06
2320 2320 -1.86329887247297125e-03
2375 2320 1.86329887247297125e-03
2321 2321 -1.32786816199223241e-03
2376 2321 1.32786816199223241e-03
2322 2322 -1.77730046297421874e-02
2378 2322 1.77730046297421874e-02
2323 2323 -2.31049060186648419e-02
2379 2323 2.31049060186648419e-02
2324 2324 -1.15524530093324210e-01
2381 2324 1.15524530093324210e-01
2325 2325 -2.31049060186648419e-01
2382 2325 2.31049060186648419e-01
2326 2326 -3.46573590279972643e-01
2383 2326 3.46573590279972643e-01
2327 2327 -1.15524530093324216e+02
2285 2327 1.15524530093324216e+02
2328 2328 -1.69060287941450042e+02
2286 2328 1.69060287941450042e+02
2329 2329 -1.73286795139986305e+00
2288 2329 1.73286795139986305e+00
2330 2330 -3.46573590279972646e+06
2289 2330 1.73286795139986323e+06
2237 2330 1.73286795139986323e+06
2331 2331 -9.90210257942779060e-01
2291 2331 9.90210257942779060e-01
2332 2332 -2.88811325233310545e-01
2292 2332 2.88811325233310545e-01
2333 2333 -1.92540883488873688e-01
2294 2333 1.92540883488873688e-01
2334 2334 -1.19508134579300915e-01
2296 2334 1.19508134579300915e-01
2335 2335 -3.15066900254520554e-01
2298 2335 3.15066900254520554e-01
2336 2336 -7.22781210177210892e-02
2298 2336 7.22202985209069170e-02
2248 2336 5.78224968141768711e-05
2337 2337 -2.93706432440654794e+02
2335 2337 2.93706432440654794e+02
2338 2338 -3.28505772777225244e-02
2299 2338 3.28505772777225244e-02
2339 2339 -1.23776282242847365e-02
2299 2339 1.23776282242847365e-02
2340 2340 -9.62704417444368472e-03
2301 2340 9.62704417444368472e-03
2341 2341 -2.97488060326156767e-02
2301 2341 2.97488060326156767e-02
2342 2342 -1.96916812659075346e-02
2302 2342 1.53595113874078777e-02
2248 2342 4.33216987849965787e-03
2343 2343 -1.46853216220327390e-02
2302 2343 2.93706432440654815e-03
2248 2343 1.17482572976261926e-02
2344 2344 -4.28397515797246733e-03
2303 2344 3.76989813901577138e-03
2250 2344 5.14077018956696067e-04
2345 2345 -1.38629436111989066e-02
2303 2345 1.23657457011894251e-02
2251 2345 1.49719791000948186e-03
2346 2346 -5.74748905936936418e-03
2304 2346 5.74455783994908594e-03
2252 2346 2.93121942027837582e-06
2347 2347 -1.24219924831531409e-03
2304 2347 1.23996328966834656e-03
2252 2347 2.23595864696756529e-06
2348 2348 -9.82351446371804550e-04
2305 2348 9.82154976082530180e-04
2254 2348 1.96470289274360908e-07
2349 2349 -3.72659774494594250e-03
2305 2349 3.72656047896849319e-03
2254 2349 3.72656047896849294e-08
2350 2350 -2.40676104361092113e-04
2306 2350 2.40676104361092113e-04
2351 2351 -7.87667250636301446e+02
2350 2351 7.87667250636301446e+02
2352 2352 -2.06293803738078965e-04
2307 2352 2.06293803738078965e-04
2353 2353 -7.29628611115731851e-02
2352 2353 7.29628611115731851e-02
2354 2354 -1.48108371914518222e-03
2307 2354 1.11081278935888672e-03
2352 2354 3.70270929786295554e-04
2355 2355 -9.16861349947017588e-04
2308 2355 9.16861349947017588e-04
2356 2356 -1.02234097427720541e-03
2310 2356 1.02234097427720541e-03
2357 2357 -4.12587607476157931e-04
2310 2357 7.83916454204700144e-05
2356 2357 3.34195962055687957e-04
2358 2358 -5.42368685884151228e-04
2310 2358 5.04402877872260711e-04
2356 2358 3.79658080118905911e-05
2359 2359 -3.49544720403401564e-04
2311 2359 3.49544720403401564e-04
2360 2360 -8.35117085011982258e-02
2359 2360 8.35117085011982258e-02
2361 2361 -4.51267695677047694e-04
2312 2361 4.51267695677047694e-04
2362 2362 -3.83547576671063135e-05
2312 2362 1.03557845701187046e-05
2361 2362 2.79989730969876071e-05
2363 2363 -2.31049060186648419e-01
2361 2363 2.31049060186648419e-01
2364 2364 -7.76374530197071309e-05
2313 2364 7.76374530197071309e-05
2365 2365 -1.02536565171589544e-01
2364 2365 1.02536565171589544e-01
2366 2366 -7.70163533955494761e-04
2314 2366 7.70163533955494761e-04
2367 2367 -1.72424671781080919e-04
2314 2367 6.55213752768107508e-05
2366 2367 1.06903296504270168e-04
2368 2368 -4.80624596485837648e-12
2315 2368 4.80624596485837648e-12
2369 2369 -6.35914844550408476e-01
2368 2369 6.35914844550408476e-01
2370 2370 -3.98360448597669700e-04
2316 2370 2.39016269158601809e-04
2411 2370 1.59344179439067891e-04
2371 2371 -3.08065413582197893e-04
2370 2371 3.08065413582197893e-04
2373 2373 -7.18436132421170496e-06
2413 2373 7.18436132421170496e-06
2374 2374 -1.83037669382146723e-11
2413 2374 1.83037669382146723e-11
2375 2375 -6.21099624157657047e-05
2414 2375 5.47025792341516903e-05
2415 2375 7.40738318161401618e-06
2376 2376 -3.86369665863960576e-03
2416 2376 3.86369665863960576e-03
2377 2377 -5.25111500424201016e-03
2376 2377 5.25111500424201016e-03
2378 2378 -2.44755360367212346e-03
2417 2378 2.44755360367212346e-03
2379 2379 -4.18567138019290685e-03
2418 2379 4.18567138019290685e-03
2380 2380 -1.61197018734870988e-02
2418 2380 1.61197018734870988e-02
2381 2381 -1.30782486898102877e-02
2419 2381 1.30782486898102877e-02
2382 2382 -2.77258872223978131e-02
2420 2382 2.77258872223978131e-02
2383 2383 -6.93147180559945258e-02
2421 2383 6.93147180559945258e-02
2384 2384 -8.66433975699931608e-02
2422 2384 8.66433975699931608e-02
2385 2385 -1.38629436111989052e-01
2423 2385 1.38629436111989052e-01
2386 2386 -3.46573590279972610e+00
2330 2386 3.46573590279972610e+00
2387 2387 -3.46573590279972646e+06
2331 2387 3.46573590279972646e+06
2389 2389 -4.07733635623497237e-01
2292 2389 4.07733635623497237e-01
2390 2390 -2.77258872223978103e-01
2334 2390 2.77258872223978103e-01
2391 2391 -2.77258872223978103e-01
2334 2391 2.77258872223978103e-01
2392 2392 -1.50684169686944647e-01
2335 2392 1.50684169686944647e-01
2393 2393 -1.73286795139986322e-01
2338 2393 1.61156719480187283e-01
2298 2393 1.21300756597990441e-02
2394 2394 -7.78817056808927266e-02
2338 2394 7.50234470824039656e-02
2298 2394 1.32398899657517634e-04
2393 2394 2.72585969883124566e-03
2395 2395 -3.74674151654024457e-02
2340 2395 3.74674151654024457e-02
2396 2396 -2.94956247046785219e-02
2342 2396 2.94956247046785219e-02
2397 2397 -1.19508134579300918e+00
2342 2397 5.61688232522714326e-02
2396 2397 1.13891252254073772e+00
2398 2398 -6.72958427728102132e-02
2298 2398 6.05662584955291919e-02
2344 2398 6.72958427728102132e-03
2399 2399 -1.86832124140146986e-02
2299 2399 9.90210257942779164e-03
2346 2399 8.78110983458690701e-03
2400 2400 -3.09717238856097076e-03
2301 2400 1.45567102262365640e-05
2348 2400 3.08261567833473422e-03
2401 2401 -2.17970811496838142e-03
2302 2401 4.35941622993676299e-07
2350 2401 2.17927217334538785e-03
2402 2402 -5.92433487658072843e-04
2352 2402 1.30796872971661670e-05
2353 2402 5.79353800360906681e-04
2403 2403 -6.19434477712194217e-04
2355 2403 6.19434477712194217e-04
2404 2404 -9.12035763894664875e+00
2403 2404 9.12035763894664875e+00
2405 2405 -8.40789884230889453e-05
2356 2405 8.40789884230889453e-05
2406 2406 -3.20901472481456150e-04
2359 2406 2.44206501910596864e-04
2360 2406 7.66949705708592995e-05
2407 2407 -6.73690984915583233e-06
2361 2407 6.73690984915583233e-06
2408 2408 -5.99815836413936717e-05
2364 2408 5.99815836413936717e-05
2410 2410 -1.54032706791098947e-04
2368 2410 1.54030627349557273e-04
2369 2410 2.07944154167983574e-09
2412 2412 -1.85850273637908960e-05
2372 2412 1.85850273637908960e-05
2415 2415 -3.05485756086357529e-01
2414 2415 3.05485756086357529e-01
2417 2417 -8.54188331775596553e-07
2461 2417 8.54188331775596553e-07
2419 2419 -2.56174672018192806e-05
2463 2419 2.56174672018192806e-05
2420 2420 -3.90549459409480141e-06
2464 2420 3.90549459409480141e-06
2421 2421 -8.25175214952315883e-03
2465 2421 8.25175214952315883e-03
2422 2422 -3.61014156541638155e-03
2466 2422 3.61014156541638155e-03
2423 2423 -9.62704417444368472e-03
2467 2423 9.62704417444368472e-03
2424 2424 -3.46573590279972629e-02
2468 2424 3.46573590279972629e-02
2425 2425 -2.31049060186648419e-01
2469 2425 2.31049060186648419e-01
2426 2426 -2.23595864696756558e+05
2387 2426 2.23595864696756558e+05
2427 2427 -8.66433975699931658e+00
2389 2427 4.33216987849965829e+00
2388 2427 4.33216987849965829e+00
2428 2428 -3.46573590279972610e+00
2389 2428 1.73286795139986305e+00
2388 2428 1.73286795139986305e+00
2429 2429 -1.19508134579300918e+00
2390 2429 1.01581914392405781e+00
2389 2429 1.79262201868951365e-01
2430 2430 -9.90210257942779060e-01
2392 2430 9.90210257942779060e-01
2431 2431 -7.70163533955494750e-01
2393 2431 7.68623206887583788e-01
2335 2431 1.54032706791098952e-03
2432 2432 -3.15066900254520554e-01
2395 2432 3.15066900254520554e-01
2433 2433 -1.33297534723066406e+02
2432 2433 1.33297534723066406e+02
2434 2434 -1.66222345458020448e-01
2396 2434 1.66222345458020448e-01
2435 2435 -1.53691170855863695e+06
2434 2435 1.53691170855863695e+06
2436 2436 -8.66433975699931608e-02
2398 2436 8.66433975699931608e-02
2437 2437 -1.33297534723066408e-01
2398 2437 1.33297534723066408e-01
2438 2438 -4.68342689567530612e-01
2399 2438 4.21508420610777548e-02
2338 2438 4.26191847506452892e-01
2439 2439 -2.77258872223978103e-01
2399 2439 2.21807097779182470e-02
2338 2439 2.55078162446059853e-01
2440 2440 -8.55737259950549722e-02
2400 2440 3.93639139577252883e-02
2340 2440 4.62098120373296908e-02
2441 2441 -2.10044600169680407e-01
2400 2441 8.82187320712657652e-02
2340 2441 1.21825868098414627e-01
2442 2442 -3.20901472481456146e-02
2401 2442 3.18045449376371178e-02
2342 2442 2.85602310508495957e-04
2443 2443 -1.54032706791098952e-02
2401 2443 1.50952052655276975e-02
2342 2443 3.08065413582197893e-04
2444 2444 -8.27144606873443135e-03
2402 2444 8.26648320109319053e-03
2344 2444 4.96286764124065835e-06
2445 2445 -3.18249394196485442e-03
2403 2445 3.18249394196485442e-03
2446 2446 -2.90262638425437718e-03
2405 2446 2.90262638425437718e-03
2447 2447 -1.26532891668482183e-03
2406 2447 1.26532891668482183e-03
2448 2448 -1.22898436269493856e-03
2407 2448 1.22898436269493856e-03
2449 2449 -9.30398900080463449e-03
2407 2449 1.39559835012069509e-03
2448 2449 7.90839065068393854e-03
2450 2450 -3.82531556600411297e-04
2408 2450 3.82531556600411297e-04
2451 2451 -5.32371106420848929e-04
2409 2451 5.32371106420848929e-04
2452 2452 -2.85245753316849919e-02
2409 2452 5.41966931302014822e-03
2451 2452 2.31049060186648454e-02
2453 2453 -1.06376178723134639e-04
2410 2453 1.06376178723134639e-04
2454 2454 -5.77622650466621049e-03
2411 2454 5.77622650466621049e-03
2455 2455 -2.26518686457498472e-03
2411 2455 4.53037372914996943e-04
2454 2455 1.81214949165998777e-03
2456 2456 -6.40521901160591118e-06
2412 2456 6.40521901160591118e-06
2457 2457 -2.50053095440095706e-05
2413 2457 2.50053095440095706e-05
2458 2458 -2.03866817811748602e+00
2457 2458 2.03866817811748602e+00
2459 2459 -8.67301276976908523e-07
2414 2459 8.67301276976908523e-07
2460 2460 -8.61711795062986433e-08
2416 2460 8.61625623883480111e-08
2493 2460 8.61711795062986448e-12
2462 2462 -6.23836455057263091e-08
2496 2462 6.23019229301138092e-08
2418 2462 8.17225756125014686e-11
2463 2463 -1.14398486722104090e-08
2497 2463 1.14398486722104090e-08
2464 2464 -3.02737238190052953e-06
2499 2464 3.02737238190052953e-06
2465 2465 -2.33666120738924374e-05
2500 2465 2.33666120738924374e-05
2466 2466 -2.13934314987637448e-03
2501 2466 2.13934314987637448e-03
2467 2467 -7.60029803245554011e-04
2502 2467 7.60029803245554011e-04
2468 2468 -6.08023842596443209e-03
2504 2468 6.08023842596443209e-03
2469 2469 -7.70163533955494761e-03
2506 2469 7.70163533955494761e-03
2470 2470 -2.31049060186648419e-02
2508 2470 2.31049060186648419e-02
2471 2471 -3.46573590279972629e-02
2509 2471 3.46573590279972629e-02
2472 2472 -2.77258872223978114e+00
2430 2472 2.77258872223978114e+00
2473 2473 -9.90210257942779060e-01
2392 2473 9.90210257942779060e-01
2474 2474 -3.46573590279972646e+06
2432 2474 3.46573590279972646e+06
2475 2475 -4.33216987849965762e-01
2434 2475 4.33216987849965762e-01
2476 2476 -4.33216987849965762e-01
2434 2476 4.31491008048672686e-01
2475 2476 1.72596377226449829e-03
2477 2477 -2.28008940973666197e-01
2436 2477 2.28008940973666197e-01
2478 2478 -1.65035042990463149e-01
2438 2478 6.60140171961852568e-02
2393 2478 9.90210257942778921e-02
2479 2479 -1.69473638278715244e+00
2395 2479 1.56932589046090332e+00
2440 2479 1.25410492326249262e-01
2480 2480 -3.86585153686528349e-01
2442 2480 4.25243669055181198e-02
2396 2480 3.44060786781010208e-01
2481 2481 -2.65573632398446446e-02
2398 2481 2.65573632398446481e-03
2444 2481 2.39016269158601816e-02
2482 2482 -1.79571808435218978e-02
2445 2482 1.78673949393042888e-02
2399 2482 8.97859042176094875e-05
2483 2483 -7.75332416733719512e-03
2400 2483 1.62816318518205793e-07
2446 2483 7.75316134752968098e-03
2484 2484 -6.91763653253438422e-03
2447 2484 6.91763653253438422e-03
2485 2485 -2.40676104361092118e-03
2448 2485 2.40676104361092118e-03
2486 2486 -2.75058404984105265e-03
2450 2486 2.75058404984105265e-03
2487 2487 -6.12212666101347148e-04
2451 2487 6.12212666101347148e-04
2488 2488 -1.04547086057306979e-03
2453 2488 1.04547086057306979e-03
2489 2489 -1.52407031785388144e-04
2454 2489 1.52407031785388144e-04
2490 2490 -1.16691444538711327e-03
2456 2490 1.16691444538711327e-03
2491 2491 -3.39578277758154640e-06
2457 2491 3.39578277758154640e-06
2492 2492 -6.60140171961852667e-04
2459 2492 6.60140171961852667e-04
2494 2494 -2.50563351616096000e-07
2461 2494 2.50563351616096000e-07
2495 2495 -1.50684169686944626e-02
2494 2495 1.50684169686944626e-02
2498 2498 -1.32028034392370529e+02
2497 2498 1.32028034392370529e+02
2502 2502 -1.91697414863474389e-06
2556 2502 1.91697414863474389e-06
2503 2503 -1.01634483953071157e+01
2502 2503 1.01634483953071157e+01
2505 2505 -6.08023842596443209e-02
2504 2505 6.08023842596443209e-02
2506 2506 -1.00753994499672259e-04
2559 2506 1.00753994499672259e-04
2507 2507 -1.08135285578774609e-01
2506 2507 1.08135285578774609e-01
2508 2508 -1.56114229855843536e-04
2562 2508 1.56114229855843536e-04
2509 2509 -1.44405662616655262e-03
2564 2509 1.44405662616655262e-03
2510 2510 -4.81352208722184236e-03
2566 2510 4.81352208722184236e-03
2511 2511 -1.15524530093324210e-02
2568 2511 1.15524530093324210e-02
2512 2512 -1.61197018734871023e+01
2474 2512 5.15830459951587272e+00
2473 2512 1.09613972739712295e+01
2513 2513 -8.59984094987525083e+00
2475 2513 3.14754178765434167e+00
2474 2513 5.45229916222090871e+00
2514 2514 -9.90210257942779060e-01
2477 2514 8.41678719251362173e-01
2434 2514 1.48531538691416859e-01
2515 2515 -7.70163533955494750e-01
2478 2515 2.31049060186648419e-01
2431 2515 5.39114473768846247e-01
2516 2516 -6.93147180559945286e-01
2478 2516 3.46573590279972643e-01
2431 2516 3.46573590279972643e-01
2517 2517 -3.46573590279972643e-01
2479 2517 3.46573590279972643e-01
2518 2518 -6.18881411214236787e-01
2479 2518 6.18881411214236787e-01
2519 2519 -1.01933408905874305e+01
2480 2519 1.01933408905874301e+00
2434 2519 9.17400680152868730e+00
2520 2520 -5.02280565623148689e+00
2480 2520 1.20547335749555673e+00
2434 2520 3.81733229873593016e+00
2521 2521 -2.57675531806671074e+02
2434 2521 2.57675531806671074e+02
2522 2522 -1.40313194445333056e+00
2481 2522 7.01565972226665252e-02
2436 2522 1.33297534723066402e+00
2523 2523 -3.50074333616133959e+00
2436 2523 3.50074333616133959e+00
2524 2524 -1.01933408905874309e-01
2438 2524 1.01933408905874309e-01
2525 2525 -1.44707135816272509e-01
2482 2525 1.36024707667296157e-01
2438 2525 8.68242814897634933e-03
2526 2526 -6.53912434490514505e-02
2483 2526 6.47961831336650862e-02
2440 2526 5.95060315386368183e-04
2527 2527 -5.72848909553673805e-02
2484 2527 5.72276633493029735e-02
2442 2527 5.72276633493029702e-05
2528 2528 -1.92007529240982057e-02
2485 2528 1.92007337233452806e-02
2444 2528 1.92007337233452807e-08
2529 2529 -1.73286795139986315e-02
2485 2529 1.73286795139986315e-02
2530 2530 -9.00191143584344600e-03
2486 2530 9.00191143584344600e-03
2531 2531 -9.49516685698555136e+01
2530 2531 9.49516685698555136e+01
2532 2532 -8.43244745206746076e-03
2487 2532 8.43244745206746076e-03
2533 2533 -7.70163533955494761e-03
2487 2533 7.70163533955494761e-03
2534 2534 -6.08023842596443209e-03
2487 2534 6.08023842596443209e-03
2535 2535 -2.90993778572605109e-03
2488 2535 2.90993778572605109e-03
2536 2536 -3.67912516220777726e-03
2489 2536 3.67912516220777726e-03
2537 2537 -1.07564739379259044e-03
2490 2537 1.07564739379259044e-03
2538 2538 -4.35941622993676284e-03
2491 2538 4.35941622993676284e-03
2539 2539 -8.19322908463292372e-03
2491 2539 4.75207286908709524e-03
2538 2539 3.44115621554582805e-03
2540 2540 -5.44927028742095334e-03
2491 2540 4.35941622993676284e-03
2538 2540 1.08985405748419071e-03
2541 2541 -2.24319475909367394e-04
2492 2541 2.24319475909367394e-04
2542 2542 -1.15524530093324210e-02
2492 2542 5.77622650466621049e-03
2541 2542 5.77622650466621049e-03
2543 2543 -2.10044600169680389e-03
2493 2543 2.10044600169680389e-03
2544 2544 -1.72424671781080908e-03
2493 2544 1.71734973093956578e-03
2543 2544 6.89698687124323622e-06
2545 2545 -5.65299129444726039e-06
2494 2545 5.65299129444726039e-06
2546 2546 -4.33216987849965787e-03
2545 2546 4.33216987849965787e-03
2547 2547 -3.98734433997833230e-06
2496 2547 3.98734433997833230e-06
2548 2548 -1.03454803068648538e+00
2547 2548 1.03454803068648538e+00
2549 2549 -9.73608836412184821e-07
2497 2549 9.73608836412184821e-07
2550 2550 -8.77401494379677523e-03
2549 2550 8.77401494379677523e-03
2551 2551 -1.19739355403528409e-06
2499 2551 1.19739355403528409e-06
2552 2552 -3.12228459711687062e-03
2551 2552 3.12228459711687062e-03
2553 2553 -1.60324888625605510e-08
2500 2553 1.60324888625605510e-08
2554 2554 -6.63580044516426814e-09
2501 2554 6.63580044516426814e-09
2555 2555 -5.64967381129324234e-08
2501 2555 3.50279776300181031e-10
2554 2555 5.61464583366322402e-08
2557 2557 -5.84160378704960765e-19
2596 2557 5.84160378704960765e-19
2558 2558 -5.29686061867602984e-05
2596 2558 5.29182860108828754e-05
2504 2558 5.03201758774222820e-08
2559 2559 -1.20694099774881947e-06
2597 2559 1.20694099774881947e-06
2560 2560 -5.00033314451966830e-08
2559 2560 1.07007129292720893e-08
2598 2560 3.93026185159245937e-08
2561 2561 -1.77730046297421874e-03
2597 2561 1.77730046297421874e-03
2562 2562 -4.06776514413113421e-04
2600 2562 4.06776514413113421e-04
2563 2563 -5.00106190880191372e-04
2600 2563 5.00106190880191372e-04
2564 2564 -4.19479048995367550e-05
2603 2564 4.19479048995367550e-05
2565 2565 -2.23595864696756564e+02
2564 2565 2.23595864696756564e+02
2566 2566 -2.02674614198814418e-03
2606 2566 2.02674614198814418e-03
2567 2567 -6.93147180559945241e+02
2566 2567 6.93147180559945241e+02
2568 2568 -3.30070085980926345e-03
2608 2568 3.30070085980926345e-03
2569 2569 -5.77622650466621049e-03
2609 2569 5.77622650466621049e-03
2570 2570 -1.19508134579300908e-02
2611 2570 1.19508134579300908e-02
2571 2571 -3.46573590279972629e-02
2612 2571 3.46573590279972629e-02
2572 2572 -1.15524530093324211e+05
2515 2572 1.15524530093324211e+05
2573 2573 -3.46573590279972643e-01
2517 2573 3.46573590279972643e-01
2574 2574 -7.78817056808927322e-01
2519 2574 7.78817056808927322e-01
2575 2575 -3.01368339373889249e+01
2477 2575 3.01368339373889249e+01
2576 2576 -6.30133800509041198e+00
2524 2576 8.82187320712657708e-01
2478 2576 5.41915068437775460e+00
2577 2577 -2.43209537038577284e-01
2479 2577 1.07741824908089742e-01
2526 2577 1.35467712130487555e-01
2578 2578 -1.23776282242847382e-01
2527 2578 8.04545834578507951e-02
2480 2578 4.33216987849965804e-02
2579 2579 -5.09667044529371546e-02
2481 2579 3.56766931170560098e-04
2528 2579 5.06099375217665959e-02
2580 2580 -3.80850099208761145e-02
2530 2580 3.80354994079789774e-02
2482 2580 4.95105128971389433e-05
2581 2581 -1.75925680345163787e-02
2483 2581 1.40743359087016536e-06
2532 2581 1.75911606290736176e-02
2582 2582 -1.73286795139986315e-02
2535 2582 1.73286621853191158e-02
2484 2582 1.73286621853191165e-08
2583 2583 -6.24456919423374123e-03
2536 2583 6.24456919423374123e-03
2584 2584 -9.12035763894664814e-03
2537 2584 9.12035763894664814e-03
2585 2585 -1.70641846518942704e-03
2539 2585 1.06851470537967764e-03
2540 2585 6.37903589167902719e-04
2586 2586 -5.63534293138166862e-03
2541 2586 5.63534293138166862e-03
2587 2587 -4.45181233500286007e-04
2543 2587 4.45181233500286007e-04
2588 2588 -3.56557191646062399e-03
2545 2588 3.56557191646062399e-03
2589 2589 -1.20262887875623787e-05
2547 2589 1.20262887875623787e-05
2590 2590 -1.59124697098242713e-05
2549 2590 1.59124697098242713e-05
2591 2591 -2.34965145952523817e-02
2590 2591 2.34965145952523817e-02
2592 2592 -1.17457269893205263e-08
2552 2592 1.17457269893205263e-08
2593 2593 -8.15851201224040982e-06
2553 2593 8.15851201224040982e-06
2594 2594 -1.09822543628150630e-23
2496 2594 1.09822543628150630e-23
2595 2595 -1.14607668743377201e-07
2556 2595 1.14607668743377201e-07
2598 2598 -6.35914844550408476e-01
2597 2598 6.35914844550408476e-01
2599 2599 -2.24755895123198855e-04
2598 2599 2.24755895123198855e-04
2601 2601 -1.73286795139986322e-01
2600 2601 1.73286795139986322e-01
2602 2602 -7.08532539536455714e-10
2601 2602 7.08532539536455714e-10
2604 2604 -3.71262549844641257e-02
2603 2604 3.71262549844641257e-02
2605 2605 -3.20260950580295538e-07
2603 2605 3.20260950580295538e-07
2607 2607 -3.50074333616133982e-05
2606 2607 3.49024110615285578e-05
2656 2607 1.05022300084840198e-07
2608 2608 -1.89255409578589371e-07
2657 2608 1.89255409578589371e-07
2609 2609 -2.46791916542921392e-15
2658 2609 2.46791916542921392e-15
2610 2610 -1.87844764379388967e-04
2658 2610 8.08041303624012336e-05
2659 2610 6.63742900367817655e-06
2609 2610 8.64085916145189339e-05
2660 2610 1.39946040065524189e-05
2611 2611 -1.80450687430996914e-04
2661 2611 1.80450687430996914e-04
2612 2612 -4.67332241477848748e-05
2662 2612 4.67332241477848748e-05
2613 2613 -1.44405662616655262e-02
2612 2613 1.44405662616655262e-02
2614 2614 -3.30070085980926345e-03
2663 2614 3.30070085980926345e-03
2615 2615 -4.44325115743554686e-03
2665 2615 4.44325115743554686e-03
2616 2616 -2.31049060186648419e-02
2666 2616 2.31049060186648419e-02
2617 2617 -3.46573590279972629e-02
2667 2617 3.46573590279972629e-02
2618 2618 -2.23595864696756564e+02
2573 2618 2.23595864696756564e+02
2619 2619 -4.81352208722184294e+00
2574 2619 4.81352208722184294e+00
2620 2620 -1.92540883488873704e+00
2575 2620 1.84454166382341000e+00
2574 2620 8.08671710653269676e-02
2621 2621 -6.86284337188064626e+01
2515 2621 6.62950669723670387e+01
2575 2621 2.33336674643941988e+00
2622 2622 -1.61197018734870994e+02
2515 2622 1.61197018734870994e+02
2623 2623 -4.07733635623497264e+02
2515 2623 4.07733635623497264e+02
2624 2624 -1.26026760101808240e+01
2577 2624 1.13424084091627408e+00
2517 2624 1.14684351692645503e+01
2625 2625 -1.88868441569467365e+01
2577 2625 9.44342207847336912e-01
2517 2625 1.79425019490993982e+01
2626 2626 -8.35117085011982341e-01
2578 2626 5.51177276107908343e-01
2519 2626 2.83939808904073998e-01
2627 2627 -1.34591685545620443e+00
2578 2627 6.05662584955292016e-01
2519 2627 7.40254270500912526e-01
2628 2628 -4.47191729393513093e-01
2579 2628 2.95146541399718632e-01
2522 2628 1.52045187993794462e-01
2629 2629 -4.07733635623497237e-01
2579 2629 2.03866817811748618e-01
2522 2629 2.03866817811748618e-01
2630 2630 -2.39843315072645419e-01
2580 2630 2.39843315072645419e-01
2631 2631 -1.94158874106427265e-01
2581 2631 1.94022962894552758e-01
2526 2631 1.35911211874499072e-04
2632 2632 -6.53912434490514505e-02
2582 2632 6.52604609621533494e-02
2527 2632 1.30782486898102914e-04
2633 2633 -4.88131817295736140e-02
2583 2633 4.88131817295736140e-02
2634 2634 -2.23595864696756533e-02
2584 2634 2.23595864696756533e-02
2635 2635 -2.01496273418588744e-02
2585 2635 2.01496273418588744e-02
2636 2636 -8.66433975699931573e-03
2586 2636 8.66433975699931573e-03
2637 2637 -5.77622650466621049e-03
2587 2637 5.77622650466621049e-03
2638 2638 -2.35764347129233109e-03
2588 2638 2.35764347129233109e-03
2639 2639 -1.70894275285982567e-03
2589 2639 1.70894275285982567e-03
2640 2640 -4.95813433876927988e-04
2590 2640 4.95813433876927988e-04
2641 2641 -3.13925353514467971e-04
2592 2641 3.13925353514467971e-04
2642 2642 -6.13187527034629652e-05
2593 2642 6.13187527034629652e-05
2643 2643 -1.68895511832345348e-04
2594 2643 1.68895511832345348e-04
2644 2644 -1.83372269989403500e-05
2595 2644 1.83372269989403500e-05
2645 2645 -2.37998619887359305e-05
2596 2645 2.37998619887359305e-05
2646 2646 -6.30133800509041180e+02
2645 2646 6.30133800509041180e+02
2647 2647 -7.14584722226747658e+02
2645 2647 7.14584722226747658e+02
2648 2648 -3.40418818049635226e-06
2597 2648 3.40418818049635226e-06
2649 2649 -1.24086498489070040e-03
2600 2649 1.24086498489070040e-03
2650 2650 -8.15851201224041016e-05
2600 2650 8.15851201224041016e-05
2651 2651 -1.19508134579300904e+01
2649 2651 1.19508134579300904e+01
2652 2652 -1.20684118079559967e-08
2603 2652 1.20684118079559967e-08
2653 2653 -7.70163533955494870e+01
2652 2653 7.70163533955494870e+01
2654 2654 -1.28123323578548103e+01
2652 2654 1.28123323578548103e+01
2655 2655 -2.36130590494081031e-05
2606 2655 2.03072307824909676e-05
2693 2655 3.30582826691713468e-06
2658 2658 -6.99192680149590767e-08
2696 2658 6.99192680149590767e-08
2659 2659 -2.44928332353337597e+00
2658 2659 2.44928332353337597e+00
2660 2660 -7.29321528366945796e-04
2659 2660 7.29321528366945796e-04
2661 2661 -1.57304643373262823e-06
2697 2661 1.49282893084443281e-06
2698 2661 8.02175028881953777e-08
2662 2662 -2.21311360332038718e-05
2699 2662 2.21311360332038718e-05
2663 2663 -2.33855324075555091e-04
2700 2663 2.33855324075555091e-04
2664 2664 -3.46573590279972620e+02
2663 2664 3.46573590279972620e+02
2665 2665 -1.10023361993642115e-03
2702 2665 1.10023361993642115e-03
2666 2666 -5.77622650466621049e-03
2704 2666 5.77622650466621049e-03
2667 2667 -3.46573590279972629e-02
2705 2667 3.46573590279972629e-02
2668 2668 -2.31049060186648419e-01
2706 2668 2.31049060186648419e-01
2669 2669 -2.31049060186648436e+00
2707 2669 2.31049060186648436e+00
2670 2670 -5.54517744447956261e+02
2573 2670 5.54517744447956261e+02
2671 2671 -9.49516685698555136e+01
2626 2671 9.49516685698555130e-02
2574 2671 9.48567169012856510e+01
2672 2672 -7.61700198417522323e+00
2628 2672 9.90210257942779060e-01
2575 2672 6.62679172623244384e+00
2673 2673 -1.69473638278715244e+00
2630 2673 4.57578823352531194e-01
2576 2673 1.23715755943462136e+00
2674 2674 -5.09667044529371505e-01
2631 2674 2.79297540402095590e-01
2577 2674 2.30369504127275915e-01
2675 2675 -2.47552564485694765e-01
2632 2675 2.15370731102554447e-01
2578 2675 3.21818333831403181e-02
2676 2676 -1.10023361993642113e-01
2579 2676 4.18088775575840062e-03
2633 2676 1.05842474237883705e-01
2677 2677 -1.35911211874499088e-01
2634 2677 1.35639919504476403e-01
2580 2677 2.71279866191195189e-04
2678 2678 -3.61014156541638181e-02
2581 2678 1.26354954789573356e-05
2635 2678 3.60887801586848647e-02
2679 2679 -3.48315166110525279e-02
2636 2679 3.48175840044081114e-02
2582 2679 1.39326066444210120e-05
2680 2680 -1.30782486898102877e-02
2583 2680 4.18490487477778731e-07
2637 2680 1.30778301858522142e-02
2681 2681 -9.36685379135061141e-03
2638 2681 9.36685379135061141e-03
2682 2682 -4.77374091294728228e-03
2639 2682 4.77374091294728228e-03
2683 2683 -4.85397185266068110e-03
2640 2683 4.85397185266068110e-03
2684 2684 -1.75037166808066991e-03
2641 2684 1.75037166808066991e-03
2685 2685 -1.52005960649110802e-03
2642 2685 1.52005960649110802e-03
2686 2686 -3.47965452088325970e-04
2643 2686 3.47965452088325970e-04
2687 2687 -3.28194687765125635e-04
2644 2687 3.28194687765125635e-04
2688 2688 -7.70163533955494733e-05
2645 2688 7.70163533955494733e-05
2689 2689 -8.75185834040334955e-05
2648 2689 8.75185834040334955e-05
2690 2690 -3.71413741297981671e-07
2649 2690 3.71413741297981671e-07
2691 2691 -3.11807098767406788e-04
2652 2691 3.11807098767406788e-04
2692 2692 -1.80507078270819078e-03
2652 2692 5.23470526985375287e-06
2691 2692 1.79983607743833696e-03
2693 2693 -1.22025005511955254e-26
2596 2693 1.22025005511955254e-26
2694 2694 -1.26717948914066781e+02
2693 2694 1.26717948914066781e+02
2695 2695 -6.61925479540957417e-08
2657 2695 6.61925479540957417e-08
2698 2698 -1.33297534723066408e-01
2697 2698 1.33297534723066408e-01
2700 2700 -1.06824724527781673e-07
2747 2700 1.06824724527781673e-07
2701 2701 -6.91763653253438422e-03
2700 2701 6.91763653253438422e-03
2702 2702 -1.29318503835810703e-28
2609 2702 1.29318503835810703e-28
2703 2703 -2.31049060186648433e+02
2702 2703 2.31049060186648433e+02
2704 2704 -8.02253681203640376e-06
2750 2704 8.02253681203640376e-06
2705 2705 -1.14968999885875666e-07
2751 2705 1.14968999885875666e-07
2706 2706 -1.07966850554508604e-03
2753 2706 1.07966850554508604e-03
2707 2707 -3.85081766977747380e-04
2754 2707 3.85081766977747380e-04
2708 2708 -2.23595864696756564e+02
2707 2708 2.23595864696756564e+02
2709 2709 -3.46573590279972629e-02
2756 2709 3.46573590279972629e-02
2710 2710 -6.93147180559945258e-02
2757 2710 6.93147180559945258e-02
2711 2711 -8.15467271246994528e+02
2619 2711 7.33920544122294984e+01
2671 2711 7.42075216834765001e+02
2712 2712 -1.87337075827012245e+03
2672 2712 1.87337075827012245e+03
2713 2713 -4.44325115743554662e+01
2621 2713 4.22997510187864023e+01
2672 2713 2.13276055556906252e+00
2714 2714 -6.47801103327051653e+00
2674 2714 3.88680661996230969e-01
2624 2714 6.08933037127428545e+00
2715 2715 -9.00191143584344466e+00
2674 2715 8.10172029225910029e-01
2624 2715 8.19173940661753441e+00
2716 2716 -1.77730046297421862e+00
2675 2716 1.20856431482246873e+00
2626 2716 5.68736148151749998e-01
2717 2717 -3.23900551663525826e+00
2675 2717 1.10126187565598799e+00
2626 2717 2.13774364097927050e+00
2718 2718 -1.30782486898102879e+00
2676 2718 5.49286444972032051e-01
2628 2718 7.58538424008996626e-01
2719 2719 -7.96720897195339450e-01
2676 2719 7.72819270279479276e-01
2628 2719 2.39016269158601816e-02
2720 2720 -6.93147180559945286e-01
2677 2720 3.46573590279972643e-01
2630 2720 3.46573590279972643e-01
2721 2721 -3.30070085980926298e-01
2677 2721 2.87160974803405855e-01
2630 2721 4.29091111775204218e-02
2722 2722 -3.08065413582197911e-01
2678 2722 2.34129714322470428e-01
2631 2722 7.39356992597274970e-02
2723 2723 -1.17482572976261912e-01
2679 2723 1.16307747246499296e-01
2632 2723 1.17482572976261904e-03
2724 2724 -2.03866817811748618e-01
2632 2724 2.03866817811748618e-01
2725 2725 -1.57533450127260277e-01
2680 2725 1.57525573454753903e-01
2633 2725 7.87627867273769456e-06
2726 2726 -8.55737259950549722e-02
2681 2726 8.55651686224554731e-02
2634 2726 8.55651686224554608e-06
2727 2727 -4.59037867920493586e-02
2681 2727 4.58119792184652624e-02
2634 2727 9.18075735840987258e-05
2728 2728 -7.53420848434723234e-02
2682 2728 7.53420848434723234e-02
2729 2729 -4.56017881947332476e-02
2683 2729 4.56017881947332476e-02
2730 2730 -1.26026760101808234e-02
2684 2730 1.26026760101808234e-02
2731 2731 -4.62098120373296839e-02
2684 2731 4.62098120373296839e-02
2732 2732 -5.83457222693556637e-03
2685 2732 5.83457222693556637e-03
2733 2733 -4.81352208722184236e-03
2686 2733 4.81352208722184236e-03
2734 2734 -1.96136723418207509e-03
2687 2734 1.96136723418207509e-03
2735 2735 -2.17970811496838142e-03
2688 2735 2.17970811496838142e-03
2736 2736 -8.25175214952315861e-04
2689 2736 8.25175214952315861e-04
2737 2737 -8.75185834040334955e-04
2690 2737 8.75185834040334955e-04
2738 2738 -5.92433487658072843e-04
2691 2738 5.92433487658072843e-04
2739 2739 -4.73461188907066399e-03
2693 2739 4.73461188907066399e-03
2740 2740 -9.67542128084792386e-06
2695 2740 9.67542128084792386e-06
2741 2741 -3.00845130451365141e-06
2696 2741 3.00845130451365141e-06
2742 2742 -1.51606994873128888e-05
2696 2742 1.51606994873128888e-05
2743 2743 -1.14607668743377201e-07
2697 2743 1.14607668743377201e-07
2744 2744 -6.66487673615332028e+02
2743 2744 6.66487673615332028e+02
2745 2745 -2.26625333673344735e-07
2699 2745 2.26625333673344735e-07
2746 2746 -4.74706320238840433e-08
2699 2746 1.21050111660904307e-08
2745 2746 3.53656208577936126e-08
2748 2748 -2.15758204326619501e-06
2786 2748 1.99641066463421020e-06
2702 2748 1.61171378631984784e-07
2749 2749 -1.09822543628150636e-13
2748 2749 1.09822543628150636e-13
2750 2750 -5.07264995579714631e-19
2787 2750 5.07264995579714631e-19
2751 2751 -1.13232700240457357e-05
2788 2751 1.13232700240457357e-05
2752 2752 -6.21433728312663770e-04
2751 2752 6.21433728312663770e-04
2753 2753 -7.92349314769027452e-06
2789 2753 7.11196501775726217e-06
2790 2753 8.11528129933011719e-07
2754 2754 -3.72659774494594250e-03
2791 2754 3.72659774494594250e-03
2755 2755 -6.01690260902730282e-05
2791 2755 3.27319501931085306e-05
2754 2755 2.74370758971645010e-05
2756 2756 -1.17882173564616555e-03
2793 2756 1.17882173564616555e-03
2757 2757 -4.33216987849965804e-02
2795 2757 4.33216987849965804e-02
2758 2758 -1.33554370050085799e-02
2797 2758 1.33554370050085799e-02
2759 2759 -6.93147180559945286e-01
2798 2759 6.93147180559945286e-01
2760 2760 -3.38120575882900084e+02
2670 2760 3.38120575882900084e+02
2761 2761 -1.26026760101808236e+02
2671 2761 1.26026760101808236e+02
2762 2762 -3.30070085980926322e+01
2718 2762 6.60140171961852706e-01
2672 2762 3.23468684261307757e+01
2763 2763 -9.76263634591472318e+00
2720 2763 3.90505453836588945e+00
2673 2763 5.85758180754883373e+00
2764 2764 -3.48315166110525265e+00
2722 2764 6.96630332221050530e-01
2674 2764 2.78652132888420212e+00
2765 2765 -8.55737259950549722e-01
2723 2765 3.67967021778736358e-01
2675 2765 4.87770238171813308e-01
2766 2766 -3.30070085980926298e-01
2676 2766 1.32028034392370514e-01
2725 2766 1.98042051588555784e-01
2767 2767 -2.02083726110771217e-01
2726 2767 1.74398255633595567e-01
2677 2767 2.76854704771756603e-02
2768 2768 -9.40498209714986794e-02
2678 2768 8.93473299229237405e-03
2728 2768 8.51150879792063053e-02
2769 2769 -8.35117085011982258e-02
2729 2769 8.20084977481766592e-02
2679 2769 1.50321075302156789e-03
2770 2770 -3.61014156541638181e-02
2680 2770 7.22028313083276338e-05
2730 2770 3.60292128228554900e-02
2771 2771 -3.09440705607118456e-02
2732 2771 3.08202942784689994e-02
2681 2771 1.23776282242847395e-04
2772 2772 -1.57533450127260305e-02
2682 2772 3.15066900254520606e-06
2733 2772 1.57501943437234858e-02
2773 2773 -8.25175214952315883e-03
2734 2773 8.25175214952315883e-03
2774 2774 -3.20901472481456172e-03
2735 2774 3.20901472481456172e-03
2775 2775 -3.85081766977747380e-03
2736 2775 3.85081766977747380e-03
2776 2776 -2.31049060186648428e-03
2737 2776 2.31049060186648428e-03
2777 2777 -1.77730046297421874e-03
2738 2777 1.77730046297421874e-03
2778 2778 -5.37323395782903336e-04
2739 2778 5.37323395782903336e-04
2779 2779 -1.10023361993642107e-04
2740 2779 1.10023361993642107e-04
2780 2780 -4.27868629975274896e-03
2740 2780 4.23589943675522183e-03
2779 2780 4.27868629975274912e-05
2781 2781 -8.81597451872132231e-06
2741 2781 8.81597451872132231e-06
2782 2782 -1.48108371914518231e-05
2743 2782 1.48108371914518231e-05
2783 2783 -1.94485740897852224e-05
2743 2783 1.65312879763174392e-05
2782 2783 2.91728611346778318e-06
2785 2785 -8.57108633764573067e-08
2747 2785 8.57108633764573067e-08
2786 2786 -1.09822543628150630e-23
2696 2786 1.09822543628150630e-23
2790 2790 -3.31395668655548513e-05
2789 2790 3.31395668655548513e-05
2792 2792 -1.16691444538711327e-03
2791 2792 1.16691444538711327e-03
2793 2793 -5.20943948833532757e-07
2846 2793 5.20943948833532757e-07
2794 2794 -1.46977773655628763e-05
2793 2794 1.46977773655628763e-05
2796 2796 -1.17482572976261912e-01
2848 2796 1.40979087571514294e-02
2795 2796 1.03384664219110481e-01
2797 2797 -6.39458264659162000e-06
2851 2797 6.37325927129829598e-06
2852 2797 2.13233752933244148e-08
2798 2798 -3.66075145427168791e-09
2853 2798 3.66075145427168791e-09
2799 2799 -1.28360588992582460e-03
2856 2799 1.28360588992582460e-03
2800 2800 -3.31015845539610917e-04
2858 2800 3.31015845539610917e-04
2801 2801 -4.95105128971389430e+00
2762 2801 2.47552564485694715e+00
2711 2801 2.47552564485694715e+00
2802 2802 -7.29628611115731837e+03
2762 2802 2.40777441668191523e+03
2711 2802 2.40777441668191523e+03
2761 2802 2.48073727779348837e+03
2803 2803 -6.93147180559945293e+05
2712 2803 3.46573590279972646e+05
2762 2803 3.46573590279972646e+05
2804 2804 -6.60140171961852644e+01
2714 2804 6.14590500096484860e+01
2763 2804 4.55496718653678379e+00
2805 2805 -4.59037867920493525e+01
2714 2805 4.50775186297924648e+01
2763 2805 8.26268162256888261e-01
2806 2806 -1.96916812659075369e+01
2765 2806 3.93833625318150737e+00
2716 2806 9.45200700763561663e+00
2764 2806 6.30133800509041198e+00
2807 2807 -2.69707074147838632e+01
2765 2807 5.39414148295677265e+00
2716 2807 2.14686831021679545e+01
2764 2807 1.07882829659135454e-01
2808 2808 -2.98770336448252261e+00
2718 2808 2.98770336448252261e+00
2809 2809 -4.33216987849965829e+00
2766 2809 8.66433975699931747e-01
2718 2809 3.33577080644473689e+00
2765 2809 1.29965096354989734e-01
2810 2810 -1.08304246962491457e+00
2767 2810 5.41521234812457286e-01
2720 2810 5.41521234812457286e-01
2811 2811 -2.46671594505318570e+00
2767 2811 3.45340232307446038e-01
2720 2811 1.77603548043829362e+00
2766 2811 3.45340232307446038e-01
2812 2812 -7.70163533955494750e-01
2768 2812 7.30115030189808945e-01
2722 2812 4.00485037656857223e-02
2813 2813 -8.54682096867996566e-01
2768 2813 3.27100513384932179e-01
2722 2813 2.00480984629922532e-01
2812 2813 3.27100513384932179e-01
2814 2814 -1.98042051588555784e-01
2769 2814 4.95105128971389460e-02
2723 2814 9.90210257942778921e-02
2768 2814 4.95105128971389460e-02
2815 2815 -4.95105128971389530e-01
2769 2815 1.46439521479461154e-01
2723 2815 2.02226036501954337e-01
2768 2815 1.46439521479461154e-01
2816 2816 -1.57533450127260277e-01
2770 2816 1.54382781124715068e-01
2725 2816 3.15066900254520540e-03
2817 2817 -3.46573590279972643e-01
2770 2817 2.66861664515578967e-01
2725 2817 7.97119257643937179e-02
2818 2818 -7.70163533955494778e-02
2771 2818 7.16252086578610114e-02
2726 2818 5.39114473768846376e-03
2819 2819 -3.15066900254520554e-01
2771 2819 2.77258872223978103e-01
2726 2819 3.78080280305424649e-02
2820 2820 -8.77401494379677488e-02
2772 2820 8.73014486907779108e-02
2728 2820 4.38700747189838740e-04
2821 2821 -1.41458608277539838e-01
2772 2821 1.37922143070601327e-01
2728 2821 3.53646520693849621e-03
2822 2822 -7.70163533955494778e-02
2773 2822 7.63617143916873048e-02
2729 2822 6.54639003862170612e-04
2823 2823 -7.96720897195339478e-02
2774 2823 7.72022549382283957e-02
2730 2823 2.46983478130555255e-03
2824 2824 -2.31049060186648419e-02
2775 2824 2.30910430750536425e-02
2732 2824 1.38629436111989034e-05
2825 2825 -5.77622650466621049e-02
2776 2825 5.77622650466621049e-02
2826 2826 -8.77401494379677523e-03
2777 2826 8.77401494379677523e-03
2827 2827 -7.70163533955494761e-03
2778 2827 7.70163533955494761e-03
2828 2828 -2.35764347129233109e-03
2779 2828 2.35764347129233109e-03
2829 2829 -7.70163533955494761e-04
2781 2829 7.70163533955494761e-04
2830 2830 -1.99180224298834850e-04
2782 2830 1.26188858400530567e-04
2783 2830 7.29913459802818517e-05
2831 2831 -6.23109655303798285e-05
2784 2831 6.23109655303798285e-05
2832 2832 -1.33708946867273402e-05
2785 2832 1.33708946867273402e-05
2833 2833 -1.15709665558217361e-05
2786 2833 1.15709665558217361e-05
2834 2834 -1.01337307099407206e-04
2786 2834 7.60029803245554011e-05
2833 2834 2.53343267748518015e-05
2835 2835 -1.83372269989403500e-05
2787 2835 1.83372269989403500e-05
2836 2836 -2.28761445729354875e+01
2835 2836 2.28761445729354875e+01
2837 2837 -4.63953936117767888e-06
2788 2837 4.63953936117767888e-06
2838 2838 -1.65035042990463182e+02
2837 2838 1.65035042990463182e+02
2839 2839 -6.07767940305788199e-07
2789 2839 5.62187289640263039e-07
2790 2839 4.55806506655251395e-08
2840 2840 -5.21163293654094204e+01
2839 2840 5.21163293654094204e+01
2841 2841 -1.87337075827012228e+02
2839 2841 1.87337075827012228e+02
2842 2842 -6.81030289646553795e-07
2791 2842 6.81030289646553795e-07
2843 2843 -1.71911503115065791e-04
2842 2843 1.71911503115065791e-04
2844 2844 -6.23715204045590212e-05
2792 2844 5.70075696497669509e-05
2842 2844 5.36395075479207543e-06
2846 2846 -1.41487483274126413e-01
2845 2846 1.41487483274126413e-01
2847 2847 -1.26026760101808244e-01
2845 2847 1.26026760101808244e-01
2848 2848 -1.08666701349006642e-07
2893 2848 1.03374632993310018e-07
2795 2848 5.29206835569662310e-09
2849 2849 -7.96720897195339443e-03
2893 2849 1.39426157009184407e-06
2848 2849 7.96581471038330241e-03
2850 2850 -9.11390355619146082e-11
2848 2850 9.11390355619146082e-11
2852 2852 -7.61874341124064972e-07
2851 2852 7.61874341124064972e-07
2853 2853 -9.98656034693328310e-06
2896 2853 9.98656034693328310e-06
2854 2854 -2.17628628119292067e+01
2853 2854 2.17628628119292067e+01
2855 2855 -4.69154199534292634e-08
2896 2855 4.69154199534292634e-08
2856 2856 -7.70163533955494733e-05
2897 2856 7.70163533955494733e-05
2857 2857 -5.06686535497036030e-05
2897 2857 4.81352208722184225e-05
2856 2857 2.53343267748518049e-06
2858 2858 -1.33297534723066397e-02
2899 2858 1.33297534723066397e-02
2859 2859 -1.37529202492052644e-04
2899 2859 1.37529202492052644e-04
2860 2860 -1.99180224298834861e-03
2900 2860 1.99180224298834861e-03
2861 2861 -1.29802842801487886e-03
2900 2861 1.29478335694484183e-03
2860 2861 3.24507107003719740e-06
2862 2862 -8.66433975699931608e-02
2902 2862 8.66433975699931608e-02
2863 2863 -1.06638027778453118e-01
2903 2863 1.06638027778453118e-01
2864 2864 -2.31049060186648467e+03
2760 2864 2.31049060186648467e+03
2865 2865 -8.88650231487109409e+02
2761 2865 8.88650231487109409e+02
2866 2866 -3.46573590279972620e+02
2762 2866 3.46573590279972620e+02
2867 2867 -9.90210257942778895e+01
2763 2867 9.90210257942778895e+01
2868 2868 -4.95105128971389448e+01
2764 2868 4.95105128971389448e+01
2869 2869 -1.35911211874499092e+01
2814 2869 2.71822423748998176e-01
2765 2869 1.33192987637009104e+01
2870 2870 -7.22028313083276352e+00
2766 2870 6.78706614298279742e+00
2816 2870 4.33216987849965818e-01
2871 2871 -1.81452141507839082e+00
2818 2871 2.84630728377017084e-01
2767 2871 1.52989050524923220e+00
2872 2872 -7.79693116490377092e-01
2768 2872 5.92566768532686639e-01
2820 2872 1.87126347957690509e-01
2873 2873 -2.73971217612626605e-01
2822 2873 9.86296383405455696e-02
2769 2873 1.75341579272081022e-01
2874 2874 -1.09501924259075081e-01
2770 2874 4.38007697036300325e-02
2823 2874 6.57011545554450488e-02
2875 2875 -6.53912434490514505e-02
2824 2875 6.16639425724555129e-02
2771 2875 3.72730087659593279e-03
2876 2876 -3.28505772777225244e-02
2772 2876 2.52949445038463429e-03
2825 2876 3.03210828273378918e-02
2877 2877 -3.26956217245257252e-02
2826 2877 3.26171522323868632e-02
2773 2877 7.84694921388617373e-05
2878 2878 -1.23776282242847365e-02
2774 2878 3.70218078371694766e-05
2827 2878 1.23406055005030775e-02
2879 2879 -1.33297534723066397e-02
2775 2879 1.06552784004997722e-05
2828 2879 1.33190976673808782e-02
2880 2880 -3.85081766977747380e-03
2776 2880 1.54032706791098958e-06
2829 2880 3.84927734270956289e-03
2881 2881 -1.77730046297421874e-03
2777 2881 2.31046038775861370e-08
2830 2881 1.77727735806819994e-03
2882 2882 -1.61197018734870988e-02
2830 2882 1.61197018734870988e-02
2883 2883 -6.67771850250429037e-04
2778 2883 1.13521214542572930e-08
2831 2883 6.67760498128974799e-04
2884 2884 -6.86284337188064569e+02
2883 2884 6.86284337188064569e+02
2885 2885 -1.62940098862234434e-04
2779 2885 8.14700494311172212e-09
2832 2885 1.62931951857291313e-04
2886 2886 -3.50074333616133982e-04
2832 2886 3.46573590279972664e-04
2885 2886 3.50074333616133974e-06
2887 2887 -9.25677324465738884e-05
2781 2887 1.29594640289738548e-10
2833 2887 9.25676028517484576e-05
2888 2888 -8.19322908463292264e-05
2835 2888 8.19322908463292264e-05
2889 2889 -7.86523216866314114e-07
2784 2889 2.04496036385241668e-13
2837 2889 7.86523216866314114e-07
2890 2890 -1.77130527588660232e-05
2839 2890 1.77130527588660232e-05
2891 2891 -3.37916177804618318e-20
2786 2891 3.37916177804618318e-20
2892 2892 -2.86314661386024429e-06
2845 2892 2.83444729114689335e-06
2846 2892 2.86993227133509297e-08
2894 2894 -4.39290174512602533e-10
2851 2894 4.39290174512602533e-10
2895 2895 -1.85277986421164059e-06
2894 2895 1.85277986421164059e-06
2898 2898 -2.00063262145546234e-06
2897 2898 2.00063262145546234e-06
2900 2900 -9.67955576446591352e-06
2956 2900 9.67955576446591352e-06
2901 2901 -1.21082203221176192e-04
2957 2901 3.99571270629881444e-06
2900 2901 1.17086490514877370e-04
2903 2903 -3.75079643160143529e-04
2960 2903 3.75079643160143529e-04
2904 2904 -5.09667044529371546e-02
2903 2904 5.09667044529371546e-02
2905 2905 -1.52810224991169611e-05
2961 2905 1.52810224991169611e-05
2906 2906 -4.62098120373296856e-03
2963 2906 4.62098120373296856e-03
2907 2907 -4.37592917020167478e-06
2964 2907 4.37592917020167478e-06
2908 2908 -4.62098120373296933e+03
2803 2908 2.31049060186648467e+03
2866 2908 2.31049060186648467e+03
2909 2909 -2.38194907408915878e+03
2804 2909 2.62014398149807448e+02
2867 2909 2.11993467593935156e+03
2910 2910 -1.11797932348378276e+03
2804 2910 4.69551315863188734e+02
2867 2910 6.48428007620593917e+02
2911 2911 -3.64814305557865955e+04
2868 2911 3.64814305557865955e+04
2912 2912 -6.79556059372495383e+02
2806 2912 3.66960272061147521e+02
2868 2912 3.12595787311347863e+02
2913 2913 -1.47478123523392611e+02
2808 2913 7.22642805264623718e+01
2809 2913 7.22642805264623718e+01
2869 2913 2.94956247046785247e+00
2914 2914 -2.77258872223978088e+01
2871 2914 1.66355323334386851e+00
2810 2914 2.60623339890539398e+01
2915 2915 -4.95105128971389448e+01
2871 2915 1.98042051588555790e+00
2810 2915 4.55496718653678343e+01
2870 2915 1.98042051588555790e+00
2916 2916 -4.98667036374061290e+00
2812 2916 4.98667036374061290e+00
2917 2917 -4.25504714892538605e+00
2812 2917 4.25504714892538605e+00
2918 2918 -6.93147180559945220e+00
2814 2918 6.93147180559945220e+00
2919 2919 -4.44325115743554644e+00
2873 2919 2.66595069446132760e-01
2814 2919 4.17665608798941346e+00
2920 2920 -6.60140171961852595e-01
2874 2920 3.30070085980926298e-01
2816 2920 3.30070085980926298e-01
2921 2921 -5.09667044529371505e-01
2874 2921 2.54833522264685752e-01
2816 2921 2.54833522264685752e-01
2922 2922 -4.74108878631973540e-01
2818 2922 4.74108878631973540e-01
2923 2923 -5.87412864881309615e-01
2875 2923 2.34965145952523852e-01
2818 2923 3.52447718928785736e-01
2924 2924 -2.66595069446132815e-01
2876 2924 1.59957041667679684e-01
2820 2924 1.06638027778453132e-01
2925 2925 -2.10044600169680407e-01
2877 2925 1.63834788132350723e-01
2822 2925 4.62098120373296908e-02
2926 2926 -8.55737259950549722e-02
2878 2926 8.40333989271439818e-02
2823 2926 1.54032706791098930e-03
2927 2927 -5.05946847124047680e-02
2879 2927 4.92286282251698376e-02
2824 2927 1.36605648723492866e-03
2928 2928 -4.44325115743554669e-02
2880 2928 4.43747493093088058e-02
2825 2928 5.77622650466621016e-05
2929 2929 -1.61950275831762927e-02
2881 2929 1.61367254838768563e-02
2826 2929 5.83020992994346537e-05
2930 2930 -3.36479213864051066e-02
2883 2930 3.36479213864051066e-02
2931 2931 -1.45619155579820442e-02
2883 2931 1.01933408905874306e-02
2930 2931 4.36857466739461273e-03
2932 2932 -2.71822423748998166e-03
2828 2932 7.06738301747395220e-06
2885 2932 2.71115685447250766e-03
2933 2933 -1.07966850554508604e-03
2887 2933 1.07965986819704156e-03
2829 2933 8.63734804436068868e-09
2934 2934 -1.37529202492052633e-03
2830 2934 4.12575229847933579e-08
2888 2934 1.37525076615977880e-03
2935 2935 -3.01368339373889293e-01
2934 2935 3.01368339373889293e-01
2936 2936 -1.30683857571633729e-03
2889 2936 1.30683857571633729e-03
2937 2937 -4.02524495098690639e-04
2832 2937 1.20757308277157671e-10
2890 2937 4.02524374341342128e-04
2938 2938 -2.51687429397220519e-03
2890 2938 2.51687429397220519e-03
2939 2939 -2.69917126386271509e-04
2891 2939 2.69917126386271509e-04
2940 2940 -5.54517744447956229e+00
2939 2940 5.54517744447956229e+00
2941 2941 -6.05474476380105973e-05
2892 2941 6.05474476380105973e-05
2942 2942 -7.53420848434723123e-01
2941 2942 7.53420848434723123e-01
2943 2943 -3.89758873459258485e-05
2893 2943 3.89758873459258485e-05
2944 2944 -2.39016269158601808e+01
2943 2944 2.39016269158601808e+01
2945 2945 -4.33216987849965829e+00
2943 2945 4.33216987849965829e+00
2946 2946 -1.09088319257152229e-05
2894 2946 1.09088319257152229e-05
2947 2947 -1.77730046297421868e-01
2894 2947 5.33190138892265564e-05
2946 2947 1.77676727283532648e-01
2948 2948 -5.06419998655638322e-06
2896 2948 5.06419998655638322e-06
2949 2949 -1.15524530093324218e+00
2948 2949 1.15524530093324218e+00
2950 2950 -1.65035042990463166e+00
2948 2950 1.65035042990463166e+00
2951 2951 -4.31091973851362253e-08
2897 2951 4.31091973851362253e-08
2952 2952 -2.27261370675391899e-02
2951 2952 2.27261370675391899e-02
2953 2953 -1.30090259445859104e-06
2899 2953 1.20983941284648965e-06
2999 2953 9.10631816121013789e-08
2954 2954 -8.55737259950549722e-02
2953 2954 8.55737259950549722e-02
2955 2955 -2.00563420300910094e-05
2954 2955 2.00563420300910094e-05
2957 2957 -8.96697516895142571e-02
2956 2957 8.96697516895142571e-02
2958 2958 -2.97715371762365023e-06
3002 2958 2.97715371762365023e-06
2959 2959 -3.53104613205827650e-06
2958 2959 3.53104613205827650e-06
2960 2960 -2.55576196624288124e-06
3003 2960 2.55576196624288124e-06
2961 2961 -2.38687045647364076e-04
3005 2961 2.38687045647364076e-04
2962 2962 -1.02963039298862931e-05
3005 2962 8.64889530110448586e-06
2961 2962 1.64740862878180702e-06
2963 2963 -4.44325115743554686e-04
3006 2963 4.44325115743554686e-04
2964 2964 -2.44065908647868070e-02
3007 2964 2.44065908647868070e-02
2965 2965 -1.15524530093324210e-02
3008 2965 1.15524530093324210e-02
2966 2966 -1.74157583055262639e-02
3009 2966 1.74157583055262639e-02
2967 2967 -2.23595864696756533e-02
3010 2967 2.23595864696756533e-02
2968 2968 -1.00456113124629755e+04
2865 2968 1.00456113124629755e+04
2969 2969 -1.89903337139711039e+03
2866 2969 1.89903337139711039e+03
2970 2970 -9.90210257942778981e+02
2867 2970 9.90210257942778981e+02
2971 2971 -3.64814305557865964e+02
2868 2971 3.64814305557865964e+02
2972 2972 -6.47801103327051635e+01
2869 2972 6.47801103327051635e+01
2973 2973 -3.41451813083716900e+01
2870 2973 3.20964704298693846e+01
2920 2973 2.04871087850230138e+00
2974 2974 -5.44498963519202928e+00
2922 2974 8.16748445278804414e-01
2871 2974 4.62824118991322475e+00
2975 2975 -2.57675531806671110e+00
2872 2975 1.80372872264669759e+00
2924 2975 7.73026595420013285e-01
2976 2976 -6.41802944962912236e-01
2925 2976 3.00684679715124414e-01
2876 2976 9.62704417444368342e-04
2873 2976 3.40155560830343484e-01
2977 2977 -2.68661697891451667e-01
2874 2977 1.28957614987896790e-01
2926 2977 1.39704082903554877e-01
2978 2978 -1.92540883488873688e-01
2824 2978 1.73286795139986302e-08
2927 2978 1.40535571604440551e-01
2878 2978 1.92540883488873683e-05
2875 2978 5.19860385419958979e-02
2979 2979 -6.40025097469940213e-02
2876 2979 9.72838148154309135e-03
2928 2979 5.42741282654509299e-02
2980 2980 -7.37390617616962979e-02
2929 2980 6.51113998140172567e-02
2877 2980 8.62747022611846763e-03
2880 2980 1.91721560580410394e-07
2981 2981 -2.24319475909367412e-02
2878 2981 2.48994618259397828e-04
2930 2981 2.21829529726773438e-02
2982 2982 -1.41170505205691493e-02
2879 2982 8.47023031234148973e-04
2932 2982 1.32700274893349998e-02
2983 2983 -3.20901472481456146e-02
2879 2983 9.62704417444368417e-06
2932 2983 1.47566542120597596e-02
2982 2983 1.73238659919114114e-02
2984 2984 -8.37134276038581371e-03
2880 2984 1.33941484166173029e-06
2933 2984 8.37000334554415144e-03
2985 2985 -4.81352208722184236e-03
2881 2985 5.77622650466621035e-09
2934 2985 4.81351631099533744e-03
2986 2986 -6.08023842596443209e-03
2881 2986 2.24968821760683993e-08
2934 2986 6.08021592908225550e-03
2987 2987 -3.55460092594843749e-03
2883 2987 1.31520234260092184e-09
2936 2987 3.55460092594843749e-03
2988 2988 -1.52005960649110802e-03
2885 2988 4.56017729941371727e-10
2937 2988 1.52005915047322615e-03
2989 2989 -1.34330848945725823e-03
2885 2989 4.02992412506328516e-10
2937 2989 1.34330808646471156e-03
2990 2990 -5.77622650466621070e-04
2939 2990 5.77622650466621070e-04
2991 2991 -2.35764347129233088e-04
2941 2991 2.35764347129233088e-04
2992 2992 -2.27410492309693330e-04
2941 2992 2.27410492309693330e-04
2993 2993 -3.96991512348193190e-05
2943 2993 3.96991512348193190e-05
2994 2994 -5.06686535497036030e-05
2946 2994 5.06686535497036030e-05
2995 2995 -1.63170240244808196e-05
2946 2995 1.51421982947182022e-05
2994 2995 1.17482572976261892e-06
2996 2996 -4.94695238630809692e-11
2948 2996 4.94695238630809692e-11
2997 2997 -1.82849841869775576e-05
2951 2997 1.78840273967286779e-05
2952 2997 4.00956790248881270e-07
2998 2998 -4.62838662232869408e-06
2951 2998 2.11980107302654177e-06
2997 2998 2.50858554930215232e-06
3000 3000 -3.00188468177227448e-06
2956 3000 3.00188468177227448e-06
3001 3001 -8.08995308776780256e-06
2957 3001 6.95735965548030935e-07
3000 3001 7.39421712221977152e-06
3004 3004 -2.70739465885456337e-04
3003 3004 2.70739465885456337e-04
3008 3008 -1.72179594259103150e-07
3066 3008 1.72179594259103150e-07
3010 3010 -2.24755895123198877e-03
3068 3010 2.24755895123198877e-03
3011 3011 -6.35914844550408475e+02
3010 3011 6.35914844550408475e+02
3012 3012 -1.38851598669860834e-03
3069 3012 1.38851598669860834e-03
3013 3013 -3.98360448597669722e-03
3071 3013 3.98360448597669722e-03
3014 3014 -2.78372361670660743e-04
3073 3014 2.78372361670660743e-04
3015 3015 -1.89903337139711026e-02
3074 3015 1.89903337139711026e-02
3016 3016 -4.74758342849277565e-03
3075 3016 4.74758342849277565e-03
3017 3017 -1.15524530093324216e+02
2972 3017 1.15524530093324216e+02
3018 3018 -3.85081766977747435e+01
2914 3018 2.81109689893755608e+01
2973 3018 1.03972077083991810e+01
3019 3019 -1.15524530093324227e+01
2975 3019 5.77622650466621135e+00
2916 3019 5.77622650466621135e+00
3020 3020 -3.01368339373889249e+00
2918 3020 3.01368339373889249e+00
3021 3021 -4.07733635623497264e+02
2918 3021 4.07733635623497264e+02
3022 3022 -6.35914844550408476e-01
2977 3022 5.91400169517035335e-01
2920 3022 4.45140391185285950e-02
3821 3022 6.35914844550408445e-07
3023 3023 -2.16608493924982881e-01
2978 3023 1.94947644532484587e-01
2922 3023 2.16608493924982902e-02
3024 3024 -4.95105128971389490e+02
3023 3024 4.95105128971389490e+02
3025 3025 -2.23595864696756547e-01
2979 3025 2.14652030108886283e-01
2924 3025 8.94383458787026235e-03
3026 3026 -1.00456113124629751e-01
2980 3026 5.02280565623148753e-02
2925 3026 5.02280565623148753e-02
3027 3027 -1.30046375339576983e+01
2980 3027 6.37227239163927184e+00
2925 3027 2.60092750679153994e-01
3026 3027 6.37227239163927184e+00
3028 3028 -6.30133800509041220e-02
2981 3028 6.16900990698351359e-02
2926 3028 1.32328098106898671e-03
3029 3029 -3.55460092594843749e-02
2982 3029 3.55460092594843749e-02
3030 3030 -3.59143616870437998e-01
2927 3030 3.59143616870438026e-03
3029 3030 3.55552180701733611e-01
3031 3031 -2.52053520203616467e-02
2984 3031 2.52038396992404247e-02
2928 3031 1.51223038195442560e-06
3032 3032 -2.39016269158601830e-01
3031 3032 2.39016269158601830e-01
3033 3033 -1.35911211874499074e-02
2985 3033 1.35911211874499074e-02
3034 3034 -4.44325115743554669e-02
2985 3034 2.21829314034969680e-02
2929 3034 6.66487673615332056e-05
3033 3034 2.21829314034969680e-02
3035 3035 -9.76263634591472210e-03
2987 3035 9.76263634591472210e-03
3036 3036 -9.76263634591472210e-03
2987 3036 9.76263634591472210e-03
3037 3037 -1.69060287941450049e+01
3035 3037 1.69060287941450049e+01
3038 3038 -5.02280565623148753e-03
2988 3038 5.02280565623148753e-03
3039 3039 -8.25175214952315883e-03
2988 3039 8.25175214952315883e-03
3040 3040 -3.12228459711687062e-03
2990 3040 3.12228459711687062e-03
3041 3041 -4.44325115743554686e-03
2990 3041 4.44325115743554686e-03
3042 3042 -5.77622650466621070e-04
2991 3042 5.77622650466621070e-04
3043 3043 -2.21311360332038720e-03
2991 3043 2.21311360332038720e-03
3044 3044 -1.20338052180546059e-03
2993 3044 1.20338052180546059e-03
3045 3045 -1.06967157493818724e-03
2993 3045 1.06967157493818724e-03
3046 3046 -5.34835787469093620e-04
2994 3046 5.34835787469093620e-04
3047 3047 -5.47509621295375407e-03
2994 3047 1.36877405323843852e-03
3046 3047 4.10632215971531555e-03
3048 3048 -3.50074333616133982e-04
2996 3048 3.50074333616133982e-04
3049 3049 -3.52208933211354289e-04
2996 3049 3.52208933211354289e-04
3050 3050 -1.65983520249029051e-04
2997 3050 1.65377862981992371e-04
2998 3050 6.05655607201479582e-07
3051 3051 -1.92540883488873688e-01
3050 3051 1.92540883488873688e-01
3052 3052 -1.04641784504822652e-04
2999 3052 1.04641784504822652e-04
3053 3053 -1.36553818077215377e-04
2999 3053 1.31364772990281184e-04
3052 3053 5.18904508693418424e-06
3054 3054 -6.77960857355189035e-05
3000 3054 6.77960857355189035e-05
3055 3055 -1.28360588992582447e+00
3054 3055 1.28360588992582447e+00
3056 3056 -3.63284685828063543e-05
3002 3056 3.63284685828063543e-05
3057 3057 -1.02963039298862934e-04
3002 3057 5.75563389680643878e-05
3056 3057 4.54067003307985533e-05
3058 3058 -2.15933701109017235e+01
3056 3058 1.07966850554508618e+01
3057 3058 1.07966850554508618e+01
3059 3059 -2.59489061305759679e-05
3003 3059 2.59489061305759679e-05
3060 3060 -2.44065908647868035e+01
3059 3060 2.44065908647868035e+01
3061 3061 -7.37704534440129118e-06
3005 3061 7.37704534440129118e-06
3062 3062 -2.03866817811748611e+01
3061 3062 2.03866817811748611e+01
3063 3063 -2.63717104399885727e-06
3006 3063 2.63717104399885727e-06
3064 3064 -3.44849343562161835e+02
3063 3064 3.44849343562161835e+02
3065 3065 -6.51708920555353661e-07
3007 3065 6.51708920555353661e-07
3067 3067 -5.80610861031396026e-09
3118 3067 5.63657023889279222e-09
3009 3067 1.69538371421167630e-10
3069 3069 -2.74927487133089492e-03
3122 3069 2.74927487133089492e-03
3070 3070 -3.08889117896588798e-03
3069 3070 3.08889117896588798e-03
3071 3071 -2.42189790552042395e-03
3123 3071 2.42189790552042395e-03
3072 3072 -5.21163293654094195e-01
3071 3072 5.21163293654094195e-01
3073 3073 -3.78396757593593876e-03
3125 3073 3.78396757593593876e-03
3074 3074 -5.25111500424201016e-03
3126 3074 5.25111500424201016e-03
3075 3075 -8.88650231487109372e-03
3127 3075 8.88574696217432972e-03
3126 3075 7.55352696764043025e-07
3076 3076 -1.15524530093324210e-02
3128 3076 1.15524530093324210e-02
3077 3077 -1.03454803068648554e-02
3129 3077 1.03454803068648554e-02
3078 3078 -3.01368339373889239e+03
2971 3078 3.01368339373889239e+03
3079 3079 -2.31049060186648433e+02
2972 3079 2.31049060186648433e+02
3080 3080 -1.54032706791098974e+02
2973 3080 1.54032706791098974e+02
3081 3081 -1.92540883488873718e+01
2974 3081 1.92540883488873718e+01
3082 3082 -1.54032706791098963e+01
2974 3082 1.54032706791098963e+01
3083 3083 -1.20547335749555700e+01
3025 3083 2.41094671499111401e-01
2975 3083 1.18136389034564591e+01
3084 3084 -1.29560220665410331e+00
3026 3084 1.29560220665410342e-01
2976 3084 1.16604198598869302e+00
3085 3085 -1.67023417002396468e+00
2976 3085 1.67023417002396468e+00
3086 3086 -1.41458608277539866e+00
2977 3086 1.13166886622031893e+00
3028 3086 2.82917216555079731e-01
3087 3087 -1.10023361993642113e-01
3029 3087 7.26154189158037949e-02
2978 3087 3.74079430778383182e-02
3088 3088 -1.61197018734870995e-01
3029 3088 8.05985093674354974e-02
2978 3088 8.05985093674354974e-02
3089 3089 -1.43806468995839265e-01
2979 3089 5.75225875983357074e-02
3031 3089 8.62838813975035507e-02
3090 3090 -4.56017881947332476e-02
3033 3090 4.24096630211019260e-02
2980 3090 3.19212517363132772e-03
3091 3091 -3.78768951125653119e-02
3033 3091 3.33316676990574740e-02
2980 3091 4.54522741350783712e-03
3092 3092 -2.76154255203165423e-02
2981 3092 2.56823457338943833e-03
3035 3092 2.50471909469271031e-02
3093 3093 -1.77730046297421874e-02
3038 3093 1.77019126112232181e-02
2982 3093 7.10920185189687509e-05
3094 3094 -1.38629436111989066e-02
3038 3094 1.38629436111989066e-02
3095 3095 -9.76263634591472210e-03
2984 3095 3.90505453836588890e-05
3040 3095 9.72358580053106318e-03
3096 3096 -8.68605489423490348e-03
3042 3096 8.68518628874547990e-03
2985 3096 8.68605489423490363e-07
3097 3097 -5.29929037125340379e-03
3042 3097 5.29823051317915295e-03
2985 3097 1.05964610263583072e-06
3098 3098 -3.30070085980926345e-03
2987 3098 1.94749305417818682e-07
3044 3098 3.30050611845853457e-03
3099 3099 -5.77622650466621049e-03
3046 3099 5.77622650466621049e-03
3100 3100 -1.99180224298834861e-03
3046 3100 1.99180224298834861e-03
3101 3101 -9.62704417444368451e-04
2990 3101 7.02774224734389045e-11
3048 3101 9.62704417444368451e-04
3102 3102 -7.70163533955494761e-04
3050 3102 7.70163533955494761e-04
3103 3103 -7.70163533955494761e-04
3050 3103 3.84370366921432671e-04
3051 3103 3.85793090017708671e-04
3104 3104 -3.12228459711687072e-04
3052 3104 3.12228459711687072e-04
3105 3105 -1.44405662616655262e-03
3054 3105 1.44405662616655262e-03
3106 3106 -2.68661697891451668e-04
3054 3106 2.17615975292075856e-04
3105 3106 5.10457225993758194e-05
3107 3107 -8.02253681203640376e-05
3056 3107 8.02253681203640376e-05
3108 3108 -1.28360588992582460e-04
3059 3108 1.28360588992582460e-04
3109 3109 -9.46922377814132950e-04
3059 3109 6.62845664469893076e-05
3108 3109 8.80637811367143697e-04
3110 3110 -8.95538992971505595e-06
3061 3110 8.95538992971505595e-06
3111 3111 -2.06367506418942850e-05
3063 3111 2.06367506418942850e-05
3112 3112 -1.14004470486833119e-02
3111 3112 1.14004470486833119e-02
3113 3113 -4.18372604863647518e-13
3065 3113 4.18372604863647518e-13
3114 3114 -5.43900800816027389e-05
3065 3114 5.16705760775226023e-06
3113 3114 4.92230224738504779e-05
3115 3115 -3.70841455101836864e-06
3066 3115 3.70841455101836864e-06
3116 3116 -1.11617903471810831e-01
3115 3116 1.11617903471810831e-01
3117 3117 -1.44405662616655284e+00
3116 3117 1.44405662616655284e+00
3118 3118 -1.57533450127260302e-25
3005 3118 1.57533450127260302e-25
3119 3119 -1.72605005368779631e-04
3118 3119 1.72605005368779631e-04
3120 3120 -1.26962589809238507e-15
3068 3120 1.26962589809238507e-15
3121 3121 -1.24891383884674823e+02
3120 3121 1.24891383884674823e+02
3124 3124 -8.59984094987525149e-01
3123 3124 8.59984094987525149e-01
3126 3126 -5.91887130307020308e-05
3183 3126 5.91887130307020308e-05
3127 3127 -9.89392313183294350e-10
3012 3127 1.87984539504825954e-17
3184 3127 9.89392313183294350e-10
3128 3128 -3.20012548734970113e-04
3186 3128 3.20012548734970113e-04
3129 3129 -1.80959476963227154e-05
3187 3129 1.80959476963227154e-05
3130 3130 -1.13259343228749236e-03
3190 3130 1.13259343228749236e-03
3131 3131 -4.31061679452702270e-04
3191 3131 4.31061679452702270e-04
3132 3132 -1.92540883488873694e-02
3192 3132 1.92540883488873694e-02
3133 3133 -5.33190138892265608e+01
3022 3133 5.33190138892265608e+01
3134 3134 -1.05022300084840197e+02
3022 3134 1.05022300084840197e+02
3135 3135 -1.19508134579300913e+04
3023 3135 1.19508134579300918e+03
3086 3135 1.07557321121370824e+04
3136 3136 -4.62098120373296908e+01
3025 3136 4.62098120373296908e+01
3137 3137 -7.07293041387699333e+01
3025 3137 7.07293041387699333e+01
3138 3138 -2.16608493924982888e+01
3026 3138 2.16608493924982888e+01
3139 3139 -2.23595864696756553e+03
3090 3139 1.11797932348378276e+03
3026 3139 1.11797932348378276e+03
3140 3140 -1.15524530093324227e+01
3028 3140 1.15524530093324227e+01
3141 3141 -2.61564973796205757e+00
3028 3141 2.61564973796205757e+00
3142 3142 -1.02840827976253002e+00
3093 3142 5.14204139881265010e-01
3029 3142 5.14204139881265010e-01
3143 3143 -1.38629436111989065e+02
3093 3143 6.93147180559945326e+01
3029 3143 6.93147180559945326e+01
3144 3144 -1.10023361993642113e-01
3095 3144 1.10023361993642124e-02
3031 3144 9.90210257942779060e-02
3145 3145 -1.11797932348378273e-01
3095 3145 3.35393797045134834e-02
3031 3145 7.82585526438647899e-02
3146 3146 -5.58989661741891367e-02
3096 3146 2.73904934253526751e-02
3033 3146 2.85084727488364616e-02
3147 3147 -5.54517744447956229e+00
3033 3147 3.77072066224610269e+00
3146 3147 1.77445678223346004e+00
3148 3148 -2.00331555075128689e-02
3098 3148 1.76291768466113261e-02
3035 3148 2.40397866090154419e-03
3149 3149 -1.75037166808066982e-02
3098 3149 1.57533450127260305e-02
3035 3149 1.75037166808066991e-03
3150 3150 -1.08985405748419067e-02
3099 3150 1.05170916547224404e-02
3038 3150 3.81448920119466781e-04
3151 3151 -2.16608493924982881e-01
3099 3151 3.46573590279972629e-02
3038 3151 1.81951134896985611e-01
3152 3152 -7.29628611115731851e-03
3101 3152 7.26272319504599456e-03
3040 3152 3.35629161113236638e-05
3153 3153 -5.54517744447956262e-03
3101 3153 5.54517744447956262e-03
3154 3154 -6.02736678747778538e-03
3101 3154 6.01531205390283021e-03
3040 3154 1.20547335749555717e-05
3155 3155 -3.78768951125653180e-03
3042 3155 1.13630685337695953e-06
3102 3155 3.78655320440315479e-03
3156 3156 -7.96720897195339443e-03
3042 3156 2.62917896074462039e-03
3102 3156 5.33803001120877491e-03
3157 3157 -2.25047785896086150e-03
3104 3157 2.25045085322655384e-03
3044 3157 2.70057343075303381e-08
3158 3158 -1.15524530093324218e+00
3104 3158 5.77622650466621090e-01
3157 3158 5.77622650466621090e-01
3159 3159 -2.88811325233310524e-03
3104 3159 2.14297136889140703e-03
3045 3159 1.09748303588657999e-08
3157 3159 7.45133219101941162e-04
3160 3160 -1.23820503851365736e-03
3046 3160 1.23820380030861870e-09
3105 3160 1.23820380030861886e-03
3161 3161 -2.29215337486754402e-03
3046 3161 1.26068435617714939e-03
3105 3161 1.02459255856579209e-03
3160 3161 6.87646012460263252e-06
3162 3162 -1.12159737954683710e-03
3107 3162 1.12159737954683710e-03
3163 3163 -9.95901121494174304e-04
3107 3163 9.95901121494174304e-04
3164 3164 -9.00191143584344461e-02
3162 3164 9.00191143584344461e-02
3165 3165 -4.27868629975274885e-04
3108 3165 4.27868629975274885e-04
3166 3166 -4.67710648151110182e-04
3050 3166 4.67710648151110180e-08
3108 3166 4.62986770604783952e-04
3165 3166 4.67710648151110199e-06
3167 3167 -3.17375082673967610e-04
3110 3167 3.17375082673967610e-04
3168 3168 -3.72659774494594228e-04
3110 3168 3.72659774494594228e-04
3169 3169 -1.73286795139986305e+00
3167 3169 1.73286795139986305e+00
3170 3170 -1.12159737954683697e-04
3111 3170 6.14313129064522970e-05
3112 3170 5.07284250482314134e-05
3171 3171 -2.00912226249259511e-04
3054 3171 6.02736678747778503e-07
3111 3171 1.84839248149318758e-04
3170 3171 1.54702414211929828e-05
3172 3172 -1.12597007888230223e-04
3113 3172 1.12597007888230223e-04
3173 3173 -1.63725241061967441e-05
3115 3173 1.29805791695436444e-05
3116 3173 3.39194329940068737e-06
3174 3174 -2.27261370675391916e+00
3173 3174 2.27261370675391916e+00
3175 3175 -1.71605065498104879e-05
3118 3175 1.71605065498104879e-05
3176 3176 -5.33190138892265608e+01
3175 3176 5.33190138892265608e+01
3177 3177 -6.47801103327051692e+02
3176 3177 6.47801103327051692e+02
3178 3178 -5.24006323451104066e-07
3120 3178 5.24006323451104066e-07
3179 3179 -1.28504514048316584e-06
3122 3179 1.28504514048316584e-06
3180 3180 -6.96180928190721986e-10
3123 3180 6.96180928190721986e-10
3181 3181 -5.96861485688652015e-14
3125 3181 5.96861485688652015e-14
3182 3182 -2.68661697891451695e+02
3181 3182 2.68661697891451695e+02
3183 3183 -1.15602754623953087e-27
3068 3183 1.15602754623953087e-27
3184 3184 -1.60066576457230722e-06
3069 3184 2.11287880923544558e-12
3229 3184 1.60066368370681327e-06
3185 3185 -7.22516764520957771e-15
3069 3185 7.22516764520957771e-15
3186 3186 -5.39834252772543061e-03
3071 3186 5.38344310234890877e-03
3230 3186 1.48994253765221879e-05
3187 3187 -1.90791957214408292e-04
3073 3187 6.85706294228583457e-05
3232 3187 1.22221327791549947e-04
3188 3188 -4.62098120373296867e-04
3125 3188 1.38629436111989055e-04
3073 3188 3.09605740650108912e-04
3232 3188 1.38629436111989051e-05
3189 3189 -1.65035042990463172e-03
3232 3189 1.65035042990463172e-03
3190 3190 -2.53398837669059445e-04
3074 3190 5.57477442871930754e-06
3234 3190 2.47824063240340107e-04
3191 3191 -5.80525276850875479e-04
3075 3191 1.21910308138683847e-07
3235 3191 5.80403366542736761e-04
3192 3192 -1.50031857264057412e-03
3236 3192 1.50031857264057412e-03
3193 3193 -1.90425049604380572e-02
3236 3193 9.52125248021902862e-03
3192 3193 9.52125248021902862e-03
3194 3194 -5.13442355970329840e-03
3237 3194 5.13442355970329840e-03
3195 3195 -7.03702721380655098e-03
3238 3195 7.03702721380655098e-03
3196 3196 -2.10044600169680407e-02
3239 3196 2.10044600169680407e-02
3197 3197 -1.63093454249398906e+03
3140 3197 1.63093454249398906e+03
3198 3198 -1.98042051588555779e+02
3087 3198 1.98042051588555779e+02
3199 3199 -2.82917216555079733e+02
3089 3199 2.82917216555079733e+02
3200 3200 -3.15066900254520590e+01
3090 3200 3.15066900254520590e+01
3201 3201 -7.45319548989188529e+00
3090 3201 7.45319548989188529e+00
3202 3202 -2.08779271252995571e+01
3092 3202 2.08779271252995571e+01
3203 3203 -1.87337075827012245e+00
3093 3203 1.87337075827012245e+00
3204 3204 -1.85830343313658264e+00
3093 3204 1.85830343313658264e+00
3205 3205 -1.76823260346924815e+00
3095 3205 1.76823260346924815e+00
3206 3206 -1.49385168224126147e-01
3155 3206 3.73462920560315367e-02
3096 3206 1.12038876168094603e-01
3207 3207 -3.61014156541638209e-01
3155 3207 3.61014156541638251e-02
3096 3207 3.24912740887474405e-01
3208 3208 -1.19508134579300915e-01
3098 3208 1.17117971887714889e-01
3157 3208 2.39016269158601842e-03
3209 3209 -8.25175214952315883e-03
3099 3209 3.63077094579018983e-03
3160 3209 4.62098120373296943e-03
3210 3210 -2.16608493924982902e-02
3099 3210 1.81940304472289378e-02
3160 3210 3.46465286033010179e-03
3209 3210 2.16608493924982898e-06
3211 3211 -6.52680960979232835e-03
3101 3211 3.72028147758162678e-03
3162 3211 2.80652813221070113e-03
3212 3212 -2.11196581523444629e-03
3102 3212 1.58397436142583456e-04
3165 3212 1.95356837909186308e-03
3213 3213 -2.77037242430034107e-03
3102 3213 6.64889381832081791e-04
3165 3213 2.03622373186075059e-03
3212 3213 6.92593106075085267e-05
3214 3214 -1.00368835876041892e-03
3104 3214 1.11409407822406505e-04
3167 3214 8.92278950938012400e-04
3215 3215 -7.40541859572591108e-04
3105 3215 1.18486697531614585e-05
3170 3215 2.88550728552926911e-04
3171 3215 4.40142387212316764e-04
3216 3216 -1.28933627336299335e-03
3105 3216 3.09440705607118421e-05
3170 3216 5.33785217172279237e-04
3215 3216 7.24606985630002346e-04
3217 3217 -2.59023610074717947e-04
3107 3217 4.97325331343458448e-06
3172 3217 2.54050356761283353e-04
3218 3218 -3.14780735949112326e-04
3108 3218 3.46258809544023585e-07
3173 3218 3.14434477139568299e-04
3219 3219 -1.54032706791098952e-02
3218 3219 1.54032706791098952e-02
3220 3220 -5.45441596285761162e-05
3110 3220 3.59991453548602342e-07
3175 3220 5.41841681750275081e-05
3221 3221 -1.10655680166019363e-04
3111 3221 4.42622720664077440e-08
3178 3221 1.10611417893952964e-04
3222 3222 -1.07464679156580678e+03
3221 3222 1.07464679156580678e+03
3223 3223 -1.20757348529607196e+01
3221 3223 1.20757348529607196e+01
3224 3224 -9.11651910458682245e-07
3113 3224 4.96850291199981821e-08
3179 3224 8.61966881338684109e-07
3225 3225 -3.31967040498058061e-05
3115 3225 6.97130785045921979e-09
3180 3225 3.31897327419553449e-05
3226 3226 -2.48439849663062817e-01
3225 3226 2.48439849663062817e-01
3227 3227 -7.57919595529579557e-09
3118 3227 7.57889278745758294e-09
3181 3227 3.03167838211831855e-13
3228 3228 -2.15337999726595985e-10
3120 3228 2.14304377327908314e-10
3183 3228 1.03362239868766055e-12
3229 3229 -5.79763426920525124e-08
3122 3229 5.79763426920525124e-08
3230 3230 -1.34330848945725823e+00
3123 3230 1.34330848945725823e+00
3231 3231 -2.75058404984105283e-02
3123 3231 2.46137884097180496e-03
3124 3231 2.50400601728421671e-02
3230 3231 4.40093447974568451e-06
3232 3232 -2.31821799518376356e+06
3125 3232 2.31821799518376356e+06
3233 3233 -1.53691170855863694e-02
3125 3233 1.53583587036264582e-02
3232 3233 1.07583819599104584e-05
3234 3234 -1.65035042990463175e+05
3126 3234 1.65035042990463175e+05
3235 3235 -4.21878989993880259e+03
3127 3235 4.21878989993880259e+03
3236 3236 -3.89189882403113586e+02
3275 3236 8.95136729527161272e-04
3128 3236 3.89188987266384061e+02
3237 3237 -4.78032538317203670e+00
3129 3237 4.78032538317203670e+00
3238 3238 -4.53037372914996905e-01
3130 3238 4.53037372914996905e-01
3239 3239 -3.72900355369025884e-03
3131 3239 3.72825775297952076e-03
3278 3239 7.45800710738051838e-07
3240 3240 -2.31049060186648462e+06
3279 3240 2.31049060186648462e+06
3241 3241 -2.31049060186648462e+06
3280 3241 2.31049060186648462e+06
3242 3242 -2.43209537038577288e+01
3142 3242 2.43209537038577288e+01
3243 3243 -1.73286795139986332e+01
3205 3243 8.66433975699931658e+00
3144 3243 8.66433975699931658e+00
3244 3244 -2.77258872223978114e+00
3205 3244 9.24196148326969613e-01
3144 3244 9.24196148326969613e-01
3243 3244 9.24196425585841919e-01
3245 3245 -2.11325359926812562e+00
3146 3245 2.11325359926812562e+00
3246 3246 -4.71528694258466174e+00
3146 3246 4.71528694258466174e+00
3247 3247 -1.78646180556686929e+00
3208 3247 8.75366284727766009e-02
3148 3247 1.69892517709409252e+00
3248 3248 -6.30133800509041175e+04
3247 3248 6.30133800509041175e+04
3249 3249 -1.78646180556686929e+00
3150 3249 1.71678979514976127e+00
3209 3249 6.96720104171078963e-02
3250 3250 -3.46573590279972643e-01
3150 3250 1.73286795139986322e-01
3209 3250 1.73286795139986322e-01
3251 3251 -1.65035042990463149e-01
3211 3251 1.65035042990463142e-02
3152 3251 1.48531538691416831e-01
3252 3252 -6.93147180559945286e-01
3211 3252 1.10903548889591252e-01
3152 3252 5.82243631670353978e-01
3253 3253 -9.85984609615853796e-02
3155 3253 8.87386148654268486e-02
3212 3253 9.85984609615853796e-03
3254 3254 -1.61197018734870988e-02
3214 3254 7.73745689927380752e-03
3157 3254 8.38224497421329214e-03
3255 3255 -1.47478123523392610e-02
3214 3255 8.40625304083337729e-03
3157 3255 6.34155931150588194e-03
3256 3256 -8.77401494379677488e-02
3214 3256 3.92637168734905687e-02
3157 3256 9.21271569098661321e-03
3254 3256 3.92637168734905687e-02
3257 3257 -8.13553028826226841e-03
3160 3257 5.77622650466621049e-03
3215 3257 2.35930378359605749e-03
3258 3258 -3.76710424217361565e-03
3217 3258 2.37327567256937801e-03
3162 3258 1.39382856960423786e-03
3259 3259 -3.80850099208761153e-03
3217 3259 3.47716140577598951e-03
3162 3259 3.31339586311622184e-04
3260 3260 -1.50684169686944625e+00
3162 3260 1.50684169686944635e-03
3258 3260 1.50533485517257670e+00
3261 3261 -1.56114229855843531e-03
3165 3261 4.83954112553114922e-04
3218 3261 1.07718818600532028e-03
3262 3262 -1.25297754981913462e-03
3220 3262 1.20398612762120634e-03
3167 3262 4.89914221979281675e-05
3263 3263 -6.41802944962912303e+00
3262 3263 6.41802944962912303e+00
3264 3264 -4.29459219677785168e-04
3170 3264 4.29459219677785195e-05
3221 3264 3.86513297710006662e-04
3265 3265 -3.77531144095830768e-04
3172 3265 3.39778029686247647e-06
3224 3265 3.74133363798968290e-04
3266 3266 -1.06967157493818721e-04
3173 3266 9.19917554446840939e-06
3225 3266 9.77679819493503102e-05
3267 3267 -1.18123241404216990e-04
3175 3267 6.49677827723193379e-07
3227 3267 1.17473563576493800e-04
3268 3268 -3.55898121051522511e-05
3178 3268 1.45918229631124235e-06
3228 3268 3.41306298088410050e-05
3269 3269 -2.37704794430708269e-05
3179 3269 4.15983390253739491e-08
3229 3269 2.37288811040454518e-05
3270 3270 -2.66898923605314237e-05
3180 3270 1.11563750067021350e-05
3230 3270 1.55335173538292869e-05
3271 3271 -2.20747509732466662e+00
3181 3271 2.20747509732466662e+00
3272 3272 -5.82476622319281745e+00
3181 3272 5.82476622319281745e+00
3273 3273 -5.54517744447956234e+06
3183 3273 5.54517744447956234e+06
3274 3274 -1.24219924831531406e+06
3184 3274 1.24219924831531406e+06
3275 3275 -6.93147180559945264e+03
3186 3275 6.93147180559945264e+03
3276 3276 -2.31049060186648467e+03
3187 3276 2.31049060186648467e+03
3277 3277 -2.14596650328156429e+01
3190 3277 2.14581628562633462e+01
3311 3277 1.50217655229709481e-03
3278 3278 -4.62098120373296839e-01
3191 3278 4.61636022252923550e-01
3312 3278 4.62098120373296867e-04
3279 3279 -1.23776282242847365e-02
3192 3279 1.20062993775561944e-02
3313 3279 3.71328846728542078e-04
3280 3280 -3.11386873566911644e-03
3194 3280 2.49109498853529302e-04
3314 3280 2.86475923681558725e-03
3281 3281 -5.02280565623148753e-03
3315 3281 5.02280565623148753e-03
3282 3282 -1.28360588992582469e-02
3316 3282 1.28360588992582469e-02
3283 3283 -1.38629436111989066e-02
3317 3283 1.38629436111989066e-02
3284 3284 -1.06638027778453122e+02
3200 3284 1.06638027778453122e+02
3285 3285 -1.38629436111989065e+02
3200 3285 1.38629436111989065e+02
3286 3286 -1.50684169686944642e+02
3202 3286 1.50684169686944642e+02
3287 3287 -1.05022300084840197e+01
3203 3287 1.05022300084840197e+01
3288 3288 -3.30070085980926322e+01
3203 3288 3.30070085980926322e+01
3289 3289 -1.06638027778453122e+01
3205 3289 1.06638027778453122e+01
3290 3290 -1.17482572976261923e+00
3253 3290 7.04895437857571555e-02
3206 3290 1.10433618597686212e+00
3291 3291 -2.23595864696756541e+00
3253 3291 6.70787594090269668e-02
3206 3291 2.16887988755853822e+00
3292 3292 -6.44788074939483979e-01
3208 3292 5.54517744447956207e-01
3254 3292 9.02703304915277588e-02
3293 3293 -9.90210257942778921e-02
3209 3293 4.95105128971389460e-02
3257 3293 4.95105128971389460e-02
3294 3294 -1.82407152778932991e-01
3209 3294 9.12035763894664953e-02
3257 3294 9.12035763894664953e-02
3295 3295 -7.14584722226747765e-02
3211 3295 5.57376083336863296e-02
3258 3295 1.57208638889884504e-02
3296 3296 -1.57533450127260305e-02
3212 3296 1.03972077083991799e-02
3261 3296 5.35613730432685058e-03
3297 3297 -2.57675531806671118e-02
3212 3297 1.93256648855003321e-02
3261 3297 6.44188829516677795e-03
3298 3298 -9.87389146096788115e-03
3214 3298 7.20794076650655303e-03
3262 3298 2.66595069446132812e-03
3299 3299 -4.07733635623497206e-03
3215 3299 1.00302474363380312e-03
3264 3299 3.07431161260116916e-03
3300 3300 -2.03746966654892812e-03
3217 3300 1.26323119326033533e-03
3265 3300 7.74238473288592680e-04
3301 3301 -1.24891383884674829e-03
3218 3301 2.62271906157817141e-04
3266 3301 9.86641932688931203e-04
3302 3302 -4.74433388473610718e-04
3220 3302 2.94148700853638623e-04
3267 3302 1.80284687619972067e-04
3303 3303 -4.01126840601820215e-04
3221 3303 6.81915629023094387e-05
3268 3303 3.32935277699510763e-04
3304 3304 -8.02253681203640376e-05
3224 3304 7.70163533955494733e-05
3269 3304 3.20901472481456167e-06
3305 3305 -1.31877317458132662e-05
3225 3305 3.61343849835283506e-06
3270 3305 9.57429324746043158e-06
3306 3306 -4.83366234700101306e-04
3227 3306 4.83366234700101306e-04
3307 3307 -2.77258872223978088e+01
3228 3307 2.77258872223978088e+01
3308 3308 -2.56721177985164896e+06
3229 3308 2.56721177985164896e+06
3309 3309 -3.01368339373889263e+05
3230 3309 3.01368339373889263e+05
3310 3310 -1.54032706791098935e+04
3232 3310 1.54032706791098935e+04
3311 3311 -1.28360588992582461e+03
3234 3311 1.28360588992582461e+03
3312 3312 -1.98042051588555772e+01
3235 3312 1.98042051588555772e+01
3313 3313 -1.75037166808066996e-01
3236 3313 1.75037166808066996e-01
3314 3314 -1.24666759093515333e-02
3237 3314 1.24666759093515333e-02
3315 3315 -4.49511790246397711e-04
3238 3315 9.88925938542074959e-05
3352 3315 3.50619196392190201e-04
3316 3316 -2.09821807559471762e-06
3239 3316 2.09821807559471762e-06
3317 3317 -4.75409588861416539e-04
3354 3317 4.75409588861416539e-04
3318 3318 -1.07966850554508609e-04
3355 3318 1.07966850554508609e-04
3319 3319 -2.47906716938463972e-03
3356 3319 2.47906716938463972e-03
3320 3320 -1.56114229855843531e-03
3357 3320 1.56114229855843531e-03
3321 3321 -3.33243836807666019e-02
3358 3321 3.33243836807666019e-02
3322 3322 -1.06638027778453125e-02
3359 3322 1.06638027778453125e-02
3323 3323 -4.62098120373296908e+01
3245 3323 4.62098120373296908e+01
3324 3324 -1.41458608277539852e+01
3247 3324 1.41458608277539852e+01
3325 3325 -1.00456113124629738e+01
3249 3325 1.00456113124629738e+01
3326 3326 -2.31049060186648436e+00
3251 3326 2.31049060186648436e+00
3327 3327 -2.39016269158601835e+00
3251 3327 2.39016269158601835e+00
3328 3328 -1.26026760101808222e+00
3253 3328 1.26026760101808222e+00
3329 3329 -4.07733635623497237e-01
3298 3329 8.15467271246994585e-02
3254 3329 3.26186908498797834e-01
3330 3330 -2.66595069446132815e-01
3254 3330 2.66595069446132815e-01
3331 3331 -6.93147180559945286e-01
3254 3331 6.86215708754345788e-01
3329 3331 6.93147180559945328e-03
3332 3332 -1.82407152778932991e-01
3257 3332 1.82407152778932991e-01
3333 3333 -4.33216987849965804e-02
3300 3333 6.93147180559945328e-03
3258 3333 3.63902269793971236e-02
3334 3334 -4.33216987849965804e-02
3300 3334 6.93147180559945328e-03
3258 3334 3.63902269793971236e-02
3335 3335 -9.90210257942779060e-01
3258 3335 4.95105128971389530e-02
3333 3335 9.40699745045640023e-01
3336 3336 -4.68342689567530571e-02
3261 3336 4.44925555089153990e-02
3301 3336 2.34171344783765285e-03
3337 3337 -1.17283786896775852e-02
3302 3337 1.29012165586453432e-03
3262 3337 1.04382570338130507e-02
3338 3338 -1.38629436111989066e-02
3264 3338 1.23380198139670279e-02
3303 3338 1.52492379723187976e-03
3339 3339 -3.63284685828063527e-03
3265 3339 2.17970811496838099e-03
3304 3339 1.45313874331225428e-03
3340 3340 -3.72659774494594250e-03
3266 3340 2.98127819595675426e-03
3305 3340 7.45319548989188565e-04
3341 3341 -5.77622650466621070e-04
3267 3341 2.48377739700647072e-04
3306 3341 3.29244910765973998e-04
3342 3342 -1.99065818655929129e-02
3268 3342 1.97951050071455900e-02
3307 3342 1.11476858447320310e-04
3343 3343 -1.38629436111989065e+02
3269 3343 1.38629436111989065e+02
3344 3344 -2.06909606137297089e+02
3269 3344 2.06909606137297089e+02
3345 3345 -8.05985093674355000e+06
3270 3345 8.05985093674355000e+06
3346 3346 -9.90210257942778990e+05
3271 3346 9.90210257942778990e+05
3347 3347 -3.64814305557865955e+04
3273 3347 3.64814305557865955e+04
3348 3348 -6.93147180559945241e+02
3274 3348 6.93147180559945241e+02
3349 3349 -3.15066900254520590e+01
3274 3349 3.15066900254520590e+01
3350 3350 -3.46573590279972663e+01
3275 3350 3.46573590279972663e+01
3351 3351 -2.52973423562023840e-02
3276 3351 2.52088016579556755e-02
3386 3351 8.85406982467083396e-05
3352 3352 -2.35764347129233109e-03
3277 3352 2.35764347129233109e-03
3353 3353 -8.13553028826226841e-04
3388 3353 8.13553028826226841e-04
3354 3354 -5.25111500424200973e-04
3279 3354 3.15066900254520622e-08
3389 3354 5.25079993734175587e-04
3355 3355 -3.46920510790763373e-03
3390 3355 3.46920510790763373e-03
3356 3356 -2.92467164793225841e-03
3391 3356 2.92467164793225841e-03
3357 3357 -1.41458608277539848e-02
3392 3357 1.41458608277539848e-02
3358 3358 -4.67710648151110214e-03
3393 3358 4.67710648151110214e-03
3359 3359 -1.82407152778932963e-02
3394 3359 1.82407152778932963e-02
3360 3360 -1.38077127601582712e-02
3395 3360 1.38077127601582712e-02
3361 3361 -3.62904283015678120e-02
3396 3361 3.62904283015678120e-02
3362 3362 -3.93833625318150693e-02
3397 3362 3.93833625318150693e-02
3363 3363 -1.26026760101808244e-01
3398 3363 1.26026760101808244e-01
3364 3364 -2.52053520203616479e+01
3289 3364 2.52053520203616479e+01
3365 3365 -2.23595864696756550e+01
3290 3365 2.23595864696756550e+01
3366 3366 -2.77258872223978088e+01
3290 3366 2.77258872223978088e+01
3367 3367 -1.14569781910734765e+01
3292 3367 1.14569781910734765e+01
3368 3368 -3.15066900254520599e+00
3293 3368 3.15066900254520599e+00
3369 3369 -3.85081766977747408e+00
3293 3369 3.85081766977747408e+00
3370 3370 -2.88811325233310567e+00
3295 3370 2.88811325233310567e+00
3371 3371 -5.33190138892265630e-01
3296 3371 4.79871125003039078e-01
3336 3371 5.33190138892265658e-02
3372 3372 -1.26026760101808240e+01
3296 3372 1.84629203549149068e+00
3336 3372 4.41093660356328826e-02
3371 3372 1.07122746086537006e+01
3373 3373 -5.33190138892265630e-01
3298 3373 5.06530631947652354e-01
3337 3373 2.66595069446132829e-02
3374 3374 -1.50684169686944647e-01
3299 3374 1.35615752718250188e-01
3338 3374 1.50684169686944661e-02
3375 3375 -1.87337075827012228e-01
3300 3375 1.79843592793931722e-01
3339 3375 7.49348303308048930e-03
3376 3376 -5.33190138892265589e-02
3301 3376 4.95866829169806997e-02
3340 3376 3.73233097224585962e-03
3377 3377 -5.33190138892265589e-02
3302 3377 4.53211618058425719e-02
3341 3377 7.99785208338398348e-03
3378 3378 -4.23166776898623465e-03
3303 3378 3.38533421518898798e-03
3342 3378 8.46333553797246996e-04
3379 3379 -3.30070085980926365e+02
3303 3379 3.30070085980926375e+00
3378 3379 3.26769385121117125e+02
3380 3380 -2.81767146569083471e-01
3304 3380 2.81600903952607728e-01
3343 3380 1.66242616475759260e-04
3381 3381 -4.47191729393513128e+02
3305 3381 4.47191729393513128e+02
3382 3382 -3.80850099208761193e+06
3306 3382 3.80850099208761193e+06
3346 3382 3.80850099208761229e-04
3383 3383 -4.33216987849965808e+05
3307 3383 4.33216987849965808e+05
3384 3384 -2.75058404984105291e+04
3308 3384 2.75058404984105291e+04
3385 3385 -6.93147180559945326e+01
3309 3385 6.93147180559945326e+01
3386 3386 -3.85081766977747435e+01
3310 3386 3.85081766977747435e+01
3387 3387 -2.47552564485694730e-02
3311 3387 2.47552564485694730e-02
3388 3388 -1.91635936013255515e-02
3312 3388 1.91635936013255515e-02
3389 3389 -7.01884235523744816e-07
3313 3389 7.01884235523744816e-07
3390 3390 -2.19194994864382599e-06
3314 3390 2.19194994864382599e-06
3391 3391 -5.38425289398416394e-07
3424 3391 5.38425289398416394e-07
3392 3392 -1.37278070783199239e-11
3316 3392 1.37278070783199239e-11
3393 3393 -2.73754810647687725e-04
3426 3393 2.73754810647687725e-04
3394 3394 -3.81991456097915224e-09
3427 3394 3.81991456097915224e-09
3395 3395 -2.88811325233310524e-03
3428 3395 2.88811325233310524e-03
3396 3396 -1.24219924831531409e-04
3429 3396 1.24219924831531409e-04
3397 3397 -6.72958427728102219e-03
3430 3397 6.72958427728102219e-03
3398 3398 -2.75058404984105265e-03
3431 3398 2.75058404984105265e-03
3399 3399 -2.31049060186648419e-02
3432 3399 2.31049060186648419e-02
3400 3400 -2.31049060186648419e-02
3433 3400 2.31049060186648419e-02
3401 3401 -2.88811325233310541e+01
3326 3401 2.88811325233310541e+01
3402 3402 -1.75480298875935503e+01
3326 3402 1.75480298875935503e+01
3403 3403 -2.56721177985164921e+01
3328 3403 2.56721177985164921e+01
3404 3404 -7.29628611115731829e+00
3329 3404 7.29628611115731829e+00
3405 3405 -2.77258872223978088e+01
3373 3405 2.77258872223978114e+00
3329 3405 2.49532985001580272e+01
3406 3406 -7.07293041387699262e+00
3332 3406 7.07293041387699262e+00
3407 3407 -1.98042051588555812e+00
3375 3407 1.78237846429700225e-01
3333 3407 1.80218266945585803e+00
3408 3408 -3.30070085980926331e+00
3336 3408 3.30070085980926331e+00
3409 3409 -7.45319548989188396e-01
3337 3409 4.24832142923837364e-01
3377 3409 3.20487406065351033e-01
3410 3410 -8.66433975699931525e-01
3338 3410 8.66433975699931525e-01
3411 3411 -8.45301439707250440e-02
3339 3411 7.52318281339452860e-02
3380 3411 9.29831583677975457e-03
3412 3412 -4.07733635623497204e+00
3340 3412 4.07366675351436047e+00
3381 3412 3.66960272061147468e-03
3413 3413 -1.57533450127260289e+03
3341 3413 1.57533450127260289e+03
3414 3414 -1.57176231419488727e+03
3341 3414 1.57176231419488727e+03
3415 3415 -1.00456113124629762e+07
3342 3415 1.00456113124629762e+07
3416 3416 -6.41802944962912239e+05
3343 3416 6.41802944962912239e+05
3417 3417 -5.87412864881309506e+04
3345 3417 5.87412864881309506e+04
3418 3418 -2.62555750212100492e+01
3346 3418 2.62555750212100492e+01
3419 3419 -1.33297534723066402e+01
3347 3419 1.33297534723066402e+01
3420 3420 -1.38629436111989052e-01
3348 3420 1.37243141750869158e-01
3388 3420 1.38629436111989044e-03
3421 3421 -1.10023361993642106e-02
3348 3421 9.80957953339285649e-03
3388 3421 7.80307467884584614e-05
3420 3421 1.11472479694460351e-03
3422 3422 -5.50116809968210531e-03
3350 3422 5.50116809968210531e-03
3423 3423 -6.92593106075085267e-05
3351 3423 6.30259726528327592e-06
3390 3423 6.29567133422252533e-05
3424 3424 -8.02253681203640418e-07
3352 3424 8.02253681203640418e-07
3425 3425 -6.55569913138827662e-06
3453 3425 5.44103360807832770e-06
3392 3425 1.11427218136206535e-06
3353 3425 3.93341947883296625e-10
3426 3426 -1.00884198406534821e-09
3354 3426 1.39220193801018050e-11
3454 3426 9.94919964685246468e-10
3427 3427 -3.13074607298981588e-05
3455 3427 3.13074607298981588e-05
3428 3428 -1.84249649271649456e-04
3456 3428 1.84249649271649456e-04
3429 3429 -5.68153426688479748e-03
3457 3429 5.68153426688479748e-03
3430 3430 -1.54032706791098952e-03
3458 3430 1.54032706791098952e-03
3431 3431 -5.82476622319281784e-03
3459 3431 5.82476622319281784e-03
3432 3432 -4.78032538317203683e-03
3460 3432 4.78032538317203683e-03
3433 3433 -1.57533450127260305e-02
3461 3433 1.57533450127260305e-02
3434 3434 -1.15524530093324210e-02
3462 3434 1.15524530093324210e-02
3435 3435 -5.77622650466621049e-03
3463 3435 5.77622650466621049e-03
3436 3436 -1.06638027778453122e+02
3368 3436 1.06638027778453122e+02
3437 3437 -4.33216987849965776e+01
3370 3437 4.33216987849965776e+01
3438 3438 -1.38629436111989044e+01
3371 3438 1.38629436111989044e+01
3439 3439 -1.98042051588555772e+01
3373 3439 1.97449688008049229e+01
3409 3439 5.92348925394711595e-02
3440 3440 -4.95105128971389430e+00
3374 3440 4.95105128971389430e+00
3441 3441 -6.93147180559945220e+00
3375 3441 6.93147180559945220e+00
3442 3442 -5.77622650466621090e-01
3376 3442 5.77622650466621090e-01
3443 3443 -2.66595069446132804e+01
3377 3443 2.66595069446132804e+01
3444 3444 -2.76154255203165485e+03
3378 3444 2.76154255203165485e+03
3445 3445 -5.92433487658072915e+06
3380 3445 5.92433487658072915e+06
3446 3446 -6.60140171961852699e+05
3381 3446 6.60140171961852699e+05
3447 3447 -7.14584722226747690e+04
3382 3447 7.14584722226747690e+04
3418 3447 1.42916944445349548e-04
3448 3448 -4.00663110150257410e+02
3383 3448 4.00663110150257410e+02
3449 3449 -3.09855690907440930e+02
3384 3449 3.09855690907440930e+02
3450 3450 -1.15524530093324218e+00
3385 3450 1.15524530093324218e+00
3451 3451 -6.60140171961852595e-01
3386 3451 6.60140171961852595e-01
3452 3452 -1.32482259281335095e-03
3387 3452 1.19234033353201587e-03
3424 3452 1.32482259281335100e-04
3453 3453 -3.77901635895728529e-04
3388 3453 3.77901635895728529e-04
3454 3454 -4.29471992079036611e-07
3389 3454 4.29471992079036611e-07
3455 3455 -1.14877139971017542e-08
3390 3455 1.14877139971017542e-08
3456 3456 -2.99243709039707333e-12
3391 3456 2.99243709039707333e-12
3457 3457 -2.91384003161221469e-13
3821 3457 7.28460007903053666e-26
3392 3457 2.91384003161221469e-13
3458 3458 -7.54470546586495677e-06
3486 3458 7.54470546586495677e-06
3459 3459 -1.56331121682321712e-18
3821 3459 2.18863570355250390e-29
3394 3459 1.56331121682321712e-18
3460 3460 -5.18047220149435894e-04
3488 3460 5.18047220149435894e-04
3461 3461 -3.32885344897776107e-07
3490 3461 3.32885344897776107e-07
3462 3462 -1.62710605765245368e-03
3491 3462 1.62710605765245368e-03
3463 3463 -3.09717238856097108e-04
3492 3463 3.09717238856097108e-04
3464 3464 -2.45796872538987712e-03
3493 3464 2.45796872538987712e-03
3465 3465 -1.22898436269493856e-03
3494 3465 1.22898436269493856e-03
3466 3466 -1.35911211874499060e+02
3404 3466 1.35911211874499060e+02
3467 3467 -1.30782486898102889e+02
3406 3467 1.30782486898102889e+02
3468 3468 -4.07733635623497221e+01
3407 3468 4.07733635623497221e+01
3469 3469 -4.95105128971389448e+01
3408 3469 4.95105128971389448e+01
3470 3470 -4.33216987849965829e+00
3409 3470 4.24552648092966489e+00
3443 3470 8.66433975699931608e-02
3471 3471 -1.92540883488873703e+02
3410 3471 1.92540883488873703e+02
3472 3472 -5.77622650466621167e+02
3410 3472 4.21664534840633451e+02
3471 3472 1.55958115625987716e+02
3473 3473 -6.13404584566323319e+03
3411 3473 6.13404584566323319e+03
3474 3474 -1.30782486898102891e+07
3412 3474 1.30782486898102891e+07
3475 3475 -8.88650231487109326e+05
3413 3475 8.88650231487109326e+05
3447 3475 2.66595069446132812e-03
3476 3476 -1.17482572976261901e+05
3415 3476 1.17482572976261901e+05
3477 3477 -2.10044600169680393e+02
3416 3477 2.10044600169680393e+02
3478 3478 -1.35911211874499060e+02
3417 3478 1.35911211874499060e+02
3479 3479 -8.77401494379677516e-01
3418 3479 8.77401494379677516e-01
3480 3480 -4.07733635623497237e-01
3419 3480 4.07733635623497237e-01
3481 3481 -6.41802944962912344e-03
3420 3481 4.74934179272555167e-03
3453 3481 1.66868765690357220e-03
3482 3482 -3.01630626875520132e-04
3422 3482 2.56386032844192096e-04
3454 3482 4.52445940313280157e-05
3483 3483 -8.75185834040334955e-06
3423 3483 1.75037166808066997e-07
3455 3483 8.57682117359528229e-06
3484 3484 -5.34835787469093555e-06
3424 3484 2.56721177985164890e-08
3456 3484 5.32268575689241897e-06
3485 3485 -4.61065334025080699e-07
3425 3485 1.47540906888025823e-11
3457 3485 4.25094860925780016e-07
3509 3485 3.59557190086118908e-08
3486 3486 -6.70465338169665516e-13
3821 3486 2.01139601450899654e-24
3426 3486 6.70465338169665516e-13
3487 3487 -6.07767940305788135e-06
3511 3487 6.05944636484870754e-06
3459 3487 1.82330382091736456e-08
3488 3488 -2.97406369306261516e-07
3512 3488 2.97406369306261516e-07
3489 3489 -2.87374452968468198e-05
3513 3489 2.87374452968468198e-05
3490 3490 -9.96760397699087211e-03
3513 3490 9.95165581062768673e-03
3489 3490 1.59481663631853978e-05
3491 3491 -4.72686293344207046e-04
3515 3491 4.72686293344207046e-04
3492 3492 -1.26950033069587044e-03
3516 3492 1.26950033069587044e-03
3493 3493 -1.32786816199223241e-03
3517 3493 1.32786816199223241e-03
3494 3494 -5.08918634772353388e-03
3518 3494 5.08918634772353388e-03
3495 3495 -1.06967157493818721e-04
3519 3495 1.06967157493818721e-04
3496 3496 -5.77622650466621049e-03
3520 3496 5.77622650466621049e-03
3497 3497 -2.94956247046785229e+01
3440 3497 2.94956247046785229e+01
3498 3498 -1.27182968910081695e+03
3441 3498 1.27182968910081695e+03
3499 3499 -1.65035042990463189e+04
3442 3499 1.65035042990463189e+04
3500 3500 -1.15524530093324222e+07
3443 3500 5.77622650466621108e+06
3475 3500 5.77622650466621108e+06
3501 3501 -5.33190138892265619e+05
3445 3501 5.33190138892265619e+05
3502 3502 -3.85081766977747393e+04
3446 3502 3.85081766977747393e+04
3503 3503 -7.70163533955494813e+02
3447 3503 7.70163533955494813e+02
3504 3504 -8.25175214952315805e+00
3448 3504 8.25175214952315805e+00
3505 3505 -1.98042051588555812e+00
3449 3505 1.98042051588555812e+00
3506 3506 -1.05022300084840203e-02
3450 3506 1.05022300084840203e-02
3507 3507 -1.26950033069587044e-03
3451 3507 1.20602531416107682e-03
3483 3507 6.34750165347935247e-05
3508 3508 -1.99180224298834850e-04
3452 3508 3.98360448597669727e-05
3484 3508 1.59344179439067891e-04
3509 3509 -3.85698885194057893e-07
3453 3509 3.85698885194057893e-07
3510 3510 -1.91012781238962014e-06
3454 3510 7.64051124955848108e-11
3486 3510 1.91005140727712435e-06
3511 3511 -3.18788172554232048e-10
3821 3511 2.86909355298808834e-22
3455 3511 3.18788172554232048e-10
3512 3512 -1.37968017436398952e-13
3456 3512 1.37968017436398952e-13
3513 3513 -8.94684765527416649e-14
3821 3513 1.52096410139660832e-24
3457 3513 8.94684765527416649e-14
3514 3514 -3.12085069274452883e-17
3821 3514 2.24701249877606082e-27
3458 3514 3.12085069274452883e-17
3515 3515 -4.44325115743554686e-04
3514 3515 4.44325115743554686e-04
3516 3516 -9.37852625443214168e-16
3821 3516 8.44067362898892731e-25
3459 3516 9.37852625443214168e-16
3517 3517 -1.18852397215354130e-06
3536 3517 1.18852397215354130e-06
3518 3518 -4.91597231583163887e-18
3821 3518 2.68412088444407508e-24
3461 3518 4.91597231583163887e-18
3519 3519 -4.92641919374516880e-04
3538 3519 4.92641919374516880e-04
3520 3520 -1.36553818077215377e-05
3540 3520 1.36553818077215377e-05
3521 3521 -2.31049060186648428e-03
3541 3521 2.31049060186648428e-03
3522 3522 -6.87646012460263164e-04
3542 3522 6.87646012460263164e-04
3523 3523 -3.46573590279972646e+05
3476 3523 3.46573590279972646e+05
3524 3524 -1.98042051588555772e+01
3477 3524 1.98042051588555772e+01
3525 3525 -1.35911211874499083e+00
3478 3525 1.35911211874499083e+00
3526 3526 -1.12890420286636036e-02
3479 3526 4.51561681146544179e-03
3507 3526 6.77342521719816182e-03
3527 3527 -2.88811325233310524e-03
3480 3527 1.96391701158651162e-03
3508 3527 9.24196240746593734e-04
3528 3528 -2.51140282811574377e-03
3481 3528 7.53420848434723065e-05
3509 3528 2.43606074327227130e-03
3529 3529 -2.36730594453533238e-04
3482 3529 4.73461188907066519e-06
3510 3529 2.31995982564462577e-04
3530 3530 -7.85881157097443662e-04
3511 3530 7.85881157097443662e-04
3531 3531 -3.19128536169403917e-04
3512 3531 3.19128536169403917e-04
3532 3532 -1.82330382091736449e-06
3513 3532 1.82330382091736449e-06
3533 3533 -2.02487047249783019e-08
3486 3533 5.26466322849435801e-13
3514 3533 2.02481782586554543e-08
3534 3534 -1.43558963811342949e-13
3487 3534 2.87117927622685914e-16
3516 3534 1.23891385769188973e-13
3554 3534 1.93804601145312984e-14
3535 3535 -8.55737259950549723e-06
3516 3535 4.27868629975274861e-06
3554 3535 4.27868629975274861e-06
3536 3536 -1.02446394158979202e-14
3488 3536 1.02446394158979202e-14
3537 3537 -3.78957808787737570e-06
3557 3537 3.78957808787737570e-06
3538 3538 -3.40515144823276897e-06
3558 3538 3.40515144823276897e-06
3539 3539 -1.86630904835741862e-04
3559 3539 1.86630904835741862e-04
3540 3540 -1.60006274367485062e-03
3559 3540 1.59814266838244085e-03
3539 3540 1.92007529240982058e-06
3541 3541 -8.31111727290102212e-04
3560 3541 8.31111727290102212e-04
3542 3542 -5.25111500424201016e-03
3561 3542 5.25111500424201016e-03
3543 3543 -2.10044600169680389e-03
3561 3543 2.10044600169680389e-03
3544 3544 -6.24456919423374123e-03
3562 3544 6.24456919423374123e-03
3545 3545 -5.04473930538533628e-03
3563 3545 5.04473930538533628e-03
3546 3546 -3.74674151654024457e-01
3503 3546 3.74674151654024457e-01
3547 3547 -6.18881411214236826e-03
3504 3547 6.18881411214236826e-03
3548 3548 -6.79556059372495372e-03
3505 3548 6.79556059372495372e-03
3549 3549 -1.34330848945725823e-03
3506 3549 2.68661697891451670e-06
3529 3549 1.34062187247834365e-03
3550 3550 -3.41788550571965122e-04
3507 3550 3.41788550571965122e-05
3530 3550 3.07609695514768637e-04
3551 3551 -5.52748947814948421e-04
3508 3551 6.63298737377938095e-07
3531 3551 5.52085649077570456e-04
3552 3552 -2.18796458510083739e-05
3509 3552 1.31277875106050235e-06
3532 3552 2.05668670999478694e-05
3553 3553 -4.56618696021044346e-04
3510 3553 1.27849627598193838e-08
3533 3553 4.56605910697555734e-04
3554 3554 -7.68527254039727088e-09
3821 3554 6.30192348312576184e-18
3511 3554 7.68527254039727088e-09
3555 3555 -1.75778633041989561e-07
3512 3555 7.38270258776356155e-12
3536 3555 1.75771250339401787e-07
3556 3556 -3.85081766977747408e+00
3555 3556 3.85081766977747408e+00
3557 3557 -2.50450455144903544e-10
3821 3557 4.65837846569520631e-19
3513 3557 2.50450455144903544e-10
3558 3558 -9.11012074011499336e-13
3821 3558 2.82413742943564798e-24
3514 3558 4.21497956282900400e-16
3515 3558 9.10590548724854208e-13
3559 3559 -3.34774464286205320e-12
3821 3559 1.90821444643137047e-19
3516 3559 3.34774464286205320e-12
3560 3560 -1.53705450807945413e-09
3517 3560 3.76578354479466241e-14
3577 3560 1.53701761877126009e-09
3561 3561 -5.88070706688791892e-14
3821 3561 3.23438888678835521e-19
3518 3561 5.88067472299905063e-14
3562 3562 -3.88500572011448174e-05
3581 3562 3.88500572011448174e-05
3563 3563 -2.70832557304262594e-16
3821 3563 3.38540696630328254e-19
3520 3563 2.70494016607632261e-16
3564 3564 -1.83372269989403500e-05
3584 3564 1.83372269989403500e-05
3565 3565 -7.40086421774575941e-07
3586 3565 7.40086421774575941e-07
3566 3566 -3.53415718591912052e-06
3587 3566 3.53415718591912052e-06
3567 3567 -6.93147180559945258e-02
3525 3567 3.46573590279972629e-02
3549 3567 3.46573590279972629e-02
3568 3568 -8.77401494379677523e-03
3526 3568 2.63036281740232944e-04
3550 3568 8.51097796276755088e-03
3569 3569 -3.61014156541638155e-03
3527 3569 3.61014156541638155e-03
3570 3570 -4.97950560747087174e-03
3552 3570 4.97950560747087174e-03
3571 3571 -1.12159737954683710e-03
3529 3571 4.48638951818734869e-06
3553 3571 1.11711099002864971e-03
3572 3572 -3.20901472481456172e-03
3530 3572 1.60450736240728086e-03
3554 3572 1.60450736240728086e-03
3573 3573 -1.56962676757233985e-04
3555 3573 1.12838851605204913e-04
3556 3573 4.40845687865720884e-05
3531 3573 3.92406691893084996e-08
3574 3574 -1.17882173564616544e-04
3532 3574 1.17882173564616547e-10
3557 3574 1.17882055682442971e-04
3575 3575 -1.61799061755356051e-05
3533 3575 1.61799061755356059e-09
3558 3575 1.61782881849180508e-05
3576 3576 -3.79017487182822220e-06
3559 3576 3.79016767049596572e-06
3534 3576 7.20133225647362216e-12
3577 3577 -5.07733178452618161e-11
3821 3577 2.18325266734625797e-22
3536 3577 5.07733178452618161e-11
3578 3578 -1.20187817408785081e-05
3561 3578 2.07924924117198172e-06
3599 3578 9.93953249970652598e-06
3579 3579 -1.55776643624996744e-10
3537 3579 7.15014794238735142e-13
3578 3579 1.55061628830758002e-10
3821 3579 2.49242629799994773e-20
3580 3580 -4.95105128971389448e+01
3537 3580 2.47540186857470425e-03
3821 3580 4.95080373714940905e+01
3581 3581 -2.98025273265089551e-12
3821 3581 1.10269351108083130e-22
3538 3581 2.98025273265089551e-12
3582 3582 -1.90634538107795740e-05
3601 3582 1.90634538107795740e-05
3583 3583 -4.44325115743554686e-04
3601 3583 4.44164714376771264e-04
3563 3583 1.60401366783423247e-07
3584 3584 -9.39223821896944833e-05
3603 3584 9.39223821896944833e-05
3585 3585 -2.96216743829036421e-04
3604 3585 2.96216743829036421e-04
3586 3586 -4.62098120373296867e-04
3604 3586 4.62098120373296867e-04
3587 3587 -5.02280565623148710e-04
3605 3587 5.02280565623148710e-04
3588 3588 -1.15524530093324214e-03
3606 3588 1.15524530093324214e-03
3589 3589 -5.77622650466621049e-03
3607 3589 5.77622650466621049e-03
3590 3590 -3.91608576587539753e-02
3547 3590 1.95804288293769876e-02
3569 3590 1.95804288293769876e-02
3591 3591 -1.35911211874499074e-02
3548 3591 5.43644847497996332e-03
3570 3591 2.71822423748998166e-03
3821 3591 5.43644847497996332e-03
3592 3592 -2.31049060186648428e-03
3549 3592 1.15524530093324214e-03
3571 3592 1.15524530093324214e-03
3593 3593 -3.64814305557865936e-04
3550 3593 1.82407152778932968e-04
3572 3593 1.82407152778932968e-04
3594 3594 -5.77622650466621070e-04
3551 3594 2.88811325233310535e-04
3573 3594 2.88811325233310535e-04
3595 3595 -8.02253681203640376e-05
3552 3595 8.02253681203640376e-06
3574 3595 7.22028313083276338e-05
3596 3596 -6.63934080996116121e-05
3553 3596 6.63270810849201070e-08
3575 3596 6.63270810849200999e-05
3597 3597 -2.97130993038385326e-07
3554 3597 2.97130993038385326e-07
3598 3598 -2.44589536952329366e-07
3555 3598 2.44589536952329359e-09
3577 3598 2.42143641582806044e-07
3599 3599 -4.92361269951275314e-08
3821 3599 3.00340374670277950e-15
3557 3599 4.92361269951275314e-08
3600 3600 -7.54794081405872254e-10
3558 3600 7.52605178569795191e-10
3581 3600 2.18890283607702934e-12
3601 3601 -1.21283876914420868e-09
3821 3601 1.67371750141900789e-15
3559 3601 1.21283707116993189e-09
3602 3602 -1.38629436111989059e+06
3821 3602 1.38629436111989059e+06
3603 3603 -2.58405599671915199e-12
3560 3603 2.58405599671915199e-12
3604 3604 -4.61439799592544791e-12
3821 3604 1.20620363613491219e-15
3561 3604 4.61319179228931302e-12
3605 3605 -1.40798007016050267e-15
3562 3605 1.40798007016050267e-15
3606 3606 -6.31166618612224867e-14
3821 3606 5.29548793015656677e-15
3563 3606 5.78211739310659168e-14
3607 3607 -1.80085004042594243e-04
3623 3607 1.80085004042594243e-04
3608 3608 -2.64632716074625560e-12
3821 3608 1.95828209895222915e-12
3565 3608 4.76338888934325964e-13
3624 3608 2.11706172859700459e-13
3609 3609 -6.87646012460263164e-04
3625 3609 6.87646012460263164e-04
3610 3610 -3.46573590279972629e-02
3567 3610 1.73286795139986315e-02
3592 3610 1.73286795139986315e-02
3611 3611 -1.15524530093324210e-02
3569 3611 5.77622650466621049e-03
3594 3611 5.77622650466621049e-03
3612 3612 -4.81352208722184236e-03
3595 3612 4.81121159661997578e-03
3821 3612 2.31049060186648447e-06
3613 3613 -2.40676104361092118e-03
3597 3613 2.40671290839004903e-03
3821 3613 4.81352208722184243e-08
3614 3614 -2.51140282811574377e-03
3573 3614 1.25570141405787188e-03
3598 3614 1.25570141405787188e-03
3615 3615 -1.65035042990463172e-03
3599 3615 1.65035042990463172e-03
3616 3616 -4.27868629975274844e-05
3575 3616 6.41802944962912324e-08
3600 3616 4.27226827030311942e-05
3617 3617 -4.42622720664077437e-05
3576 3617 2.65584255343742409e-09
3601 3617 4.42596163300837617e-05
3618 3618 -1.62399530608024362e-06
3577 3618 1.94879436729629200e-09
3603 3618 1.62204651171294736e-06
3619 3619 -4.45696489557578005e-06
3604 3619 4.45696489557578005e-06
3620 3620 -1.59163062850307180e-11
3581 3620 1.59163062850307180e-11
3621 3621 -2.44217254552097543e-09
3582 3621 2.44217254552097543e-09
3622 3622 -8.12408791092294006e-06
3639 3622 5.68686153764605770e-06
3606 3622 2.43722637327688193e-06
3623 3623 -2.50704275376137631e-08
3821 3623 1.17580305151408553e-17
3584 3623 3.63521199295399573e-13
3640 3623 2.50700640164144656e-08
3624 3624 -5.99442352082421185e-05
3641 3624 5.99442352082421185e-05
3625 3625 -2.07777931822525553e-04
3642 3625 2.07777931822525553e-04
3626 3626 -1.15524530093324214e-03
3644 3626 1.15524530093324214e-03
3627 3627 -5.77622650466621049e-03
3645 3627 5.77622650466621049e-03
3628 3628 -3.30070085980926298e-01
3821 3628 3.30070085980926298e-01
3629 3629 -3.30070085980926322e+01
3821 3629 3.30070085980926322e+01
3630 3630 -1.34591685545620444e-02
3592 3630 6.72958427728102219e-03
3821 3630 6.72958427728102219e-03
3631 3631 -1.20338052180546055e-02
3593 3631 1.17931291136935124e-02
3821 3631 2.40676104361092113e-04
3632 3632 -3.05620449982339174e-03
3594 3632 7.64051124955847935e-04
3614 3632 2.29215337486754402e-03
3633 3633 -3.12228459711687062e-03
3595 3633 2.49757789492572723e-03
3615 3633 6.24394473731431808e-04
3821 3633 3.12197236865715882e-07
3634 3634 -1.07966850554508604e-03
3596 3634 1.51153590776312047e-04
3616 3634 9.28514914768773935e-04
3635 3635 -5.95487268522289811e-04
3597 3635 5.95487268522289811e-04
3636 3636 -2.56721177985164920e-04
3598 3636 9.24196240746593653e-05
3618 3636 1.64301553910505541e-04
3637 3637 -5.39330205851186809e-06
3599 3637 5.39328911458692755e-06
3821 3637 1.29439249404284832e-11
3638 3638 -6.19102519256828652e-05
3620 3638 6.18885833375088727e-05
3600 3638 2.16685881739890027e-08
3639 3639 -2.40555826447868172e-08
3601 3639 2.40548850328901197e-08
3821 3639 6.97611896698817676e-13
3640 3640 -6.25770473660878441e-11
3821 3640 3.25400646303656796e-19
3603 3640 6.25770473660878441e-11
3641 3641 -1.67924381890874088e-09
3821 3641 1.29301774055973037e-12
3604 3641 1.67795080116818109e-09
3642 3642 -2.44593852420875079e-11
3605 3642 2.44593852420875079e-11
3643 3643 -8.30433937863838504e-09
3606 3643 8.04756920505088591e-09
3821 3643 2.56770173587498877e-10
3644 3644 -4.50451252781381437e-07
3607 3644 1.39639888362228246e-09
3663 3644 4.49054853897759146e-07
3645 3645 -1.32603914248535606e-07
3608 3645 4.11072134170460378e-10
3821 3645 1.32192842114365152e-07
3646 3646 -1.35911211874499072e-04
3666 3646 1.35911211874499072e-04
3647 3647 -9.39223821896944806e-04
3821 3647 9.39223822836168657e-04
3648 3648 -6.93147180559945286e-01
3821 3648 3.46573590279972643e-01
3631 3648 3.46573590279972643e-01
3649 3649 -8.15467271246994446e-02
3611 3649 4.07733635623497223e-02
3632 3649 4.07733635623497223e-02
3650 3650 -5.13442355970329875e-02
3633 3650 2.20780213067241840e-02
3612 3650 2.92662142903088000e-02
3651 3651 -3.30070085980926353e-02
3821 3651 9.90210257942778990e-03
3634 3651 2.31049060186648419e-02
3652 3652 -1.87337075827012228e-02
3613 3652 7.49348303308048974e-04
3635 3652 1.79843592793931736e-02
3653 3653 -1.05022300084840203e-02
3614 3653 4.20089200339360865e-03
3636 3653 6.30133800509041168e-03
3654 3654 -1.50031857264057412e-03
3615 3654 1.48527082745256091e-04
3637 3654 1.35179138352273134e-03
3655 3655 -2.53900066139174088e-03
3616 3655 1.77730046297421891e-04
3638 3655 2.36127061509431918e-03
3656 3656 -1.28360588992582461e-08
3616 3656 1.28360588992582461e-08
3657 3657 -4.27868629975274885e-04
3617 3657 1.07020641072565641e-06
3639 3657 4.26798402171117740e-04
3658 3658 -1.13037700678399425e-04
3640 3658 1.12393385784532540e-04
3618 3658 6.44314893866876750e-07
3659 3659 -2.23884748242876390e-05
3619 3659 6.71654244728629175e-07
3641 3659 2.17168205795590108e-05
3660 3660 -8.67301276976908459e-05
3641 3660 8.67301276976908459e-05
3661 3661 -5.83457222693556637e-06
3620 3661 2.91728611346778329e-08
3642 3661 5.80539936580088877e-06
3662 3662 -1.70077100106771342e-08
3621 3662 1.32660138083281658e-08
3643 3662 3.74169620234896923e-09
3663 3663 -3.91916795898212212e-07
3821 3663 3.40967612431444600e-14
3623 3663 3.91916795898212212e-07
3664 3664 -2.90987914836285962e-08
3624 3664 2.90987914836285962e-08
3665 3665 -4.89926258472012841e-06
3624 3665 1.56776402711044100e-08
3684 3665 4.80127733302572601e-06
3645 3665 3.91941006777610250e-09
3664 3665 7.59385700631619940e-08
3821 3665 2.44963129236006427e-09
3666 3666 -2.01571276684331756e-07
3625 3666 1.61250409809590140e-08
3685 3666 1.85437955155326538e-07
3821 3666 8.26408168860000504e-12
3667 3667 -4.54820984619386660e-04
3686 3667 4.54820984619386660e-04
3668 3668 -2.53343267748518015e-05
3686 3668 2.53343267748518015e-05
3669 3669 -1.04188789766706551e-06
3687 3669 5.20943948833532757e-07
3821 3669 5.20943948833532757e-07
3670 3670 -3.85081766977747380e-03
3627 3670 1.92540883488873690e-03
3821 3670 1.92540883488873690e-03
3671 3671 -8.66433975699931580e+02
3821 3671 8.66433975699931580e+02
3672 3672 -3.46573590279972610e+00
3630 3672 3.46573590279972610e+00
3673 3673 -2.10044600169680393e+02
3821 3673 2.10044600169680393e+02
3674 3674 -1.65035042990463149e-01
3632 3674 1.64870172982515689e-01
3821 3674 1.64870172982515666e-04
3675 3675 -6.30133800509041109e-01
3633 3675 5.73983207679480967e-01
3654 3675 6.23894845750201134e-03
3821 3675 4.99115876600160907e-02
3676 3676 -2.39016269158601816e-02
3634 3676 1.19508134579300908e-02
3655 3676 1.19508134579300908e-02
3677 3677 -1.92540883488873694e-02
3635 3677 1.78884131909803033e-02
3657 3677 1.34643974602387815e-03
3821 3677 1.92348535146268298e-05
3678 3678 -4.44325115743554686e-03
3636 3678 1.46627288195373055e-03
3658 3678 2.97697827548181653e-03
3679 3679 -3.85081766977747380e-04
3637 3679 3.46549676702243318e-04
3659 3679 3.85055196335825939e-05
3821 3679 2.65688050814360854e-08
3680 3680 -3.85081766977747375e-01
3637 3680 7.70162763791960858e-02
3679 3680 3.08065144024960991e-01
3821 3680 3.15766779364515960e-07
3681 3681 -3.63284685828063543e-05
3638 3681 6.53912434490514343e-07
3661 3681 3.56745561483158403e-05
3682 3682 -7.58333530873862507e-06
3639 3682 7.58316089202652452e-06
3821 3682 1.74416712100988380e-10
3683 3683 -2.67417893734546778e-06
3640 3683 3.20901472481456135e-07
3663 3683 2.35327746486401169e-06
3684 3684 -5.94261986076770674e-05
3641 3684 5.93910182981013233e-05
3821 3684 3.51803095757448219e-08
3685 3685 -9.59346703980436885e-06
3642 3685 9.59346416176425712e-06
3821 3685 2.30243208955304846e-12
3686 3686 -7.33023668104849105e-05
3643 3686 5.93749171164927829e-06
3821 3686 6.73648750988356407e-05
3687 3687 -7.98262369356856112e-08
3644 3687 7.96586018381206724e-08
3821 3687 1.67635097564939784e-10
3688 3688 -1.87337075827012245e+03
3821 3688 1.87337075827012245e+03
3689 3689 -4.62098120373296839e-01
3821 3689 4.62098120373296839e-01
3690 3690 -1.73286795139986310e+02
3821 3690 1.73286795139986310e+02
3691 3691 -7.70163533955494813e+02
3649 3691 3.85081766977747407e+02
3821 3691 3.85081766977747407e+02
3692 3692 -1.77730046297421862e+00
3649 3692 8.88650231487109310e-01
3674 3692 8.88650231487109310e-01
3693 3693 -7.70163533955494750e-01
3650 3693 7.70163533955494750e-01
3694 3694 -6.18881411214236787e-01
3651 3694 6.18881411214236787e-01
3695 3695 -2.66595069446132804e+00
3651 3695 2.66595069446132804e+00
3696 3696 -9.90210257942778921e-02
3652 3696 1.97943030562761496e-02
3677 3696 7.91772320293097631e-02
3821 3696 4.94857675427929592e-05
3697 3697 -2.88811325233310524e-02
3653 3697 1.73286795139986315e-02
3678 3697 1.15524530093324210e-02
3698 3698 -3.64814305557865981e-01
3653 3698 3.64814305557865981e-01
3699 3699 -2.52053520203616467e-02
3654 3699 1.76437464142531540e-03
3679 3699 2.34409773789363320e-02
3700 3700 -2.88811325233310524e-03
3655 3700 2.88811325233310535e-04
3681 3700 2.59930192709979498e-03
3701 3701 -5.02280565623148753e-03
3682 3701 5.02280565623148753e-03
3702 3702 -1.10023361993642115e-03
3683 3702 1.10023361993642115e-03
3703 3703 -4.12587607476157931e-04
3684 3703 4.12587607476157931e-04
3704 3704 -4.12587607476157931e-04
3684 3704 4.12587607476157931e-04
3705 3705 -4.27868629975274885e-04
3661 3705 3.41782231787783521e-05
3685 3705 3.93049536605147006e-04
3821 3705 6.40841524151357941e-07
3706 3706 -1.50031857264057417e-04
3662 3706 1.34009025029313702e-05
3686 3706 1.32261093879444528e-04
3821 3706 4.36985938136296147e-06
3707 3707 -3.48805948349408841e-05
3663 3707 5.18028456579227819e-06
3687 3707 2.93549540116283700e-05
3821 3707 3.45352420654801357e-07
3708 3708 -1.55777413825949578e-07
3664 3708 1.55777413825949578e-07
3709 3709 -2.02674614198814412e-04
3688 3709 2.02674614198814412e-04
3710 3710 -1.20338052180546056e-04
3666 3710 1.54431747772129637e-06
3821 3710 1.18793729889302670e-04
3711 3711 -2.52281031825044145e-07
3667 3711 6.30702579562610362e-08
3725 3711 2.52281031825044145e-08
3690 3711 5.80246373197601573e-08
3821 3711 1.05958033366518544e-07
3712 3712 -2.88811325233310535e-04
3669 3712 2.88811325233310535e-04
3713 3713 -1.59344179439067899e+05
3675 3713 3.12439517537253323e+03
3821 3713 1.56219774703044590e+05
3714 3714 -8.66433975699931525e-01
3676 3714 8.63350510467210674e-01
3821 3714 3.08339418513490929e-03
3715 3715 -6.79556059372495413e-01
3676 3715 6.79556059372495413e-01
3716 3716 -2.84076713344239895e-01
3677 3716 1.89479167800608028e-01
3701 3716 3.12484384678663862e-03
3821 3716 9.14727016968452517e-02
3717 3717 -7.13114383292124798e-03
3678 3717 7.13114383292124798e-03
3718 3718 -1.35911211874499074e-02
3679 3718 1.22112499902032046e-02
3703 3718 1.35680543365705665e-03
3821 3718 2.30656820429178609e-05
3719 3719 -2.47552564485694715e+00
3718 3719 2.47552564485694715e+00
3720 3720 -3.72659774494594250e-03
3681 3720 2.27322462441702493e-03
3705 3720 1.45337312052891757e-03
3721 3721 -2.38194907408915885e-01
3682 3721 2.37003932871871298e-01
3821 3721 1.19097453704457941e-03
3722 3722 -2.77258872223978131e-02
3683 3722 2.77258872223978131e-02
3723 3723 -5.77622650466621167e+02
3821 3723 5.77622650466621167e+02
3724 3724 -1.99180224298834850e-04
3685 3724 1.35804682089005397e-04
3710 3724 4.52682273630017991e-05
3821 3724 1.81073148468276369e-05
3725 3725 -6.53912434490514460e+00
3821 3725 6.53912434490514460e+00
3726 3726 -4.33216987849965796e-06
3687 3726 4.33216987849965796e-06
3727 3727 -1.38629436111989065e+02
3821 3727 1.38629436111989065e+02
3728 3728 -5.16888277822479703e-01
3694 3728 2.58444138911239851e-01
3714 3728 2.58444138911239851e-01
3729 3729 -1.82407152778932957e+00
3696 3729 6.08023781794058915e-01
3716 3729 6.08023781794058915e-01
3821 3729 6.08023781794058915e-01
3730 3730 -1.20547335749555717e+00
3697 3730 1.18980220384811486e+00
3821 3730 1.56711536474422423e-02
3731 3731 -4.51561681146544158e-01
3697 3731 4.15436746654820666e-01
3821 3731 3.61249344917235343e-02
3732 3732 -5.33190138892265589e-02
3699 3732 4.04819654285660940e-02
3718 3732 1.27837774338837376e-02
3821 3732 5.32657481943512204e-05
3733 3733 -3.15066900254520610e-02
3700 3733 2.67806865216342511e-02
3720 3733 4.72600350381780897e-03
3734 3734 -2.73971217612626605e-01
3700 3734 1.09588487045050642e-01
3733 3734 1.64382730567575963e-01
3735 3735 -2.56721177985164938e-02
3701 3735 2.18147537387003987e-02
3721 3735 3.84966242447654095e-03
3821 3735 7.69932484895308280e-06
3736 3736 -1.07298325164078223e+00
3702 3736 1.07266135666529006e+00
3821 3736 3.21894975492234656e-04
3737 3737 -1.69060287941450088e-01
3703 3737 1.60607273544377566e-01
3821 3737 8.45301439707250510e-03
3738 3738 -1.11797932348378273e-01
3705 3738 8.72023872317350540e-02
3821 3738 2.45955451166432193e-02
3739 3739 -3.85081766977747380e-03
3706 3739 2.36973389138894243e-03
3725 3739 1.18486694569447121e-03
3821 3739 2.96216717169529463e-04
3740 3740 -2.96216743829036421e-04
3821 3740 2.96216743829036421e-04
3741 3741 -4.81352208722184225e-05
3821 3741 4.81352208722184225e-05
3742 3742 -3.85081766977747367e-05
3710 3742 3.85081766977747367e-05
3743 3743 -1.34591685545620458e+04
3821 3743 1.34591685545620458e+04
3744 3744 -3.01368339373889248e+04
3821 3744 3.01368339373889248e+04
3745 3745 -4.12587607476157914e-01
3714 3745 1.96081228984025357e-01
3733 3745 4.08502577574536459e-03
3821 3745 2.12421307331750353e-01
3746 3746 -1.08304246962491447e+02
3716 3746 3.46573590279972643e-01
3821 3746 1.07957673372211474e+02
3747 3747 -1.47478123523392596e-01
3717 3747 1.45441922567529830e-01
3821 3747 2.03618620805042470e-03
3748 3748 -1.77730046297421868e-01
3717 3748 1.75276163094202631e-01
3821 3748 2.45386543021461432e-03
3749 3749 -5.77622650466621081e+01
3718 3749 7.50909445606607395e+00
3821 3749 5.02531705905960351e+01
3750 3750 -2.16608493924982881e-01
3720 3750 1.99279814410984246e-01
3821 3750 1.73286795139986315e-02
3751 3751 -3.30070085980926322e+01
3821 3751 3.30070085980926322e+01
3752 3752 -1.06638027778453125e-02
3722 3752 8.12480145631339946e-03
3740 3752 1.52339993981492547e-03
3821 3752 1.01560020869868178e-03
3753 3753 -8.55737259950549792e-03
3722 3753 6.33245572363406832e-03
3740 3753 1.28360588992582460e-03
3821 3753 9.41310985945604780e-04
3754 3754 -3.01368339373889293e-01
3723 3754 8.77771753995516824e-03
3821 3754 2.92590594710783580e-01
3755 3755 -1.15524530093324214e-03
3821 3755 1.15524530093324214e-03
3756 3756 -1.92540883488873690e-04
3725 3756 1.92540883488873690e-04
3757 3757 -6.93147180559945286e-01
3821 3757 6.93147180559945286e-01
3758 3758 -4.07733635623497237e-01
3728 3758 3.26186908498797834e-01
3821 3758 8.15467271246994585e-02
3759 3759 -4.07733635623497237e-01
3729 3759 2.60897336893678444e-01
3746 3759 1.46754752002694111e-01
3821 3759 8.15304177792745138e-05
3760 3760 -4.56017881947332393e-01
3730 3760 4.28656809030492414e-01
3821 3760 2.73610729168399409e-02
3761 3761 -8.88650231487109310e-01
3730 3761 7.73125701393785114e-01
3821 3761 1.15524530093324210e-01
3762 3762 -1.73286795139986322e-01
3732 3762 1.14952620130870709e-01
3749 3762 5.66184451217550955e-02
3821 3762 1.71571082581305320e-03
3763 3763 -3.46573590279972629e-02
3749 3763 3.46573590279972629e-02
3764 3764 -1.35911211874499083e+00
3733 3764 1.35911211874499083e+00
3765 3765 -4.56017881947332393e-01
3735 3765 4.02185518204908166e-01
3751 3765 1.11223855849871042e-02
3821 3765 4.27099644769006886e-02
3766 3766 -3.85081766977747375e-01
3736 3766 3.15767048921752835e-01
3821 3766 6.93147180559945258e-02
3767 3767 -1.98042051588555798e-02
3737 3767 1.32688174564332389e-02
3821 3767 6.53538770242234179e-03
3768 3768 -2.43209537038577284e-02
3738 3768 1.00723138162508250e-02
3755 3768 7.36998589716611908e-04
3821 3768 1.35116395954235323e-02
3769 3769 -3.85081766977747380e-03
3739 3769 3.85081766977747380e-03
3770 3770 -7.70163533955494761e-04
3740 3770 7.70163533955494761e-04
3771 3771 -2.16608493924982895e+02
3821 3771 2.16608493924982895e+02
3772 3772 -1.24891383884674823e+00
3745 3772 1.02183857271254230e+00
3821 3772 2.27075141242821965e-01
3773 3773 -1.92540883488873703e+02
3746 3773 9.62704417444368516e+01
3821 3773 9.62704417444368516e+01
3774 3774 -3.01368339373889249e+00
3747 3774 2.98384491445748345e+00
3821 3774 2.98384491445748377e-02
3775 3775 -8.77401494379677445e+01
3749 3775 1.93028328763529053e+01
3821 3775 6.84373165616148498e+01
3776 3776 -6.93147180559945286e-01
3750 3776 4.85203026391961667e-01
3821 3776 2.07944154167983591e-01
3777 3777 -5.77622650466621135e+00
3750 3777 2.88811325233310567e+00
3776 3777 2.88811325233310567e+00
3778 3778 -1.54032706791098963e+01
3751 3778 4.07733508773032849e+00
3821 3778 1.13259340510524993e+01
3779 3779 -8.66433975699931608e-02
3752 3779 3.72566609550970609e-02
3821 3779 4.93867366148960998e-02
3780 3780 -2.77258872223978131e-02
3754 3780 7.33920315791459100e-03
3821 3780 2.03866812918944984e-02
3781 3781 -1.38629436111989066e-02
3757 3781 1.38629436111989066e-02
3782 3782 -2.31049060186648467e+03
3759 3782 2.31049060186648467e+03
3783 3783 -5.33190138892265608e+01
3760 3783 4.82410123125430133e+01
3821 3783 5.07800104349340931e+00
3784 3784 -6.79556059372495458e+00
3762 3784 6.79556059372495458e+00
3785 3785 -3.15066900254520590e+01
3762 3785 3.15066900254520590e+01
3786 3786 -3.46573590279972632e+03
3764 3786 3.46573590279972632e+03
3787 3787 -1.05022300084840192e+00
3765 3787 1.05022300084840192e+00
3788 3788 -6.30133800509041109e-01
3766 3788 6.30133800509041109e-01
3789 3789 -1.28360588992582458e-01
3767 3789 1.28360588992582458e-01
3790 3790 -3.30070085980926353e-02
3768 3790 3.30070085980926353e-02
3791 3791 -1.38629436111989066e-02
3770 3791 1.38629436111989066e-02
3792 3792 -1.95252726918294428e+02
3772 3792 1.95252726918294428e+02
3793 3793 -8.66433975699931580e+02
3773 3793 4.33216987849965790e+02
3821 3793 4.33216987849965790e+02
3794 3794 -3.38120575882900084e+02
3774 3794 3.34772844061083447e+02
3821 3794 3.34772844061083497e+00
3795 3795 -2.31049060186648467e+03
3774 3795 2.31049060186648467e+03
3796 3796 -2.61564973796205777e+02
3775 3796 2.57953598515996305e+02
3821 3796 3.61134912371207406e+00
3797 3797 -1.27182968910081708e+01
3776 3797 1.01746375128065374e+01
3821 3797 2.54365937820163435e+00
3798 3798 -5.77622650466621090e-01
3778 3798 5.77622650466621090e-01
3799 3799 -5.37323395782903293e-02
3779 3799 5.37323395782903293e-02
3800 3800 -1.38629436111989066e-02
3781 3800 1.38629436111989066e-02
3801 3801 -5.77622650466621049e-03
3783 3801 5.77622650466621049e-03
3802 3802 -3.85081766977747407e+02
3784 3802 3.85081766977747407e+02
3803 3803 -4.07733635623497264e+02
3784 3803 4.07733635623497264e+02
3804 3804 -6.93147180559945326e+01
3786 3804 6.93147180559945326e+01
3805 3805 -3.08065413582197927e+01
3787 3805 3.08065413582197927e+01
3806 3806 -1.38629436111989044e+01
3788 3806 1.38629436111989044e+01
3807 3807 -1.14569781910734761e+02
3789 3807 1.14569781910734761e+02
3808 3808 -1.38629436111989052e-01
3790 3808 1.38629436111989052e-01
3809 3809 -3.46573590279972629e-02
3791 3809 1.73286795139986315e-02
3821 3809 1.73286795139986315e-02
3810 3810 -2.47552564485694747e+05
3792 3810 2.47552564485694747e+05
3811 3811 -6.93147180559945264e+03
3793 3811 6.93147180559945264e+03
3812 3812 -2.58637007671621359e+03
3794 3812 2.58637007671621359e+03
3813 3813 -4.62098120373296933e+03
3796 3813 4.61173924132550383e+03
3821 3813 9.24196240746593922e+00
3814 3814 -7.70163533955494870e+01
3796 3814 5.39114473768846381e+01
3813 3814 2.31049060186648454e+01
3815 3815 -4.06537935812284672e+02
3797 3815 4.06537935812284672e+02
3816 3816 -8.01326220300514791e+00
3797 3816 8.01326220300514791e+00
3817 3817 -6.93147180559945286e-01
3821 3817 6.93147180559945286e-01
3818 3818 -3.08065413582197925e+03
3799 3818 3.08065413582197925e+03
3819 3819 -3.64814305557865914e+00
3821 3819 3.64814305557865959e+00
3820 3820 -1.69060287941450042e+02
3805 3820 1.69060287941450042e+02
reaction 9
526 525 1.34004070800195541e-27
525 525 -6.67314396747304207e-25
495 525 9.39868126279598369e-26
466 525 3.64171383203319396e-26
524 525 4.42452424255930240e-25
493 525 8.47563605772833786e-29
494 525 9.04469785505712880e-26
465 525 2.58624408665971177e-27
468 525 1.83727195046233421e-33
n0 1
525 1.0
cram 2.12485371049522388e-16 8
3.50910360841491809e+00 8.43619898588437422e+00 5.46493057687020973e+03 -3.79798357530835565e+04
5.94815226895117721e+00 3.58745736201832210e+00 9.04511247690754772e+01 -1.11553752243026111e+03
-5.26497134344264683e+00 1.62202214731679284e+01 2.34481807046764089e+02 -4.22802015707049577e+02
1.41937589718566604e+00 1.09253634844967191e+01 9.45330406735831161e+01 -2.95129429144604785e+02
6.41617769909943458e+00 1.19412239337013903e+00 7.28379295467340853e+02 -1.20564608022001106e+05
4.99317473771799669e+00 5.99688171360394229e+00 3.64822905959485126e+01 -1.15550962140968196e+02
-1.41392846248888593e+00 1.34977256988927508e+01 2.54732163015681898e+01 -2.63950028302150201e+01
-1.08439170786969896e+01 1.92774461671816510e+01 2.39453833873470892e+01 -5.65052297177815621e+00
schedule 4
3.15576000000000000e+07 1.00000000000000000e+14
8.64000000000000000e+04 0.00000000000000000e+00
3.14712000000000000e+07 0.00000000000000000e+00
3.12420240000000000e+09 0.00000000000000000e+00
prune 1
