  1/2847 n_001-H-1_0125.dat 2.2s rows=2 led=0  total 2s
  51/2847 n_011-Na-24_1128.dat 4.5s rows=56 led=1  total 23s
Fe56   MT102        own=1.340041e-03 b  omc=1.340041e-03 b  rel=0.00e+00  
Fe56   MT103        own=9.398681e-02 b  omc=9.398681e-02 b  rel=0.00e+00  
Fe56   MT107        own=3.641714e-02 b  omc=3.641714e-02 b  rel=0.00e+00  
Fe56   MT16         own=4.424524e-01 b  omc=4.424524e-01 b  rel=0.00e+00  
Fe56   MT105        own=8.475636e-05 b  omc=8.475636e-05 b  rel=0.00e+00  
Fe56   MT104        own=7.468242e-03 b  omc=7.468242e-03 b  rel=0.00e+00  
Fe56   MT28         own=8.297874e-02 b  omc=8.297874e-02 b  rel=0.00e+00  
Fe56   MT22         own=2.586244e-03 b  omc=2.586244e-03 b  rel=0.00e+00  
Fe56   MT32         own=0.000000e+00 b  omc=0.000000e+00 b  rel=0.00e+00  
Fe56   MT111        own=1.837272e-09 b  omc=1.837272e-09 b  rel=0.00e+00  
Ag107  MT102        own=3.028871e-02 b  omc=3.028871e-02 b  rel=0.00e+00  
Ag107  MT102  lfs=0 own=2.950822e-02 b  omc=2.950822e-02 b  rel=0.00e+00  
Ag107  MT102  lfs=1 own=7.804942e-04 b  omc=7.804942e-04 b  rel=0.00e+00  
W186   MT102        own=6.922947e-02 b  omc=6.922947e-02 b  rel=0.00e+00  
W186   MT16   lfs=0 own=8.960368e-01 b  omc=8.960368e-01 b  rel=0.00e+00  
W186   MT16   lfs=1 own=6.212343e-01 b  omc=6.212343e-01 b  rel=0.00e+00  
openmc errors: None
TENDL: {'LRP': 1, 'EL_eV': 1e-05, 'EH_eV': 850010.0, 'LRU': 1, 'LRF': 3, 'note': 'resolved-resonance reconstruction required before collapse; not attempted in P1'}
Fe56   MT102        own=1.340041e-03 b  omc=1.340041e-03 b  rel=0.00e+00  
Fe56   MT103        own=9.398681e-02 b  omc=9.398681e-02 b  rel=0.00e+00  
Fe56   MT107        own=3.641714e-02 b  omc=3.641714e-02 b  rel=0.00e+00  
Fe56   MT16         own=4.424524e-01 b  omc=4.424524e-01 b  rel=0.00e+00  
Fe56   MT105        own=8.475636e-05 b  omc=8.475636e-05 b  rel=0.00e+00  
Fe56   MT104        own=7.468242e-03 b  omc=7.468242e-03 b  rel=0.00e+00  
Fe56   MT28         own=8.297874e-02 b  omc=8.297874e-02 b  rel=0.00e+00  
Fe56   MT22         own=2.586244e-03 b  omc=2.586244e-03 b  rel=0.00e+00  
Fe56   MT32         own=0.000000e+00 b  omc=0.000000e+00 b  rel=0.00e+00  
Fe56   MT111        own=1.837272e-09 b  omc=1.837272e-09 b  rel=0.00e+00  
Ag107  MT102        own=3.028871e-02 b  omc=3.028871e-02 b  rel=0.00e+00  
Ag107  MT102  lfs=0 own=2.950822e-02 b  omc=2.950822e-02 b  rel=0.00e+00  
Ag107  MT102  lfs=1 own=7.804942e-04 b  omc=7.804942e-04 b  rel=0.00e+00  
W186   MT102        own=6.922947e-02 b  omc=6.922947e-02 b  rel=0.00e+00  
W186   MT16   lfs=0 own=8.960368e-01 b  omc=8.960368e-01 b  rel=0.00e+00  
W186   MT16   lfs=1 own=6.212343e-01 b  omc=6.212343e-01 b  rel=0.00e+00  
openmc errors: None
TENDL: {'LRP': 1, 'EL_eV': 1e-05, 'EH_eV': 850010.0, 'LRU': 1, 'LRF': 3, 'note': 'resolved-resonance reconstruction required before collapse; not attempted in P1'}
Fe56   MT102        own=1.340041e-03 b  omc=1.340041e-03 b  rel=0.00e+00  
Fe56   MT103        own=9.398681e-02 b  omc=9.398681e-02 b  rel=0.00e+00  
Fe56   MT107        own=3.641714e-02 b  omc=3.641714e-02 b  rel=0.00e+00  
Fe56   MT16         own=4.424524e-01 b  omc=4.424524e-01 b  rel=0.00e+00  
Fe56   MT105        own=8.475636e-05 b  omc=8.475636e-05 b  rel=0.00e+00  
Fe56   MT104        own=7.468242e-03 b  omc=7.468242e-03 b  rel=0.00e+00  
Fe56   MT28         own=8.297874e-02 b  omc=8.297874e-02 b  rel=0.00e+00  
Fe56   MT22         own=2.586244e-03 b  omc=2.586244e-03 b  rel=0.00e+00  
Fe56   MT32         own=0.000000e+00 b  omc=0.000000e+00 b  rel=0.00e+00  
Fe56   MT111        own=1.837272e-09 b  omc=1.837272e-09 b  rel=0.00e+00  
Ag107  MT102        own=3.028871e-02 b  omc=3.028871e-02 b  rel=0.00e+00  
Ag107  MT102  lfs=0 own=2.950822e-02 b  omc=2.950822e-02 b  rel=0.00e+00  
Ag107  MT102  lfs=1 own=7.804942e-04 b  omc=7.804942e-04 b  rel=0.00e+00  
W186   MT102        own=6.922947e-02 b  omc=6.922947e-02 b  rel=0.00e+00  
W186   MT16   lfs=0 own=8.960368e-01 b  omc=8.960368e-01 b  rel=0.00e+00  
W186   MT16   lfs=1 own=6.212343e-01 b  omc=6.212343e-01 b  rel=0.00e+00  
openmc errors: None
TENDL: {'LRP': 1, 'EL_eV': 1e-05, 'EH_eV': 850010.0, 'LRU': 1, 'LRF': 3, 'note': 'resolved-resonance reconstruction required before collapse; not attempted in P1'}
  101/2847 n_017-Cl-33_1719.dat 6.2s rows=52 led=1  total 92s
Fe56   MT102        own=1.340041e-03 b  omc=1.340041e-03 b  rel=0.00e+00  
Fe56   MT103        own=9.398681e-02 b  omc=9.398681e-02 b  rel=0.00e+00  
Fe56   MT107        own=3.641714e-02 b  omc=3.641714e-02 b  rel=0.00e+00  
Fe56   MT16         own=4.424524e-01 b  omc=4.424524e-01 b  rel=0.00e+00  
Fe56   MT105        own=8.475636e-05 b  omc=8.475636e-05 b  rel=0.00e+00  
Fe56   MT104        own=7.468242e-03 b  omc=7.468242e-03 b  rel=0.00e+00  
Fe56   MT28         own=8.297874e-02 b  omc=8.297874e-02 b  rel=0.00e+00  
Fe56   MT22         own=2.586244e-03 b  omc=2.586244e-03 b  rel=0.00e+00  
Fe56   MT32         own=0.000000e+00 b  omc=0.000000e+00 b  rel=0.00e+00  
Fe56   MT111        own=1.837272e-09 b  omc=1.837272e-09 b  rel=0.00e+00  
Ag107  MT102        own=3.028871e-02 b  omc=3.028871e-02 b  rel=0.00e+00  
Ag107  MT102  lfs=0 own=2.950822e-02 b  omc=2.950822e-02 b  rel=0.00e+00  
Ag107  MT102  lfs=1 own=7.804942e-04 b  omc=7.804942e-04 b  rel=0.00e+00  
W186   MT102        own=6.922947e-02 b  omc=6.922947e-02 b  rel=0.00e+00  
W186   MT16   lfs=0 own=8.960368e-01 b  omc=8.960368e-01 b  rel=0.00e+00  
W186   MT16   lfs=1 own=6.212343e-01 b  omc=6.212343e-01 b  rel=0.00e+00  
openmc errors: None
TENDL: {'LRP': 1, 'EL_eV': 1e-05, 'EH_eV': 850010.0, 'LRU': 1, 'LRF': 3, 'note': 'resolved-resonance reconstruction required before collapse; not attempted in P1'}
Fe56   MT102        own=1.340041e-03 b  omc=1.340041e-03 b  rel=0.00e+00  
Fe56   MT103        own=9.398681e-02 b  omc=9.398681e-02 b  rel=0.00e+00  
Fe56   MT107        own=3.641714e-02 b  omc=3.641714e-02 b  rel=0.00e+00  
Fe56   MT16         own=4.424524e-01 b  omc=4.424524e-01 b  rel=0.00e+00  
Fe56   MT105        own=8.475636e-05 b  omc=8.475636e-05 b  rel=0.00e+00  
Fe56   MT104        own=7.468242e-03 b  omc=7.468242e-03 b  rel=0.00e+00  
Fe56   MT28         own=8.297874e-02 b  omc=8.297874e-02 b  rel=0.00e+00  
Fe56   MT22         own=2.586244e-03 b  omc=2.586244e-03 b  rel=0.00e+00  
Fe56   MT32         own=0.000000e+00 b  omc=0.000000e+00 b  rel=0.00e+00  
Fe56   MT111        own=1.837272e-09 b  omc=1.837272e-09 b  rel=0.00e+00  
Ag107  MT102        own=3.028871e-02 b  omc=3.028871e-02 b  rel=0.00e+00  
Ag107  MT102  lfs=0 own=2.950822e-02 b  omc=2.950822e-02 b  rel=0.00e+00  
Ag107  MT102  lfs=1 own=7.804942e-04 b  omc=7.804942e-04 b  rel=0.00e+00  
W186   MT102        own=6.922947e-02 b  omc=6.922947e-02 b  rel=0.00e+00  
W186   MT16   lfs=0 own=8.960368e-01 b  omc=8.960368e-01 b  rel=0.00e+00  
W186   MT16   lfs=1 own=6.212343e-01 b  omc=6.212343e-01 b  rel=0.00e+00  
openmc errors: None
TENDL: {'LRP': 1, 'EL_eV': 1e-05, 'EH_eV': 850010.0, 'LRU': 1, 'LRF': 3, 'note': 'resolved-resonance reconstruction required before collapse; not attempted in P1'}
Fe56   MT102        own=1.340041e-03 b  omc=1.340041e-03 b  rel=0.00e+00  
Fe56   MT103        own=9.398681e-02 b  omc=9.398681e-02 b  rel=0.00e+00  
Fe56   MT107        own=3.641714e-02 b  omc=3.641714e-02 b  rel=0.00e+00  
Fe56   MT16         own=4.424524e-01 b  omc=4.424524e-01 b  rel=0.00e+00  
Fe56   MT105        own=8.475636e-05 b  omc=8.475636e-05 b  rel=0.00e+00  
Fe56   MT104        own=7.468242e-03 b  omc=7.468242e-03 b  rel=0.00e+00  
Fe56   MT28         own=8.297874e-02 b  omc=8.297874e-02 b  rel=0.00e+00  
Fe56   MT22         own=2.586244e-03 b  omc=2.586244e-03 b  rel=0.00e+00  
Fe56   MT32         own=0.000000e+00 b  omc=0.000000e+00 b  rel=0.00e+00  
Fe56   MT111        own=1.837272e-09 b  omc=1.837272e-09 b  rel=0.00e+00  
Ag107  MT102        own=3.028871e-02 b  omc=3.028871e-02 b  rel=0.00e+00  
Ag107  MT102  lfs=0 own=2.950822e-02 b  omc=2.950822e-02 b  rel=0.00e+00  
Ag107  MT102  lfs=1 own=7.804942e-04 b  omc=7.804942e-04 b  rel=0.00e+00  
W186   MT102        own=6.922947e-02 b  omc=6.922947e-02 b  rel=0.00e+00  
W186   MT16   lfs=0 own=8.960368e-01 b  omc=8.960368e-01 b  rel=0.00e+00  
W186   MT16   lfs=1 own=6.212343e-01 b  omc=6.212343e-01 b  rel=0.00e+00  
openmc errors: None
TENDL: {'LRP': 1, 'EL_eV': 1e-05, 'EH_eV': 850010.0, 'LRU': 1, 'LRF': 3, 'note': 'resolved-resonance reconstruction required before collapse; not attempted in P1'}
  151/2847 n_020-Ca-52_2061.dat 3.2s rows=32 led=1  total 218s
Fe56   MT102        own=1.340041e-03 b  omc=1.340041e-03 b  rel=0.00e+00  
Fe56   MT103        own=9.398681e-02 b  omc=9.398681e-02 b  rel=0.00e+00  
Fe56   MT107        own=3.641714e-02 b  omc=3.641714e-02 b  rel=0.00e+00  
Fe56   MT16         own=4.424524e-01 b  omc=4.424524e-01 b  rel=0.00e+00  
Fe56   MT105        own=8.475636e-05 b  omc=8.475636e-05 b  rel=0.00e+00  
Fe56   MT104        own=7.468242e-03 b  omc=7.468242e-03 b  rel=0.00e+00  
Fe56   MT28         own=8.297874e-02 b  omc=8.297874e-02 b  rel=0.00e+00  
Fe56   MT22         own=2.586244e-03 b  omc=2.586244e-03 b  rel=0.00e+00  
Fe56   MT32         own=0.000000e+00 b  omc=0.000000e+00 b  rel=0.00e+00  
Fe56   MT111        own=1.837272e-09 b  omc=1.837272e-09 b  rel=0.00e+00  
Ag107  MT102        own=3.028871e-02 b  omc=3.028871e-02 b  rel=0.00e+00  
Ag107  MT102  lfs=0 own=2.950822e-02 b  omc=2.950822e-02 b  rel=0.00e+00  
Ag107  MT102  lfs=1 own=7.804942e-04 b  omc=7.804942e-04 b  rel=0.00e+00  
W186   MT102        own=6.922947e-02 b  omc=6.922947e-02 b  rel=0.00e+00  
W186   MT16   lfs=0 own=8.960368e-01 b  omc=8.960368e-01 b  rel=0.00e+00  
W186   MT16   lfs=1 own=6.212343e-01 b  omc=6.212343e-01 b  rel=0.00e+00  
openmc errors: None
TENDL: {'LRP': 1, 'EL_eV': 1e-05, 'EH_eV': 850010.0, 'LRU': 1, 'LRF': 3, 'note': 'resolved-resonance reconstruction required before collapse; not attempted in P1'}
Fe56   MT102        own=1.340041e-03 b  omc=1.340041e-03 b  rel=0.00e+00  
Fe56   MT103        own=9.398681e-02 b  omc=9.398681e-02 b  rel=0.00e+00  
Fe56   MT107        own=3.641714e-02 b  omc=3.641714e-02 b  rel=0.00e+00  
Fe56   MT16         own=4.424524e-01 b  omc=4.424524e-01 b  rel=0.00e+00  
Fe56   MT105        own=8.475636e-05 b  omc=8.475636e-05 b  rel=0.00e+00  
Fe56   MT104        own=7.468242e-03 b  omc=7.468242e-03 b  rel=0.00e+00  
Fe56   MT28         own=8.297874e-02 b  omc=8.297874e-02 b  rel=0.00e+00  
Fe56   MT22         own=2.586244e-03 b  omc=2.586244e-03 b  rel=0.00e+00  
Fe56   MT32         own=0.000000e+00 b  omc=0.000000e+00 b  rel=0.00e+00  
Fe56   MT111        own=1.837272e-09 b  omc=1.837272e-09 b  rel=0.00e+00  
Ag107  MT102        own=3.028871e-02 b  omc=3.028871e-02 b  rel=0.00e+00  
Ag107  MT102  lfs=0 own=2.950822e-02 b  omc=2.950822e-02 b  rel=0.00e+00  
Ag107  MT102  lfs=1 own=7.804942e-04 b  omc=7.804942e-04 b  rel=0.00e+00  
W186   MT102        own=6.922947e-02 b  omc=6.922947e-02 b  rel=0.00e+00  
W186   MT16   lfs=0 own=8.960368e-01 b  omc=8.960368e-01 b  rel=0.00e+00  
W186   MT16   lfs=1 own=6.212343e-01 b  omc=6.212343e-01 b  rel=0.00e+00  
openmc errors: None
TENDL: {'LRP': 1, 'EL_eV': 1e-05, 'EH_eV': 850010.0, 'LRU': 1, 'LRF': 3, 'note': 'resolved-resonance reconstruction required before collapse; not attempted in P1'}
  201/2847 n_025-Mn-52M_2517.dat 4.6s rows=53 led=1  total 266s
Fe56   MT102        own=1.340041e-03 b  omc=1.340041e-03 b  rel=0.00e+00  
Fe56   MT103        own=9.398681e-02 b  omc=9.398681e-02 b  rel=0.00e+00  
Fe56   MT107        own=3.641714e-02 b  omc=3.641714e-02 b  rel=0.00e+00  
Fe56   MT16         own=4.424524e-01 b  omc=4.424524e-01 b  rel=0.00e+00  
Fe56   MT105        own=8.475636e-05 b  omc=8.475636e-05 b  rel=0.00e+00  
Fe56   MT104        own=7.468242e-03 b  omc=7.468242e-03 b  rel=0.00e+00  
Fe56   MT28         own=8.297874e-02 b  omc=8.297874e-02 b  rel=0.00e+00  
Fe56   MT22         own=2.586244e-03 b  omc=2.586244e-03 b  rel=0.00e+00  
Fe56   MT32         own=0.000000e+00 b  omc=0.000000e+00 b  rel=0.00e+00  
Fe56   MT111        own=1.837272e-09 b  omc=1.837272e-09 b  rel=0.00e+00  
Ag107  MT102        own=3.028871e-02 b  omc=3.028871e-02 b  rel=0.00e+00  
Ag107  MT102  lfs=0 own=2.950822e-02 b  omc=2.950822e-02 b  rel=0.00e+00  
Ag107  MT102  lfs=1 own=7.804942e-04 b  omc=7.804942e-04 b  rel=0.00e+00  
W186   MT102        own=6.922947e-02 b  omc=6.922947e-02 b  rel=0.00e+00  
W186   MT16   lfs=0 own=8.960368e-01 b  omc=8.960368e-01 b  rel=0.00e+00  
W186   MT16   lfs=1 own=6.212343e-01 b  omc=6.212343e-01 b  rel=0.00e+00  
openmc errors: None
TENDL: {'LRP': 1, 'EL_eV': 1e-05, 'EH_eV': 850010.0, 'LRU': 1, 'LRF': 3, 'note': 'resolved-resonance reconstruction required before collapse; not attempted in P1'}
Fe56   MT102        own=1.340041e-03 b  omc=1.340041e-03 b  rel=0.00e+00  
Fe56   MT103        own=9.398681e-02 b  omc=9.398681e-02 b  rel=0.00e+00  
Fe56   MT107        own=3.641714e-02 b  omc=3.641714e-02 b  rel=0.00e+00  
Fe56   MT16         own=4.424524e-01 b  omc=4.424524e-01 b  rel=0.00e+00  
Fe56   MT105        own=8.475636e-05 b  omc=8.475636e-05 b  rel=0.00e+00  
Fe56   MT104        own=7.468242e-03 b  omc=7.468242e-03 b  rel=0.00e+00  
Fe56   MT28         own=8.297874e-02 b  omc=8.297874e-02 b  rel=0.00e+00  
Fe56   MT22         own=2.586244e-03 b  omc=2.586244e-03 b  rel=0.00e+00  
Fe56   MT32         own=0.000000e+00 b  omc=0.000000e+00 b  rel=0.00e+00  
Fe56   MT111        own=1.837272e-09 b  omc=1.837272e-09 b  rel=0.00e+00  
Ag107  MT102        own=3.028871e-02 b  omc=3.028871e-02 b  rel=0.00e+00  
Ag107  MT102  lfs=0 own=2.950822e-02 b  omc=2.950822e-02 b  rel=0.00e+00  
Ag107  MT102  lfs=1 own=7.804942e-04 b  omc=7.804942e-04 b  rel=0.00e+00  
W186   MT102        own=6.922947e-02 b  omc=6.922947e-02 b  rel=0.00e+00  
W186   MT16   lfs=0 own=8.960368e-01 b  omc=8.960368e-01 b  rel=0.00e+00  
W186   MT16   lfs=1 own=6.212343e-01 b  omc=6.212343e-01 b  rel=0.00e+00  
openmc errors: None
TENDL: {'LRP': 1, 'EL_eV': 1e-05, 'EH_eV': 850010.0, 'LRU': 1, 'LRF': 3, 'note': 'resolved-resonance reconstruction required before collapse; not attempted in P1'}
Fe56   MT102        own=1.340041e-03 b  omc=1.340041e-03 b  rel=0.00e+00  
Fe56   MT103        own=9.398681e-02 b  omc=9.398681e-02 b  rel=0.00e+00  
Fe56   MT107        own=3.641714e-02 b  omc=3.641714e-02 b  rel=0.00e+00  
Fe56   MT16         own=4.424524e-01 b  omc=4.424524e-01 b  rel=0.00e+00  
Fe56   MT105        own=8.475636e-05 b  omc=8.475636e-05 b  rel=0.00e+00  
Fe56   MT104        own=7.468242e-03 b  omc=7.468242e-03 b  rel=0.00e+00  
Fe56   MT28         own=8.297874e-02 b  omc=8.297874e-02 b  rel=0.00e+00  
Fe56   MT22         own=2.586244e-03 b  omc=2.586244e-03 b  rel=0.00e+00  
Fe56   MT32         own=0.000000e+00 b  omc=0.000000e+00 b  rel=0.00e+00  
Fe56   MT111        own=1.837272e-09 b  omc=1.837272e-09 b  rel=0.00e+00  
Ag107  MT102        own=3.028871e-02 b  omc=3.028871e-02 b  rel=0.00e+00  
Ag107  MT102  lfs=0 own=2.950822e-02 b  omc=2.950822e-02 b  rel=0.00e+00  
Ag107  MT102  lfs=1 own=7.804942e-04 b  omc=7.804942e-04 b  rel=0.00e+00  
W186   MT102        own=6.922947e-02 b  omc=6.922947e-02 b  rel=0.00e+00  
W186   MT16   lfs=0 own=8.960368e-01 b  omc=8.960368e-01 b  rel=0.00e+00  
W186   MT16   lfs=1 own=6.212343e-01 b  omc=6.212343e-01 b  rel=0.00e+00  
openmc errors: None
TENDL: {'LRP': 1, 'EL_eV': 1e-05, 'EH_eV': 850010.0, 'LRU': 1, 'LRF': 3, 'note': 'resolved-resonance reconstruction required before collapse; not attempted in P1'}
Fe56   MT102        own=1.340041e-03 b  omc=1.340041e-03 b  rel=0.00e+00  
Fe56   MT103        own=9.398681e-02 b  omc=9.398681e-02 b  rel=0.00e+00  
Fe56   MT107        own=3.641714e-02 b  omc=3.641714e-02 b  rel=0.00e+00  
Fe56   MT16         own=4.424524e-01 b  omc=4.424524e-01 b  rel=0.00e+00  
Fe56   MT105        own=8.475636e-05 b  omc=8.475636e-05 b  rel=0.00e+00  
Fe56   MT104        own=7.468242e-03 b  omc=7.468242e-03 b  rel=0.00e+00  
Fe56   MT28         own=8.297874e-02 b  omc=8.297874e-02 b  rel=0.00e+00  
Fe56   MT22         own=2.586244e-03 b  omc=2.586244e-03 b  rel=0.00e+00  
Fe56   MT32         own=0.000000e+00 b  omc=0.000000e+00 b  rel=0.00e+00  
Fe56   MT111        own=1.837272e-09 b  omc=1.837272e-09 b  rel=0.00e+00  
Ag107  MT102        own=3.028871e-02 b  omc=3.028871e-02 b  rel=0.00e+00  
Ag107  MT102  lfs=0 own=2.950822e-02 b  omc=2.950822e-02 b  rel=0.00e+00  
Ag107  MT102  lfs=1 own=7.804942e-04 b  omc=7.804942e-04 b  rel=0.00e+00  
W186   MT102        own=6.922947e-02 b  omc=6.922947e-02 b  rel=0.00e+00  
W186   MT16   lfs=0 own=8.960368e-01 b  omc=8.960368e-01 b  rel=0.00e+00  
W186   MT16   lfs=1 own=6.212343e-01 b  omc=6.212343e-01 b  rel=0.00e+00  
openmc errors: None
TENDL: {'LRP': 1, 'EL_eV': 1e-05, 'EH_eV': 850010.0, 'LRU': 1, 'LRF': 3, 'note': 'resolved-resonance reconstruction required before collapse; not attempted in P1'}
  251/2847 n_028-Ni-64_2843.dat 7.4s rows=61 led=1  total 557s
Fe56   MT102        own=1.340041e-03 b  omc=1.340041e-03 b  rel=0.00e+00  
Fe56   MT103        own=9.398681e-02 b  omc=9.398681e-02 b  rel=0.00e+00  
Fe56   MT107        own=3.641714e-02 b  omc=3.641714e-02 b  rel=0.00e+00  
Fe56   MT16         own=4.424524e-01 b  omc=4.424524e-01 b  rel=0.00e+00  
Fe56   MT105        own=8.475636e-05 b  omc=8.475636e-05 b  rel=0.00e+00  
Fe56   MT104        own=7.468242e-03 b  omc=7.468242e-03 b  rel=0.00e+00  
Fe56   MT28         own=8.297874e-02 b  omc=8.297874e-02 b  rel=0.00e+00  
Fe56   MT22         own=2.586244e-03 b  omc=2.586244e-03 b  rel=0.00e+00  
Fe56   MT32         own=0.000000e+00 b  omc=0.000000e+00 b  rel=0.00e+00  
Fe56   MT111        own=1.837272e-09 b  omc=1.837272e-09 b  rel=0.00e+00  
Ag107  MT102        own=3.028871e-02 b  omc=3.028871e-02 b  rel=0.00e+00  
Ag107  MT102  lfs=0 own=2.950822e-02 b  omc=2.950822e-02 b  rel=0.00e+00  
Ag107  MT102  lfs=1 own=7.804942e-04 b  omc=7.804942e-04 b  rel=0.00e+00  
W186   MT102        own=6.922947e-02 b  omc=6.922947e-02 b  rel=0.00e+00  
W186   MT16   lfs=0 own=8.960368e-01 b  omc=8.960368e-01 b  rel=0.00e+00  
W186   MT16   lfs=1 own=6.212343e-01 b  omc=6.212343e-01 b  rel=0.00e+00  
openmc errors: None
TENDL: {'LRP': 1, 'EL_eV': 1e-05, 'EH_eV': 850010.0, 'LRU': 1, 'LRF': 3, 'note': 'resolved-resonance reconstruction required before collapse; not attempted in P1'}
Fe56   MT102        own=1.340041e-03 b  omc=1.340041e-03 b  rel=0.00e+00  
Fe56   MT103        own=9.398681e-02 b  omc=9.398681e-02 b  rel=0.00e+00  
Fe56   MT107        own=3.641714e-02 b  omc=3.641714e-02 b  rel=0.00e+00  
Fe56   MT16         own=4.424524e-01 b  omc=4.424524e-01 b  rel=0.00e+00  
Fe56   MT105        own=8.475636e-05 b  omc=8.475636e-05 b  rel=0.00e+00  
Fe56   MT104        own=7.468242e-03 b  omc=7.468242e-03 b  rel=0.00e+00  
Fe56   MT28         own=8.297874e-02 b  omc=8.297874e-02 b  rel=0.00e+00  
Fe56   MT22         own=2.586244e-03 b  omc=2.586244e-03 b  rel=0.00e+00  
Fe56   MT32         own=0.000000e+00 b  omc=0.000000e+00 b  rel=0.00e+00  
Fe56   MT111        own=1.837272e-09 b  omc=1.837272e-09 b  rel=0.00e+00  
Ag107  MT102        own=3.028871e-02 b  omc=3.028871e-02 b  rel=0.00e+00  
Ag107  MT102  lfs=0 own=2.950822e-02 b  omc=2.950822e-02 b  rel=0.00e+00  
Ag107  MT102  lfs=1 own=7.804942e-04 b  omc=7.804942e-04 b  rel=0.00e+00  
W186   MT102        own=6.922947e-02 b  omc=6.922947e-02 b  rel=0.00e+00  
W186   MT16   lfs=0 own=8.960368e-01 b  omc=8.960368e-01 b  rel=0.00e+00  
W186   MT16   lfs=1 own=6.212343e-01 b  omc=6.212343e-01 b  rel=0.00e+00  
openmc errors: None
TENDL: {'LRP': 1, 'EL_eV': 1e-05, 'EH_eV': 850010.0, 'LRU': 1, 'LRF': 3, 'note': 'resolved-resonance reconstruction required before collapse; not attempted in P1'}
Fe56   MT102        own=1.340041e-03 b  omc=1.340041e-03 b  rel=0.00e+00  
Fe56   MT103        own=9.398681e-02 b  omc=9.398681e-02 b  rel=0.00e+00  
Fe56   MT107        own=3.641714e-02 b  omc=3.641714e-02 b  rel=0.00e+00  
Fe56   MT16         own=4.424524e-01 b  omc=4.424524e-01 b  rel=0.00e+00  
Fe56   MT105        own=8.475636e-05 b  omc=8.475636e-05 b  rel=0.00e+00  
Fe56   MT104        own=7.468242e-03 b  omc=7.468242e-03 b  rel=0.00e+00  
Fe56   MT28         own=8.297874e-02 b  omc=8.297874e-02 b  rel=0.00e+00  
Fe56   MT22         own=2.586244e-03 b  omc=2.586244e-03 b  rel=0.00e+00  
Fe56   MT32         own=0.000000e+00 b  omc=0.000000e+00 b  rel=0.00e+00  
Fe56   MT111        own=1.837272e-09 b  omc=1.837272e-09 b  rel=0.00e+00  
Ag107  MT102        own=3.028871e-02 b  omc=3.028871e-02 b  rel=0.00e+00  
Ag107  MT102  lfs=0 own=2.950822e-02 b  omc=2.950822e-02 b  rel=0.00e+00  
Ag107  MT102  lfs=1 own=7.804942e-04 b  omc=7.804942e-04 b  rel=0.00e+00  
W186   MT102        own=6.922947e-02 b  omc=6.922947e-02 b  rel=0.00e+00  
W186   MT16   lfs=0 own=8.960368e-01 b  omc=8.960368e-01 b  rel=0.00e+00  
W186   MT16   lfs=1 own=6.212343e-01 b  omc=6.212343e-01 b  rel=0.00e+00  
openmc errors: None
TENDL: {'LRP': 1, 'EL_eV': 1e-05, 'EH_eV': 850010.0, 'LRU': 1, 'LRF': 3, 'note': 'resolved-resonance reconstruction required before collapse; not attempted in P1'}
Fe56   MT102        own=1.340041e-03 b  omc=1.340041e-03 b  rel=0.00e+00  
Fe56   MT103        own=9.398681e-02 b  omc=9.398681e-02 b  rel=0.00e+00  
Fe56   MT107        own=3.641714e-02 b  omc=3.641714e-02 b  rel=0.00e+00  
Fe56   MT16         own=4.424524e-01 b  omc=4.424524e-01 b  rel=0.00e+00  
Fe56   MT105        own=8.475636e-05 b  omc=8.475636e-05 b  rel=0.00e+00  
Fe56   MT104        own=7.468242e-03 b  omc=7.468242e-03 b  rel=0.00e+00  
Fe56   MT28         own=8.297874e-02 b  omc=8.297874e-02 b  rel=0.00e+00  
Fe56   MT22         own=2.586244e-03 b  omc=2.586244e-03 b  rel=0.00e+00  
Fe56   MT32         own=0.000000e+00 b  omc=0.000000e+00 b  rel=0.00e+00  
Fe56   MT111        own=1.837272e-09 b  omc=1.837272e-09 b  rel=0.00e+00  
Ag107  MT102        own=3.028871e-02 b  omc=3.028871e-02 b  rel=0.00e+00  
Ag107  MT102  lfs=0 own=2.950822e-02 b  omc=2.950822e-02 b  rel=0.00e+00  
Ag107  MT102  lfs=1 own=7.804942e-04 b  omc=7.804942e-04 b  rel=0.00e+00  
W186   MT102        own=6.922947e-02 b  omc=6.922947e-02 b  rel=0.00e+00  
W186   MT16   lfs=0 own=8.960368e-01 b  omc=8.960368e-01 b  rel=0.00e+00  
W186   MT16   lfs=1 own=6.212343e-01 b  omc=6.212343e-01 b  rel=0.00e+00  
openmc errors: None
TENDL: {'LRP': 1, 'EL_eV': 1e-05, 'EH_eV': 850010.0, 'LRU': 1, 'LRF': 3, 'note': 'resolved-resonance reconstruction required before collapse; not attempted in P1'}
  301/2847 n_030-Zn-76_3061.dat 6.8s rows=38 led=1  total 755s
  351/2847 n_033-As-68_3304.dat 3.5s rows=58 led=1  total 756s
Fe56   MT102        own=1.340041e-03 b  omc=1.340041e-03 b  rel=0.00e+00  
Fe56   MT103        own=9.398681e-02 b  omc=9.398681e-02 b  rel=0.00e+00  
Fe56   MT107        own=3.641714e-02 b  omc=3.641714e-02 b  rel=0.00e+00  
Fe56   MT16         own=4.424524e-01 b  omc=4.424524e-01 b  rel=0.00e+00  
Fe56   MT105        own=8.475636e-05 b  omc=8.475636e-05 b  rel=0.00e+00  
Fe56   MT104        own=7.468242e-03 b  omc=7.468242e-03 b  rel=0.00e+00  
Fe56   MT28         own=8.297874e-02 b  omc=8.297874e-02 b  rel=0.00e+00  
Fe56   MT22         own=2.586244e-03 b  omc=2.586244e-03 b  rel=0.00e+00  
Fe56   MT32         own=0.000000e+00 b  omc=0.000000e+00 b  rel=0.00e+00  
Fe56   MT111        own=1.837272e-09 b  omc=1.837272e-09 b  rel=0.00e+00  
Ag107  MT102        own=3.028871e-02 b  omc=3.028871e-02 b  rel=0.00e+00  
Ag107  MT102  lfs=0 own=2.950822e-02 b  omc=2.950822e-02 b  rel=0.00e+00  
Ag107  MT102  lfs=1 own=7.804942e-04 b  omc=7.804942e-04 b  rel=0.00e+00  
W186   MT102        own=6.922947e-02 b  omc=6.922947e-02 b  rel=0.00e+00  
W186   MT16   lfs=0 own=8.960368e-01 b  omc=8.960368e-01 b  rel=0.00e+00  
W186   MT16   lfs=1 own=6.212343e-01 b  omc=6.212343e-01 b  rel=0.00e+00  
openmc errors: None
TENDL: {'LRP': 1, 'EL_eV': 1e-05, 'EH_eV': 850010.0, 'LRU': 1, 'LRF': 3, 'note': 'resolved-resonance reconstruction required before collapse; not attempted in P1'}
Fe56   MT102        own=1.340041e-03 b  omc=1.340041e-03 b  rel=0.00e+00  
Fe56   MT103        own=9.398681e-02 b  omc=9.398681e-02 b  rel=0.00e+00  
Fe56   MT107        own=3.641714e-02 b  omc=3.641714e-02 b  rel=0.00e+00  
Fe56   MT16         own=4.424524e-01 b  omc=4.424524e-01 b  rel=0.00e+00  
Fe56   MT105        own=8.475636e-05 b  omc=8.475636e-05 b  rel=0.00e+00  
Fe56   MT104        own=7.468242e-03 b  omc=7.468242e-03 b  rel=0.00e+00  
Fe56   MT28         own=8.297874e-02 b  omc=8.297874e-02 b  rel=0.00e+00  
Fe56   MT22         own=2.586244e-03 b  omc=2.586244e-03 b  rel=0.00e+00  
Fe56   MT32         own=0.000000e+00 b  omc=0.000000e+00 b  rel=0.00e+00  
Fe56   MT111        own=1.837272e-09 b  omc=1.837272e-09 b  rel=0.00e+00  
Ag107  MT102        own=3.028871e-02 b  omc=3.028871e-02 b  rel=0.00e+00  
Ag107  MT102  lfs=0 own=2.950822e-02 b  omc=2.950822e-02 b  rel=0.00e+00  
Ag107  MT102  lfs=1 own=7.804942e-04 b  omc=7.804942e-04 b  rel=0.00e+00  
W186   MT102        own=6.922947e-02 b  omc=6.922947e-02 b  rel=0.00e+00  
W186   MT16   lfs=0 own=8.960368e-01 b  omc=8.960368e-01 b  rel=0.00e+00  
W186   MT16   lfs=1 own=6.212343e-01 b  omc=6.212343e-01 b  rel=0.00e+00  
openmc errors: None
TENDL: {'LRP': 1, 'EL_eV': 1e-05, 'EH_eV': 850010.0, 'LRU': 1, 'LRF': 3, 'note': 'resolved-resonance reconstruction required before collapse; not attempted in P1'}
  401/2847 n_035-Br-74M_3511.dat 10.4s rows=63 led=1  total 829s
Fe56   MT102        own=1.340041e-03 b  omc=1.340041e-03 b  rel=0.00e+00  
Fe56   MT103        own=9.398681e-02 b  omc=9.398681e-02 b  rel=0.00e+00  
Fe56   MT107        own=3.641714e-02 b  omc=3.641714e-02 b  rel=0.00e+00  
Fe56   MT16         own=4.424524e-01 b  omc=4.424524e-01 b  rel=0.00e+00  
Fe56   MT105        own=8.475636e-05 b  omc=8.475636e-05 b  rel=0.00e+00  
Fe56   MT104        own=7.468242e-03 b  omc=7.468242e-03 b  rel=0.00e+00  
Fe56   MT28         own=8.297874e-02 b  omc=8.297874e-02 b  rel=0.00e+00  
Fe56   MT22         own=2.586244e-03 b  omc=2.586244e-03 b  rel=0.00e+00  
Fe56   MT32         own=0.000000e+00 b  omc=0.000000e+00 b  rel=0.00e+00  
Fe56   MT111        own=1.837272e-09 b  omc=1.837272e-09 b  rel=0.00e+00  
Ag107  MT102        own=3.028871e-02 b  omc=3.028871e-02 b  rel=0.00e+00  
Ag107  MT102  lfs=0 own=2.950822e-02 b  omc=2.950822e-02 b  rel=0.00e+00  
Ag107  MT102  lfs=1 own=7.804942e-04 b  omc=7.804942e-04 b  rel=0.00e+00  
W186   MT102        own=6.922947e-02 b  omc=6.922947e-02 b  rel=0.00e+00  
W186   MT16   lfs=0 own=8.960368e-01 b  omc=8.960368e-01 b  rel=0.00e+00  
W186   MT16   lfs=1 own=6.212343e-01 b  omc=6.212343e-01 b  rel=0.00e+00  
openmc errors: None
TENDL: {'LRP': 1, 'EL_eV': 1e-05, 'EH_eV': 850010.0, 'LRU': 1, 'LRF': 3, 'note': 'resolved-resonance reconstruction required before collapse; not attempted in P1'}
Fe56   MT102        own=1.340041e-03 b  omc=1.340041e-03 b  rel=0.00e+00  
Fe56   MT103        own=9.398681e-02 b  omc=9.398681e-02 b  rel=0.00e+00  
Fe56   MT107        own=3.641714e-02 b  omc=3.641714e-02 b  rel=0.00e+00  
Fe56   MT16         own=4.424524e-01 b  omc=4.424524e-01 b  rel=0.00e+00  
Fe56   MT105        own=8.475636e-05 b  omc=8.475636e-05 b  rel=0.00e+00  
Fe56   MT104        own=7.468242e-03 b  omc=7.468242e-03 b  rel=0.00e+00  
Fe56   MT28         own=8.297874e-02 b  omc=8.297874e-02 b  rel=0.00e+00  
Fe56   MT22         own=2.586244e-03 b  omc=2.586244e-03 b  rel=0.00e+00  
Fe56   MT32         own=0.000000e+00 b  omc=0.000000e+00 b  rel=0.00e+00  
Fe56   MT111        own=1.837272e-09 b  omc=1.837272e-09 b  rel=0.00e+00  
Ag107  MT102        own=3.028871e-02 b  omc=3.028871e-02 b  rel=0.00e+00  
Ag107  MT102  lfs=0 own=2.950822e-02 b  omc=2.950822e-02 b  rel=0.00e+00  
Ag107  MT102  lfs=1 own=7.804942e-04 b  omc=7.804942e-04 b  rel=0.00e+00  
W186   MT102        own=6.922947e-02 b  omc=6.922947e-02 b  rel=0.00e+00  
W186   MT16   lfs=0 own=8.960368e-01 b  omc=8.960368e-01 b  rel=0.00e+00  
W186   MT16   lfs=1 own=6.212343e-01 b  omc=6.212343e-01 b  rel=0.00e+00  
openmc errors: None
TENDL: {'LRP': 1, 'EL_eV': 1e-05, 'EH_eV': 850010.0, 'LRU': 1, 'LRF': 3, 'note': 'resolved-resonance reconstruction required before collapse; not attempted in P1'}
Fe56   MT102        own=1.340041e-03 b  omc=1.340041e-03 b  rel=0.00e+00  
Fe56   MT103        own=9.398681e-02 b  omc=9.398681e-02 b  rel=0.00e+00  
Fe56   MT107        own=3.641714e-02 b  omc=3.641714e-02 b  rel=0.00e+00  
Fe56   MT16         own=4.424524e-01 b  omc=4.424524e-01 b  rel=0.00e+00  
Fe56   MT105        own=8.475636e-05 b  omc=8.475636e-05 b  rel=0.00e+00  
Fe56   MT104        own=7.468242e-03 b  omc=7.468242e-03 b  rel=0.00e+00  
Fe56   MT28         own=8.297874e-02 b  omc=8.297874e-02 b  rel=0.00e+00  
Fe56   MT22         own=2.586244e-03 b  omc=2.586244e-03 b  rel=0.00e+00  
Fe56   MT32         own=0.000000e+00 b  omc=0.000000e+00 b  rel=0.00e+00  
Fe56   MT111        own=1.837272e-09 b  omc=1.837272e-09 b  rel=0.00e+00  
Ag107  MT102        own=3.028871e-02 b  omc=3.028871e-02 b  rel=0.00e+00  
Ag107  MT102  lfs=0 own=2.950822e-02 b  omc=2.950822e-02 b  rel=0.00e+00  
Ag107  MT102  lfs=1 own=7.804942e-04 b  omc=7.804942e-04 b  rel=0.00e+00  
W186   MT102        own=6.922947e-02 b  omc=6.922947e-02 b  rel=0.00e+00  
W186   MT16   lfs=0 own=8.960368e-01 b  omc=8.960368e-01 b  rel=0.00e+00  
W186   MT16   lfs=1 own=6.212343e-01 b  omc=6.212343e-01 b  rel=0.00e+00  
openmc errors: None
TENDL: {'LRP': 1, 'EL_eV': 1e-05, 'EH_eV': 850010.0, 'LRU': 1, 'LRF': 3, 'note': 'resolved-resonance reconstruction required before collapse; not attempted in P1'}
Fe56   MT102        own=1.340041e-03 b  omc=1.340041e-03 b  rel=0.00e+00  
Fe56   MT103        own=9.398681e-02 b  omc=9.398681e-02 b  rel=0.00e+00  
Fe56   MT107        own=3.641714e-02 b  omc=3.641714e-02 b  rel=0.00e+00  
Fe56   MT16         own=4.424524e-01 b  omc=4.424524e-01 b  rel=0.00e+00  
Fe56   MT105        own=8.475636e-05 b  omc=8.475636e-05 b  rel=0.00e+00  
Fe56   MT104        own=7.468242e-03 b  omc=7.468242e-03 b  rel=0.00e+00  
Fe56   MT28         own=8.297874e-02 b  omc=8.297874e-02 b  rel=0.00e+00  
Fe56   MT22         own=2.586244e-03 b  omc=2.586244e-03 b  rel=0.00e+00  
Fe56   MT32         own=0.000000e+00 b  omc=0.000000e+00 b  rel=0.00e+00  
Fe56   MT111        own=1.837272e-09 b  omc=1.837272e-09 b  rel=0.00e+00  
Ag107  MT102        own=3.028871e-02 b  omc=3.028871e-02 b  rel=0.00e+00  
Ag107  MT102  lfs=0 own=2.950822e-02 b  omc=2.950822e-02 b  rel=0.00e+00  
Ag107  MT102  lfs=1 own=7.804942e-04 b  omc=7.804942e-04 b  rel=0.00e+00  
W186   MT102        own=6.922947e-02 b  omc=6.922947e-02 b  rel=0.00e+00  
W186   MT16   lfs=0 own=8.960368e-01 b  omc=8.960368e-01 b  rel=0.00e+00  
W186   MT16   lfs=1 own=6.212343e-01 b  omc=6.212343e-01 b  rel=0.00e+00  
openmc errors: None
TENDL: {'LRP': 1, 'EL_eV': 1e-05, 'EH_eV': 850010.0, 'LRU': 1, 'LRF': 3, 'note': 'resolved-resonance reconstruction required before collapse; not attempted in P1'}
Fe56   MT102        own=1.340041e-03 b  omc=1.340041e-03 b  rel=0.00e+00  
Fe56   MT103        own=9.398681e-02 b  omc=9.398681e-02 b  rel=0.00e+00  
Fe56   MT107        own=3.641714e-02 b  omc=3.641714e-02 b  rel=0.00e+00  
Fe56   MT16         own=4.424524e-01 b  omc=4.424524e-01 b  rel=0.00e+00  
Fe56   MT105        own=8.475636e-05 b  omc=8.475636e-05 b  rel=0.00e+00  
Fe56   MT104        own=7.468242e-03 b  omc=7.468242e-03 b  rel=0.00e+00  
Fe56   MT28         own=8.297874e-02 b  omc=8.297874e-02 b  rel=0.00e+00  
Fe56   MT22         own=2.586244e-03 b  omc=2.586244e-03 b  rel=0.00e+00  
Fe56   MT32         own=0.000000e+00 b  omc=0.000000e+00 b  rel=0.00e+00  
Fe56   MT111        own=1.837272e-09 b  omc=1.837272e-09 b  rel=0.00e+00  
Ag107  MT102        own=3.028871e-02 b  omc=3.028871e-02 b  rel=0.00e+00  
Ag107  MT102  lfs=0 own=2.950822e-02 b  omc=2.950822e-02 b  rel=0.00e+00  
Ag107  MT102  lfs=1 own=7.804942e-04 b  omc=7.804942e-04 b  rel=0.00e+00  
W186   MT102        own=6.922947e-02 b  omc=6.922947e-02 b  rel=0.00e+00  
W186   MT16   lfs=0 own=8.960368e-01 b  omc=8.960368e-01 b  rel=0.00e+00  
W186   MT16   lfs=1 own=6.212343e-01 b  omc=6.212343e-01 b  rel=0.00e+00  
openmc errors: None
TENDL: {'LRP': 1, 'EL_eV': 1e-05, 'EH_eV': 850010.0, 'LRU': 1, 'LRF': 3, 'note': 'resolved-resonance reconstruction required before collapse; not attempted in P1'}
Fe56   MT102        own=1.340041e-03 b  omc=1.340041e-03 b  rel=0.00e+00  
Fe56   MT103        own=9.398681e-02 b  omc=9.398681e-02 b  rel=0.00e+00  
Fe56   MT107        own=3.641714e-02 b  omc=3.641714e-02 b  rel=0.00e+00  
Fe56   MT16         own=4.424524e-01 b  omc=4.424524e-01 b  rel=0.00e+00  
Fe56   MT105        own=8.475636e-05 b  omc=8.475636e-05 b  rel=0.00e+00  
Fe56   MT104        own=7.468242e-03 b  omc=7.468242e-03 b  rel=0.00e+00  
Fe56   MT28         own=8.297874e-02 b  omc=8.297874e-02 b  rel=0.00e+00  
Fe56   MT22         own=2.586244e-03 b  omc=2.586244e-03 b  rel=0.00e+00  
Fe56   MT32         own=0.000000e+00 b  omc=0.000000e+00 b  rel=0.00e+00  
Fe56   MT111        own=1.837272e-09 b  omc=1.837272e-09 b  rel=0.00e+00  
Ag107  MT102        own=3.028871e-02 b  omc=3.028871e-02 b  rel=0.00e+00  
Ag107  MT102  lfs=0 own=2.950822e-02 b  omc=2.950822e-02 b  rel=0.00e+00  
Ag107  MT102  lfs=1 own=7.804942e-04 b  omc=7.804942e-04 b  rel=0.00e+00  
W186   MT102        own=6.922947e-02 b  omc=6.922947e-02 b  rel=0.00e+00  
W186   MT16   lfs=0 own=8.960368e-01 b  omc=8.960368e-01 b  rel=0.00e+00  
W186   MT16   lfs=1 own=6.212343e-01 b  omc=6.212343e-01 b  rel=0.00e+00  
openmc errors: None
TENDL: {'LRP': 1, 'EL_eV': 1e-05, 'EH_eV': 850010.0, 'LRU': 1, 'LRF': 3, 'note': 'resolved-resonance reconstruction required before collapse; not attempted in P1'}
Fe56   MT102        own=1.340041e-03 b  omc=1.340041e-03 b  rel=0.00e+00  
Fe56   MT103        own=9.398681e-02 b  omc=9.398681e-02 b  rel=0.00e+00  
Fe56   MT107        own=3.641714e-02 b  omc=3.641714e-02 b  rel=0.00e+00  
Fe56   MT16         own=4.424524e-01 b  omc=4.424524e-01 b  rel=0.00e+00  
Fe56   MT105        own=8.475636e-05 b  omc=8.475636e-05 b  rel=0.00e+00  
Fe56   MT104        own=7.468242e-03 b  omc=7.468242e-03 b  rel=0.00e+00  
Fe56   MT28         own=8.297874e-02 b  omc=8.297874e-02 b  rel=0.00e+00  
Fe56   MT22         own=2.586244e-03 b  omc=2.586244e-03 b  rel=0.00e+00  
Fe56   MT32         own=0.000000e+00 b  omc=0.000000e+00 b  rel=0.00e+00  
Fe56   MT111        own=1.837272e-09 b  omc=1.837272e-09 b  rel=0.00e+00  
Ag107  MT102        own=3.028871e-02 b  omc=3.028871e-02 b  rel=0.00e+00  
Ag107  MT102  lfs=0 own=2.950822e-02 b  omc=2.950822e-02 b  rel=0.00e+00  
Ag107  MT102  lfs=1 own=7.804942e-04 b  omc=7.804942e-04 b  rel=0.00e+00  
W186   MT102        own=6.922947e-02 b  omc=6.922947e-02 b  rel=0.00e+00  
W186   MT16   lfs=0 own=8.960368e-01 b  omc=8.960368e-01 b  rel=0.00e+00  
W186   MT16   lfs=1 own=6.212343e-01 b  omc=6.212343e-01 b  rel=0.00e+00  
openmc errors: None
TENDL: {'LRP': 1, 'EL_eV': 1e-05, 'EH_eV': 850010.0, 'LRU': 1, 'LRF': 3, 'note': 'resolved-resonance reconstruction required before collapse; not attempted in P1'}
Fe56   MT102        own=1.340041e-03 b  omc=1.340041e-03 b  rel=0.00e+00  
Fe56   MT103        own=9.398681e-02 b  omc=9.398681e-02 b  rel=0.00e+00  
Fe56   MT107        own=3.641714e-02 b  omc=3.641714e-02 b  rel=0.00e+00  
Fe56   MT16         own=4.424524e-01 b  omc=4.424524e-01 b  rel=0.00e+00  
Fe56   MT105        own=8.475636e-05 b  omc=8.475636e-05 b  rel=0.00e+00  
Fe56   MT104        own=7.468242e-03 b  omc=7.468242e-03 b  rel=0.00e+00  
Fe56   MT28         own=8.297874e-02 b  omc=8.297874e-02 b  rel=0.00e+00  
Fe56   MT22         own=2.586244e-03 b  omc=2.586244e-03 b  rel=0.00e+00  
Fe56   MT32         own=0.000000e+00 b  omc=0.000000e+00 b  rel=0.00e+00  
Fe56   MT111        own=1.837272e-09 b  omc=1.837272e-09 b  rel=0.00e+00  
Ag107  MT102        own=3.028871e-02 b  omc=3.028871e-02 b  rel=0.00e+00  
Ag107  MT102  lfs=0 own=2.950822e-02 b  omc=2.950822e-02 b  rel=0.00e+00  
Ag107  MT102  lfs=1 own=7.804942e-04 b  omc=7.804942e-04 b  rel=0.00e+00  
W186   MT102        own=6.922947e-02 b  omc=6.922947e-02 b  rel=0.00e+00  
W186   MT16   lfs=0 own=8.960368e-01 b  omc=8.960368e-01 b  rel=0.00e+00  
W186   MT16   lfs=1 own=6.212343e-01 b  omc=6.212343e-01 b  rel=0.00e+00  
openmc errors: None
TENDL: {'LRP': 1, 'EL_eV': 1e-05, 'EH_eV': 850010.0, 'LRU': 1, 'LRF': 3, 'note': 'resolved-resonance reconstruction required before collapse; not attempted in P1'}
Fe56   MT102        own=1.340041e-03 b  omc=1.340041e-03 b  rel=0.00e+00  
Fe56   MT103        own=9.398681e-02 b  omc=9.398681e-02 b  rel=0.00e+00  
Fe56   MT107        own=3.641714e-02 b  omc=3.641714e-02 b  rel=0.00e+00  
Fe56   MT16         own=4.424524e-01 b  omc=4.424524e-01 b  rel=0.00e+00  
Fe56   MT105        own=8.475636e-05 b  omc=8.475636e-05 b  rel=0.00e+00  
Fe56   MT104        own=7.468242e-03 b  omc=7.468242e-03 b  rel=0.00e+00  
Fe56   MT28         own=8.297874e-02 b  omc=8.297874e-02 b  rel=0.00e+00  
Fe56   MT22         own=2.586244e-03 b  omc=2.586244e-03 b  rel=0.00e+00  
Fe56   MT32         own=0.000000e+00 b  omc=0.000000e+00 b  rel=0.00e+00  
Fe56   MT111        own=1.837272e-09 b  omc=1.837272e-09 b  rel=0.00e+00  
Ag107  MT102        own=3.028871e-02 b  omc=3.028871e-02 b  rel=0.00e+00  
Ag107  MT102  lfs=0 own=2.950822e-02 b  omc=2.950822e-02 b  rel=0.00e+00  
Ag107  MT102  lfs=1 own=7.804942e-04 b  omc=7.804942e-04 b  rel=0.00e+00  
W186   MT102        own=6.922947e-02 b  omc=6.922947e-02 b  rel=0.00e+00  
W186   MT16   lfs=0 own=8.960368e-01 b  omc=8.960368e-01 b  rel=0.00e+00  
W186   MT16   lfs=1 own=6.212343e-01 b  omc=6.212343e-01 b  rel=0.00e+00  
openmc errors: None
TENDL: {'LRP': 1, 'EL_eV': 1e-05, 'EH_eV': 850010.0, 'LRU': 1, 'LRF': 3, 'note': 'resolved-resonance reconstruction required before collapse; not attempted in P1'}
Fe56   MT102        own=1.340041e-03 b  omc=1.340041e-03 b  rel=0.00e+00  
Fe56   MT103        own=9.398681e-02 b  omc=9.398681e-02 b  rel=0.00e+00  
Fe56   MT107        own=3.641714e-02 b  omc=3.641714e-02 b  rel=0.00e+00  
Fe56   MT16         own=4.424524e-01 b  omc=4.424524e-01 b  rel=0.00e+00  
Fe56   MT105        own=8.475636e-05 b  omc=8.475636e-05 b  rel=0.00e+00  
Fe56   MT104        own=7.468242e-03 b  omc=7.468242e-03 b  rel=0.00e+00  
Fe56   MT28         own=8.297874e-02 b  omc=8.297874e-02 b  rel=0.00e+00  
Fe56   MT22         own=2.586244e-03 b  omc=2.586244e-03 b  rel=0.00e+00  
Fe56   MT32         own=0.000000e+00 b  omc=0.000000e+00 b  rel=0.00e+00  
Fe56   MT111        own=1.837272e-09 b  omc=1.837272e-09 b  rel=0.00e+00  
Ag107  MT102        own=3.028871e-02 b  omc=3.028871e-02 b  rel=0.00e+00  
Ag107  MT102  lfs=0 own=2.950822e-02 b  omc=2.950822e-02 b  rel=0.00e+00  
Ag107  MT102  lfs=1 own=7.804942e-04 b  omc=7.804942e-04 b  rel=0.00e+00  
W186   MT102        own=6.922947e-02 b  omc=6.922947e-02 b  rel=0.00e+00  
W186   MT16   lfs=0 own=8.960368e-01 b  omc=8.960368e-01 b  rel=0.00e+00  
W186   MT16   lfs=1 own=6.212343e-01 b  omc=6.212343e-01 b  rel=0.00e+00  
openmc errors: None
TENDL: {'LRP': 1, 'EL_eV': 1e-05, 'EH_eV': 850010.0, 'LRU': 1, 'LRF': 3, 'note': 'resolved-resonance reconstruction required before collapse; not attempted in P1'}
Fe56   MT102        own=1.340041e-03 b  omc=1.340041e-03 b  rel=0.00e+00  
Fe56   MT103        own=9.398681e-02 b  omc=9.398681e-02 b  rel=0.00e+00  
Fe56   MT107        own=3.641714e-02 b  omc=3.641714e-02 b  rel=0.00e+00  
Fe56   MT16         own=4.424524e-01 b  omc=4.424524e-01 b  rel=0.00e+00  
Fe56   MT105        own=8.475636e-05 b  omc=8.475636e-05 b  rel=0.00e+00  
Fe56   MT104        own=7.468242e-03 b  omc=7.468242e-03 b  rel=0.00e+00  
Fe56   MT28         own=8.297874e-02 b  omc=8.297874e-02 b  rel=0.00e+00  
Fe56   MT22         own=2.586244e-03 b  omc=2.586244e-03 b  rel=0.00e+00  
Fe56   MT32         own=0.000000e+00 b  omc=0.000000e+00 b  rel=0.00e+00  
Fe56   MT111        own=1.837272e-09 b  omc=1.837272e-09 b  rel=0.00e+00  
Ag107  MT102        own=3.028871e-02 b  omc=3.028871e-02 b  rel=0.00e+00  
Ag107  MT102  lfs=0 own=2.950822e-02 b  omc=2.950822e-02 b  rel=0.00e+00  
Ag107  MT102  lfs=1 own=7.804942e-04 b  omc=7.804942e-04 b  rel=0.00e+00  
W186   MT102        own=6.922947e-02 b  omc=6.922947e-02 b  rel=0.00e+00  
W186   MT16   lfs=0 own=8.960368e-01 b  omc=8.960368e-01 b  rel=0.00e+00  
W186   MT16   lfs=1 own=6.212343e-01 b  omc=6.212343e-01 b  rel=0.00e+00  
openmc errors: None
TENDL: {'LRP': 1, 'EL_eV': 1e-05, 'EH_eV': 850010.0, 'LRU': 1, 'LRF': 3, 'note': 'resolved-resonance reconstruction required before collapse; not attempted in P1'}
Fe56   MT102        own=1.340041e-03 b  omc=1.340041e-03 b  rel=0.00e+00  
Fe56   MT103        own=9.398681e-02 b  omc=9.398681e-02 b  rel=0.00e+00  
Fe56   MT107        own=3.641714e-02 b  omc=3.641714e-02 b  rel=0.00e+00  
Fe56   MT16         own=4.424524e-01 b  omc=4.424524e-01 b  rel=0.00e+00  
Fe56   MT105        own=8.475636e-05 b  omc=8.475636e-05 b  rel=0.00e+00  
Fe56   MT104        own=7.468242e-03 b  omc=7.468242e-03 b  rel=0.00e+00  
Fe56   MT28         own=8.297874e-02 b  omc=8.297874e-02 b  rel=0.00e+00  
Fe56   MT22         own=2.586244e-03 b  omc=2.586244e-03 b  rel=0.00e+00  
Fe56   MT32         own=0.000000e+00 b  omc=0.000000e+00 b  rel=0.00e+00  
Fe56   MT111        own=1.837272e-09 b  omc=1.837272e-09 b  rel=0.00e+00  
Ag107  MT102        own=3.028871e-02 b  omc=3.028871e-02 b  rel=0.00e+00  
Ag107  MT102  lfs=0 own=2.950822e-02 b  omc=2.950822e-02 b  rel=0.00e+00  
Ag107  MT102  lfs=1 own=7.804942e-04 b  omc=7.804942e-04 b  rel=0.00e+00  
W186   MT102        own=6.922947e-02 b  omc=6.922947e-02 b  rel=0.00e+00  
W186   MT16   lfs=0 own=8.960368e-01 b  omc=8.960368e-01 b  rel=0.00e+00  
W186   MT16   lfs=1 own=6.212343e-01 b  omc=6.212343e-01 b  rel=0.00e+00  
openmc errors: None
TENDL: {'LRP': 1, 'EL_eV': 1e-05, 'EH_eV': 850010.0, 'LRU': 1, 'LRF': 3, 'note': 'resolved-resonance reconstruction required before collapse; not attempted in P1'}
  451/2847 n_037-Rb-75_3695.dat 2.3s rows=59 led=1  total 1584s
  501/2847 n_039-Y-78M_3893.dat 9.4s rows=51 led=1  total 1584s
  551/2847 n_040-Zr-90_4025.dat 25.5s rows=60 led=1  total 1584s
  601/2847 n_042-Mo-103_4258.dat 6.5s rows=45 led=1  total 1584s
  651/2847 n_043-Tc-96M_4317.dat 3.8s rows=71 led=1  total 1584s
Fe56   MT102        own=1.340041e-03 b  omc=1.340041e-03 b  rel=0.00e+00  
Fe56   MT103        own=9.398681e-02 b  omc=9.398681e-02 b  rel=0.00e+00  
Fe56   MT107        own=3.641714e-02 b  omc=3.641714e-02 b  rel=0.00e+00  
Fe56   MT16         own=4.424524e-01 b  omc=4.424524e-01 b  rel=0.00e+00  
Fe56   MT105        own=8.475636e-05 b  omc=8.475636e-05 b  rel=0.00e+00  
Fe56   MT104        own=7.468242e-03 b  omc=7.468242e-03 b  rel=0.00e+00  
Fe56   MT28         own=8.297874e-02 b  omc=8.297874e-02 b  rel=0.00e+00  
Fe56   MT22         own=2.586244e-03 b  omc=2.586244e-03 b  rel=0.00e+00  
Fe56   MT32         own=0.000000e+00 b  omc=0.000000e+00 b  rel=0.00e+00  
Fe56   MT111        own=1.837272e-09 b  omc=1.837272e-09 b  rel=0.00e+00  
Ag107  MT102        own=3.028871e-02 b  omc=3.028871e-02 b  rel=0.00e+00  
Ag107  MT102  lfs=0 own=2.950822e-02 b  omc=2.950822e-02 b  rel=0.00e+00  
Ag107  MT102  lfs=1 own=7.804942e-04 b  omc=7.804942e-04 b  rel=0.00e+00  
W186   MT102        own=6.922947e-02 b  omc=6.922947e-02 b  rel=0.00e+00  
W186   MT16   lfs=0 own=8.960368e-01 b  omc=8.960368e-01 b  rel=0.00e+00  
W186   MT16   lfs=1 own=6.212343e-01 b  omc=6.212343e-01 b  rel=0.00e+00  
openmc errors: None
TENDL: {'LRP': 1, 'EL_eV': 1e-05, 'EH_eV': 850010.0, 'LRU': 1, 'LRF': 3, 'note': 'resolved-resonance reconstruction required before collapse; not attempted in P1'}
Fe56   MT102        own=1.340041e-03 b  omc=1.340041e-03 b  rel=0.00e+00  
Fe56   MT103        own=9.398681e-02 b  omc=9.398681e-02 b  rel=0.00e+00  
Fe56   MT107        own=3.641714e-02 b  omc=3.641714e-02 b  rel=0.00e+00  
Fe56   MT16         own=4.424524e-01 b  omc=4.424524e-01 b  rel=0.00e+00  
Fe56   MT105        own=8.475636e-05 b  omc=8.475636e-05 b  rel=0.00e+00  
Fe56   MT104        own=7.468242e-03 b  omc=7.468242e-03 b  rel=0.00e+00  
Fe56   MT28         own=8.297874e-02 b  omc=8.297874e-02 b  rel=0.00e+00  
Fe56   MT22         own=2.586244e-03 b  omc=2.586244e-03 b  rel=0.00e+00  
Fe56   MT32         own=0.000000e+00 b  omc=0.000000e+00 b  rel=0.00e+00  
Fe56   MT111        own=1.837272e-09 b  omc=1.837272e-09 b  rel=0.00e+00  
Ag107  MT102        own=3.028871e-02 b  omc=3.028871e-02 b  rel=0.00e+00  
Ag107  MT102  lfs=0 own=2.950822e-02 b  omc=2.950822e-02 b  rel=0.00e+00  
Ag107  MT102  lfs=1 own=7.804942e-04 b  omc=7.804942e-04 b  rel=0.00e+00  
W186   MT102        own=6.922947e-02 b  omc=6.922947e-02 b  rel=0.00e+00  
W186   MT16   lfs=0 own=8.960368e-01 b  omc=8.960368e-01 b  rel=0.00e+00  
W186   MT16   lfs=1 own=6.212343e-01 b  omc=6.212343e-01 b  rel=0.00e+00  
openmc errors: None
TENDL: {'LRP': 1, 'EL_eV': 1e-05, 'EH_eV': 850010.0, 'LRU': 1, 'LRF': 3, 'note': 'resolved-resonance reconstruction required before collapse; not attempted in P1'}
Fe56   MT102        own=1.340041e-03 b  omc=1.340041e-03 b  rel=0.00e+00  
Fe56   MT103        own=9.398681e-02 b  omc=9.398681e-02 b  rel=0.00e+00  
Fe56   MT107        own=3.641714e-02 b  omc=3.641714e-02 b  rel=0.00e+00  
Fe56   MT16         own=4.424524e-01 b  omc=4.424524e-01 b  rel=0.00e+00  
Fe56   MT105        own=8.475636e-05 b  omc=8.475636e-05 b  rel=0.00e+00  
Fe56   MT104        own=7.468242e-03 b  omc=7.468242e-03 b  rel=0.00e+00  
Fe56   MT28         own=8.297874e-02 b  omc=8.297874e-02 b  rel=0.00e+00  
Fe56   MT22         own=2.586244e-03 b  omc=2.586244e-03 b  rel=0.00e+00  
Fe56   MT32         own=0.000000e+00 b  omc=0.000000e+00 b  rel=0.00e+00  
Fe56   MT111        own=1.837272e-09 b  omc=1.837272e-09 b  rel=0.00e+00  
Ag107  MT102        own=3.028871e-02 b  omc=3.028871e-02 b  rel=0.00e+00  
Ag107  MT102  lfs=0 own=2.950822e-02 b  omc=2.950822e-02 b  rel=0.00e+00  
Ag107  MT102  lfs=1 own=7.804942e-04 b  omc=7.804942e-04 b  rel=0.00e+00  
W186   MT102        own=6.922947e-02 b  omc=6.922947e-02 b  rel=0.00e+00  
W186   MT16   lfs=0 own=8.960368e-01 b  omc=8.960368e-01 b  rel=0.00e+00  
W186   MT16   lfs=1 own=6.212343e-01 b  omc=6.212343e-01 b  rel=0.00e+00  
openmc errors: None
TENDL: {'LRP': 1, 'EL_eV': 1e-05, 'EH_eV': 850010.0, 'LRU': 1, 'LRF': 3, 'note': 'resolved-resonance reconstruction required before collapse; not attempted in P1'}
Fe56   MT102        own=1.340041e-03 b  omc=1.340041e-03 b  rel=0.00e+00  
Fe56   MT103        own=9.398681e-02 b  omc=9.398681e-02 b  rel=0.00e+00  
Fe56   MT107        own=3.641714e-02 b  omc=3.641714e-02 b  rel=0.00e+00  
Fe56   MT16         own=4.424524e-01 b  omc=4.424524e-01 b  rel=0.00e+00  
Fe56   MT105        own=8.475636e-05 b  omc=8.475636e-05 b  rel=0.00e+00  
Fe56   MT104        own=7.468242e-03 b  omc=7.468242e-03 b  rel=0.00e+00  
Fe56   MT28         own=8.297874e-02 b  omc=8.297874e-02 b  rel=0.00e+00  
Fe56   MT22         own=2.586244e-03 b  omc=2.586244e-03 b  rel=0.00e+00  
Fe56   MT32         own=0.000000e+00 b  omc=0.000000e+00 b  rel=0.00e+00  
Fe56   MT111        own=1.837272e-09 b  omc=1.837272e-09 b  rel=0.00e+00  
Ag107  MT102        own=3.028871e-02 b  omc=3.028871e-02 b  rel=0.00e+00  
Ag107  MT102  lfs=0 own=2.950822e-02 b  omc=2.950822e-02 b  rel=0.00e+00  
Ag107  MT102  lfs=1 own=7.804942e-04 b  omc=7.804942e-04 b  rel=0.00e+00  
W186   MT102        own=6.922947e-02 b  omc=6.922947e-02 b  rel=0.00e+00  
W186   MT16   lfs=0 own=8.960368e-01 b  omc=8.960368e-01 b  rel=0.00e+00  
W186   MT16   lfs=1 own=6.212343e-01 b  omc=6.212343e-01 b  rel=0.00e+00  
openmc errors: None
TENDL: {'LRP': 1, 'EL_eV': 1e-05, 'EH_eV': 850010.0, 'LRU': 1, 'LRF': 3, 'note': 'resolved-resonance reconstruction required before collapse; not attempted in P1'}
  701/2847 n_045-Rh-108_4540.dat 20.3s rows=53 led=1  total 1773s
Fe56   MT102        own=1.340041e-03 b  omc=1.340041e-03 b  rel=0.00e+00  
Fe56   MT103        own=9.398681e-02 b  omc=9.398681e-02 b  rel=0.00e+00  
Fe56   MT107        own=3.641714e-02 b  omc=3.641714e-02 b  rel=0.00e+00  
Fe56   MT16         own=4.424524e-01 b  omc=4.424524e-01 b  rel=0.00e+00  
Fe56   MT105        own=8.475636e-05 b  omc=8.475636e-05 b  rel=0.00e+00  
Fe56   MT104        own=7.468242e-03 b  omc=7.468242e-03 b  rel=0.00e+00  
Fe56   MT28         own=8.297874e-02 b  omc=8.297874e-02 b  rel=0.00e+00  
Fe56   MT22         own=2.586244e-03 b  omc=2.586244e-03 b  rel=0.00e+00  
Fe56   MT32         own=0.000000e+00 b  omc=0.000000e+00 b  rel=0.00e+00  
Fe56   MT111        own=1.837272e-09 b  omc=1.837272e-09 b  rel=0.00e+00  
Ag107  MT102        own=3.028871e-02 b  omc=3.028871e-02 b  rel=0.00e+00  
Ag107  MT102  lfs=0 own=2.950822e-02 b  omc=2.950822e-02 b  rel=0.00e+00  
Ag107  MT102  lfs=1 own=7.804942e-04 b  omc=7.804942e-04 b  rel=0.00e+00  
W186   MT102        own=6.922947e-02 b  omc=6.922947e-02 b  rel=0.00e+00  
W186   MT16   lfs=0 own=8.960368e-01 b  omc=8.960368e-01 b  rel=0.00e+00  
W186   MT16   lfs=1 own=6.212343e-01 b  omc=6.212343e-01 b  rel=0.00e+00  
openmc errors: None
TENDL: {'LRP': 1, 'EL_eV': 1e-05, 'EH_eV': 850010.0, 'LRU': 1, 'LRF': 3, 'note': 'resolved-resonance reconstruction required before collapse; not attempted in P1'}
Fe56   MT102        own=1.340041e-03 b  omc=1.340041e-03 b  rel=0.00e+00  
Fe56   MT103        own=9.398681e-02 b  omc=9.398681e-02 b  rel=0.00e+00  
Fe56   MT107        own=3.641714e-02 b  omc=3.641714e-02 b  rel=0.00e+00  
Fe56   MT16         own=4.424524e-01 b  omc=4.424524e-01 b  rel=0.00e+00  
Fe56   MT105        own=8.475636e-05 b  omc=8.475636e-05 b  rel=0.00e+00  
Fe56   MT104        own=7.468242e-03 b  omc=7.468242e-03 b  rel=0.00e+00  
Fe56   MT28         own=8.297874e-02 b  omc=8.297874e-02 b  rel=0.00e+00  
Fe56   MT22         own=2.586244e-03 b  omc=2.586244e-03 b  rel=0.00e+00  
Fe56   MT32         own=0.000000e+00 b  omc=0.000000e+00 b  rel=0.00e+00  
Fe56   MT111        own=1.837272e-09 b  omc=1.837272e-09 b  rel=0.00e+00  
Ag107  MT102        own=3.028871e-02 b  omc=3.028871e-02 b  rel=0.00e+00  
Ag107  MT102  lfs=0 own=2.950822e-02 b  omc=2.950822e-02 b  rel=0.00e+00  
Ag107  MT102  lfs=1 own=7.804942e-04 b  omc=7.804942e-04 b  rel=0.00e+00  
W186   MT102        own=6.922947e-02 b  omc=6.922947e-02 b  rel=0.00e+00  
W186   MT16   lfs=0 own=8.960368e-01 b  omc=8.960368e-01 b  rel=0.00e+00  
W186   MT16   lfs=1 own=6.212343e-01 b  omc=6.212343e-01 b  rel=0.00e+00  
openmc errors: None
TENDL: {'LRP': 1, 'EL_eV': 1e-05, 'EH_eV': 850010.0, 'LRU': 1, 'LRF': 3, 'note': 'resolved-resonance reconstruction required before collapse; not attempted in P1'}
  751/2847 n_046-Pd-92_4595.dat 0.6s rows=48 led=1  total 1880s
Fe56   MT102        own=1.340041e-03 b  omc=1.340041e-03 b  rel=0.00e+00  
Fe56   MT103        own=9.398681e-02 b  omc=9.398681e-02 b  rel=0.00e+00  
Fe56   MT107        own=3.641714e-02 b  omc=3.641714e-02 b  rel=0.00e+00  
Fe56   MT16         own=4.424524e-01 b  omc=4.424524e-01 b  rel=0.00e+00  
Fe56   MT105        own=8.475636e-05 b  omc=8.475636e-05 b  rel=0.00e+00  
Fe56   MT104        own=7.468242e-03 b  omc=7.468242e-03 b  rel=0.00e+00  
Fe56   MT28         own=8.297874e-02 b  omc=8.297874e-02 b  rel=0.00e+00  
Fe56   MT22         own=2.586244e-03 b  omc=2.586244e-03 b  rel=0.00e+00  
Fe56   MT32         own=0.000000e+00 b  omc=0.000000e+00 b  rel=0.00e+00  
Fe56   MT111        own=1.837272e-09 b  omc=1.837272e-09 b  rel=0.00e+00  
Ag107  MT102        own=3.028871e-02 b  omc=3.028871e-02 b  rel=0.00e+00  
Ag107  MT102  lfs=0 own=2.950822e-02 b  omc=2.950822e-02 b  rel=0.00e+00  
Ag107  MT102  lfs=1 own=7.804942e-04 b  omc=7.804942e-04 b  rel=0.00e+00  
W186   MT102        own=6.922947e-02 b  omc=6.922947e-02 b  rel=0.00e+00  
W186   MT16   lfs=0 own=8.960368e-01 b  omc=8.960368e-01 b  rel=0.00e+00  
W186   MT16   lfs=1 own=6.212343e-01 b  omc=6.212343e-01 b  rel=0.00e+00  
openmc errors: None
TENDL: {'LRP': 1, 'EL_eV': 1e-05, 'EH_eV': 850010.0, 'LRU': 1, 'LRF': 3, 'note': 'resolved-resonance reconstruction required before collapse; not attempted in P1'}
Fe56   MT102        own=1.340041e-03 b  omc=1.340041e-03 b  rel=0.00e+00  
Fe56   MT103        own=9.398681e-02 b  omc=9.398681e-02 b  rel=0.00e+00  
Fe56   MT107        own=3.641714e-02 b  omc=3.641714e-02 b  rel=0.00e+00  
Fe56   MT16         own=4.424524e-01 b  omc=4.424524e-01 b  rel=0.00e+00  
Fe56   MT105        own=8.475636e-05 b  omc=8.475636e-05 b  rel=0.00e+00  
Fe56   MT104        own=7.468242e-03 b  omc=7.468242e-03 b  rel=0.00e+00  
Fe56   MT28         own=8.297874e-02 b  omc=8.297874e-02 b  rel=0.00e+00  
Fe56   MT22         own=2.586244e-03 b  omc=2.586244e-03 b  rel=0.00e+00  
Fe56   MT32         own=0.000000e+00 b  omc=0.000000e+00 b  rel=0.00e+00  
Fe56   MT111        own=1.837272e-09 b  omc=1.837272e-09 b  rel=0.00e+00  
Ag107  MT102        own=3.028871e-02 b  omc=3.028871e-02 b  rel=0.00e+00  
Ag107  MT102  lfs=0 own=2.950822e-02 b  omc=2.950822e-02 b  rel=0.00e+00  
Ag107  MT102  lfs=1 own=7.804942e-04 b  omc=7.804942e-04 b  rel=0.00e+00  
W186   MT102        own=6.922947e-02 b  omc=6.922947e-02 b  rel=0.00e+00  
W186   MT16   lfs=0 own=8.960368e-01 b  omc=8.960368e-01 b  rel=0.00e+00  
W186   MT16   lfs=1 own=6.212343e-01 b  omc=6.212343e-01 b  rel=0.00e+00  
openmc errors: None
TENDL: {'LRP': 1, 'EL_eV': 1e-05, 'EH_eV': 850010.0, 'LRU': 1, 'LRF': 3, 'note': 'resolved-resonance reconstruction required before collapse; not attempted in P1'}
Fe56   MT102        own=1.340041e-03 b  omc=1.340041e-03 b  rel=0.00e+00  
Fe56   MT103        own=9.398681e-02 b  omc=9.398681e-02 b  rel=0.00e+00  
Fe56   MT107        own=3.641714e-02 b  omc=3.641714e-02 b  rel=0.00e+00  
Fe56   MT16         own=4.424524e-01 b  omc=4.424524e-01 b  rel=0.00e+00  
Fe56   MT105        own=8.475636e-05 b  omc=8.475636e-05 b  rel=0.00e+00  
Fe56   MT104        own=7.468242e-03 b  omc=7.468242e-03 b  rel=0.00e+00  
Fe56   MT28         own=8.297874e-02 b  omc=8.297874e-02 b  rel=0.00e+00  
Fe56   MT22         own=2.586244e-03 b  omc=2.586244e-03 b  rel=0.00e+00  
Fe56   MT32         own=0.000000e+00 b  omc=0.000000e+00 b  rel=0.00e+00  
Fe56   MT111        own=1.837272e-09 b  omc=1.837272e-09 b  rel=0.00e+00  
Ag107  MT102        own=3.028871e-02 b  omc=3.028871e-02 b  rel=0.00e+00  
Ag107  MT102  lfs=0 own=2.950822e-02 b  omc=2.950822e-02 b  rel=0.00e+00  
Ag107  MT102  lfs=1 own=7.804942e-04 b  omc=7.804942e-04 b  rel=0.00e+00  
W186   MT102        own=6.922947e-02 b  omc=6.922947e-02 b  rel=0.00e+00  
W186   MT16   lfs=0 own=8.960368e-01 b  omc=8.960368e-01 b  rel=0.00e+00  
W186   MT16   lfs=1 own=6.212343e-01 b  omc=6.212343e-01 b  rel=0.00e+00  
openmc errors: None
TENDL: {'LRP': 1, 'EL_eV': 1e-05, 'EH_eV': 850010.0, 'LRU': 1, 'LRF': 3, 'note': 'resolved-resonance reconstruction required before collapse; not attempted in P1'}
  801/2847 n_047-Ag-96M_4693.dat 0.8s rows=60 led=1  total 2096s
Fe56   MT102        own=1.340041e-03 b  omc=1.340041e-03 b  rel=0.00e+00  
Fe56   MT103        own=9.398681e-02 b  omc=9.398681e-02 b  rel=0.00e+00  
Fe56   MT107        own=3.641714e-02 b  omc=3.641714e-02 b  rel=0.00e+00  
Fe56   MT16         own=4.424524e-01 b  omc=4.424524e-01 b  rel=0.00e+00  
Fe56   MT105        own=8.475636e-05 b  omc=8.475636e-05 b  rel=0.00e+00  
Fe56   MT104        own=7.468242e-03 b  omc=7.468242e-03 b  rel=0.00e+00  
Fe56   MT28         own=8.297874e-02 b  omc=8.297874e-02 b  rel=0.00e+00  
Fe56   MT22         own=2.586244e-03 b  omc=2.586244e-03 b  rel=0.00e+00  
Fe56   MT32         own=0.000000e+00 b  omc=0.000000e+00 b  rel=0.00e+00  
Fe56   MT111        own=1.837272e-09 b  omc=1.837272e-09 b  rel=0.00e+00  
Ag107  MT102        own=3.028871e-02 b  omc=3.028871e-02 b  rel=0.00e+00  
Ag107  MT102  lfs=0 own=2.950822e-02 b  omc=2.950822e-02 b  rel=0.00e+00  
Ag107  MT102  lfs=1 own=7.804942e-04 b  omc=7.804942e-04 b  rel=0.00e+00  
W186   MT102        own=6.922947e-02 b  omc=6.922947e-02 b  rel=0.00e+00  
W186   MT16   lfs=0 own=8.960368e-01 b  omc=8.960368e-01 b  rel=0.00e+00  
W186   MT16   lfs=1 own=6.212343e-01 b  omc=6.212343e-01 b  rel=0.00e+00  
openmc errors: None
TENDL: {'LRP': 1, 'EL_eV': 1e-05, 'EH_eV': 850010.0, 'LRU': 1, 'LRF': 3, 'note': 'resolved-resonance reconstruction required before collapse; not attempted in P1'}
Fe56   MT102        own=1.340041e-03 b  omc=1.340041e-03 b  rel=0.00e+00  
Fe56   MT103        own=9.398681e-02 b  omc=9.398681e-02 b  rel=0.00e+00  
Fe56   MT107        own=3.641714e-02 b  omc=3.641714e-02 b  rel=0.00e+00  
Fe56   MT16         own=4.424524e-01 b  omc=4.424524e-01 b  rel=0.00e+00  
Fe56   MT105        own=8.475636e-05 b  omc=8.475636e-05 b  rel=0.00e+00  
Fe56   MT104        own=7.468242e-03 b  omc=7.468242e-03 b  rel=0.00e+00  
Fe56   MT28         own=8.297874e-02 b  omc=8.297874e-02 b  rel=0.00e+00  
Fe56   MT22         own=2.586244e-03 b  omc=2.586244e-03 b  rel=0.00e+00  
Fe56   MT32         own=0.000000e+00 b  omc=0.000000e+00 b  rel=0.00e+00  
Fe56   MT111        own=1.837272e-09 b  omc=1.837272e-09 b  rel=0.00e+00  
Ag107  MT102        own=3.028871e-02 b  omc=3.028871e-02 b  rel=0.00e+00  
Ag107  MT102  lfs=0 own=2.950822e-02 b  omc=2.950822e-02 b  rel=0.00e+00  
Ag107  MT102  lfs=1 own=7.804942e-04 b  omc=7.804942e-04 b  rel=0.00e+00  
W186   MT102        own=6.922947e-02 b  omc=6.922947e-02 b  rel=0.00e+00  
W186   MT16   lfs=0 own=8.960368e-01 b  omc=8.960368e-01 b  rel=0.00e+00  
W186   MT16   lfs=1 own=6.212343e-01 b  omc=6.212343e-01 b  rel=0.00e+00  
openmc errors: None
TENDL: {'LRP': 1, 'EL_eV': 1e-05, 'EH_eV': 850010.0, 'LRU': 1, 'LRF': 3, 'note': 'resolved-resonance reconstruction required before collapse; not attempted in P1'}
  851/2847 n_049-In-105_4901.dat 3.0s rows=74 led=1  total 2204s
Fe56   MT102        own=1.340041e-03 b  omc=1.340041e-03 b  rel=0.00e+00  
Fe56   MT103        own=9.398681e-02 b  omc=9.398681e-02 b  rel=0.00e+00  
Fe56   MT107        own=3.641714e-02 b  omc=3.641714e-02 b  rel=0.00e+00  
Fe56   MT16         own=4.424524e-01 b  omc=4.424524e-01 b  rel=0.00e+00  
Fe56   MT105        own=8.475636e-05 b  omc=8.475636e-05 b  rel=0.00e+00  
Fe56   MT104        own=7.468242e-03 b  omc=7.468242e-03 b  rel=0.00e+00  
Fe56   MT28         own=8.297874e-02 b  omc=8.297874e-02 b  rel=0.00e+00  
Fe56   MT22         own=2.586244e-03 b  omc=2.586244e-03 b  rel=0.00e+00  
Fe56   MT32         own=0.000000e+00 b  omc=0.000000e+00 b  rel=0.00e+00  
Fe56   MT111        own=1.837272e-09 b  omc=1.837272e-09 b  rel=0.00e+00  
Ag107  MT102        own=3.028871e-02 b  omc=3.028871e-02 b  rel=0.00e+00  
Ag107  MT102  lfs=0 own=2.950822e-02 b  omc=2.950822e-02 b  rel=0.00e+00  
Ag107  MT102  lfs=1 own=7.804942e-04 b  omc=7.804942e-04 b  rel=0.00e+00  
W186   MT102        own=6.922947e-02 b  omc=6.922947e-02 b  rel=0.00e+00  
W186   MT16   lfs=0 own=8.960368e-01 b  omc=8.960368e-01 b  rel=0.00e+00  
W186   MT16   lfs=1 own=6.212343e-01 b  omc=6.212343e-01 b  rel=0.00e+00  
openmc errors: None
TENDL: {'LRP': 1, 'EL_eV': 1e-05, 'EH_eV': 850010.0, 'LRU': 1, 'LRF': 3, 'note': 'resolved-resonance reconstruction required before collapse; not attempted in P1'}
Fe56   MT102        own=1.340041e-03 b  omc=1.340041e-03 b  rel=0.00e+00  
Fe56   MT103        own=9.398681e-02 b  omc=9.398681e-02 b  rel=0.00e+00  
Fe56   MT107        own=3.641714e-02 b  omc=3.641714e-02 b  rel=0.00e+00  
Fe56   MT16         own=4.424524e-01 b  omc=4.424524e-01 b  rel=0.00e+00  
Fe56   MT105        own=8.475636e-05 b  omc=8.475636e-05 b  rel=0.00e+00  
Fe56   MT104        own=7.468242e-03 b  omc=7.468242e-03 b  rel=0.00e+00  
Fe56   MT28         own=8.297874e-02 b  omc=8.297874e-02 b  rel=0.00e+00  
Fe56   MT22         own=2.586244e-03 b  omc=2.586244e-03 b  rel=0.00e+00  
Fe56   MT32         own=0.000000e+00 b  omc=0.000000e+00 b  rel=0.00e+00  
Fe56   MT111        own=1.837272e-09 b  omc=1.837272e-09 b  rel=0.00e+00  
Ag107  MT102        own=3.028871e-02 b  omc=3.028871e-02 b  rel=0.00e+00  
Ag107  MT102  lfs=0 own=2.950822e-02 b  omc=2.950822e-02 b  rel=0.00e+00  
Ag107  MT102  lfs=1 own=7.804942e-04 b  omc=7.804942e-04 b  rel=0.00e+00  
W186   MT102        own=6.922947e-02 b  omc=6.922947e-02 b  rel=0.00e+00  
W186   MT16   lfs=0 own=8.960368e-01 b  omc=8.960368e-01 b  rel=0.00e+00  
W186   MT16   lfs=1 own=6.212343e-01 b  omc=6.212343e-01 b  rel=0.00e+00  
openmc errors: None
TENDL: {'LRP': 1, 'EL_eV': 1e-05, 'EH_eV': 850010.0, 'LRU': 1, 'LRF': 3, 'note': 'resolved-resonance reconstruction required before collapse; not attempted in P1'}
Fe56   MT102        own=1.340041e-03 b  omc=1.340041e-03 b  rel=0.00e+00  
Fe56   MT103        own=9.398681e-02 b  omc=9.398681e-02 b  rel=0.00e+00  
Fe56   MT107        own=3.641714e-02 b  omc=3.641714e-02 b  rel=0.00e+00  
Fe56   MT16         own=4.424524e-01 b  omc=4.424524e-01 b  rel=0.00e+00  
Fe56   MT105        own=8.475636e-05 b  omc=8.475636e-05 b  rel=0.00e+00  
Fe56   MT104        own=7.468242e-03 b  omc=7.468242e-03 b  rel=0.00e+00  
Fe56   MT28         own=8.297874e-02 b  omc=8.297874e-02 b  rel=0.00e+00  
Fe56   MT22         own=2.586244e-03 b  omc=2.586244e-03 b  rel=0.00e+00  
Fe56   MT32         own=0.000000e+00 b  omc=0.000000e+00 b  rel=0.00e+00  
Fe56   MT111        own=1.837272e-09 b  omc=1.837272e-09 b  rel=0.00e+00  
Ag107  MT102        own=3.028871e-02 b  omc=3.028871e-02 b  rel=0.00e+00  
Ag107  MT102  lfs=0 own=2.950822e-02 b  omc=2.950822e-02 b  rel=0.00e+00  
Ag107  MT102  lfs=1 own=7.804942e-04 b  omc=7.804942e-04 b  rel=0.00e+00  
W186   MT102        own=6.922947e-02 b  omc=6.922947e-02 b  rel=0.00e+00  
W186   MT16   lfs=0 own=8.960368e-01 b  omc=8.960368e-01 b  rel=0.00e+00  
W186   MT16   lfs=1 own=6.212343e-01 b  omc=6.212343e-01 b  rel=0.00e+00  
openmc errors: None
TENDL: {'LRP': 1, 'EL_eV': 1e-05, 'EH_eV': 850010.0, 'LRU': 1, 'LRF': 3, 'note': 'resolved-resonance reconstruction required before collapse; not attempted in P1'}
  901/2847 n_049-In-129M_4974.dat 2.0s rows=38 led=1  total 2293s
Fe56   MT102        own=1.340041e-03 b  omc=1.340041e-03 b  rel=0.00e+00  
Fe56   MT103        own=9.398681e-02 b  omc=9.398681e-02 b  rel=0.00e+00  
Fe56   MT107        own=3.641714e-02 b  omc=3.641714e-02 b  rel=0.00e+00  
Fe56   MT16         own=4.424524e-01 b  omc=4.424524e-01 b  rel=0.00e+00  
Fe56   MT105        own=8.475636e-05 b  omc=8.475636e-05 b  rel=0.00e+00  
Fe56   MT104        own=7.468242e-03 b  omc=7.468242e-03 b  rel=0.00e+00  
Fe56   MT28         own=8.297874e-02 b  omc=8.297874e-02 b  rel=0.00e+00  
Fe56   MT22         own=2.586244e-03 b  omc=2.586244e-03 b  rel=0.00e+00  
Fe56   MT32         own=0.000000e+00 b  omc=0.000000e+00 b  rel=0.00e+00  
Fe56   MT111        own=1.837272e-09 b  omc=1.837272e-09 b  rel=0.00e+00  
Ag107  MT102        own=3.028871e-02 b  omc=3.028871e-02 b  rel=0.00e+00  
Ag107  MT102  lfs=0 own=2.950822e-02 b  omc=2.950822e-02 b  rel=0.00e+00  
Ag107  MT102  lfs=1 own=7.804942e-04 b  omc=7.804942e-04 b  rel=0.00e+00  
W186   MT102        own=6.922947e-02 b  omc=6.922947e-02 b  rel=0.00e+00  
W186   MT16   lfs=0 own=8.960368e-01 b  omc=8.960368e-01 b  rel=0.00e+00  
W186   MT16   lfs=1 own=6.212343e-01 b  omc=6.212343e-01 b  rel=0.00e+00  
openmc errors: None
TENDL: {'LRP': 1, 'EL_eV': 1e-05, 'EH_eV': 850010.0, 'LRU': 1, 'LRF': 3, 'note': 'resolved-resonance reconstruction required before collapse; not attempted in P1'}
  951/2847 n_051-Sb-109_5089.dat 9.2s rows=71 led=1  total 2398s
Fe56   MT102        own=1.340041e-03 b  omc=1.340041e-03 b  rel=0.00e+00  
Fe56   MT103        own=9.398681e-02 b  omc=9.398681e-02 b  rel=0.00e+00  
Fe56   MT107        own=3.641714e-02 b  omc=3.641714e-02 b  rel=0.00e+00  
Fe56   MT16         own=4.424524e-01 b  omc=4.424524e-01 b  rel=0.00e+00  
Fe56   MT105        own=8.475636e-05 b  omc=8.475636e-05 b  rel=0.00e+00  
Fe56   MT104        own=7.468242e-03 b  omc=7.468242e-03 b  rel=0.00e+00  
Fe56   MT28         own=8.297874e-02 b  omc=8.297874e-02 b  rel=0.00e+00  
Fe56   MT22         own=2.586244e-03 b  omc=2.586244e-03 b  rel=0.00e+00  
Fe56   MT32         own=0.000000e+00 b  omc=0.000000e+00 b  rel=0.00e+00  
Fe56   MT111        own=1.837272e-09 b  omc=1.837272e-09 b  rel=0.00e+00  
Ag107  MT102        own=3.028871e-02 b  omc=3.028871e-02 b  rel=0.00e+00  
Ag107  MT102  lfs=0 own=2.950822e-02 b  omc=2.950822e-02 b  rel=0.00e+00  
Ag107  MT102  lfs=1 own=7.804942e-04 b  omc=7.804942e-04 b  rel=0.00e+00  
W186   MT102        own=6.922947e-02 b  omc=6.922947e-02 b  rel=0.00e+00  
W186   MT16   lfs=0 own=8.960368e-01 b  omc=8.960368e-01 b  rel=0.00e+00  
W186   MT16   lfs=1 own=6.212343e-01 b  omc=6.212343e-01 b  rel=0.00e+00  
openmc errors: None
TENDL: {'LRP': 1, 'EL_eV': 1e-05, 'EH_eV': 850010.0, 'LRU': 1, 'LRF': 3, 'note': 'resolved-resonance reconstruction required before collapse; not attempted in P1'}
Fe56   MT102        own=1.340041e-03 b  omc=1.340041e-03 b  rel=0.00e+00  
Fe56   MT103        own=9.398681e-02 b  omc=9.398681e-02 b  rel=0.00e+00  
Fe56   MT107        own=3.641714e-02 b  omc=3.641714e-02 b  rel=0.00e+00  
Fe56   MT16         own=4.424524e-01 b  omc=4.424524e-01 b  rel=0.00e+00  
Fe56   MT105        own=8.475636e-05 b  omc=8.475636e-05 b  rel=0.00e+00  
Fe56   MT104        own=7.468242e-03 b  omc=7.468242e-03 b  rel=0.00e+00  
Fe56   MT28         own=8.297874e-02 b  omc=8.297874e-02 b  rel=0.00e+00  
Fe56   MT22         own=2.586244e-03 b  omc=2.586244e-03 b  rel=0.00e+00  
Fe56   MT32         own=0.000000e+00 b  omc=0.000000e+00 b  rel=0.00e+00  
Fe56   MT111        own=1.837272e-09 b  omc=1.837272e-09 b  rel=0.00e+00  
Ag107  MT102        own=3.028871e-02 b  omc=3.028871e-02 b  rel=0.00e+00  
Ag107  MT102  lfs=0 own=2.950822e-02 b  omc=2.950822e-02 b  rel=0.00e+00  
Ag107  MT102  lfs=1 own=7.804942e-04 b  omc=7.804942e-04 b  rel=0.00e+00  
W186   MT102        own=6.922947e-02 b  omc=6.922947e-02 b  rel=0.00e+00  
W186   MT16   lfs=0 own=8.960368e-01 b  omc=8.960368e-01 b  rel=0.00e+00  
W186   MT16   lfs=1 own=6.212343e-01 b  omc=6.212343e-01 b  rel=0.00e+00  
openmc errors: None
TENDL: {'LRP': 1, 'EL_eV': 1e-05, 'EH_eV': 850010.0, 'LRU': 1, 'LRF': 3, 'note': 'resolved-resonance reconstruction required before collapse; not attempted in P1'}
Fe56   MT102        own=1.340041e-03 b  omc=1.340041e-03 b  rel=0.00e+00  
Fe56   MT103        own=9.398681e-02 b  omc=9.398681e-02 b  rel=0.00e+00  
Fe56   MT107        own=3.641714e-02 b  omc=3.641714e-02 b  rel=0.00e+00  
Fe56   MT16         own=4.424524e-01 b  omc=4.424524e-01 b  rel=0.00e+00  
Fe56   MT105        own=8.475636e-05 b  omc=8.475636e-05 b  rel=0.00e+00  
Fe56   MT104        own=7.468242e-03 b  omc=7.468242e-03 b  rel=0.00e+00  
Fe56   MT28         own=8.297874e-02 b  omc=8.297874e-02 b  rel=0.00e+00  
Fe56   MT22         own=2.586244e-03 b  omc=2.586244e-03 b  rel=0.00e+00  
Fe56   MT32         own=0.000000e+00 b  omc=0.000000e+00 b  rel=0.00e+00  
Fe56   MT111        own=1.837272e-09 b  omc=1.837272e-09 b  rel=0.00e+00  
Ag107  MT102        own=3.028871e-02 b  omc=3.028871e-02 b  rel=0.00e+00  
Ag107  MT102  lfs=0 own=2.950822e-02 b  omc=2.950822e-02 b  rel=0.00e+00  
Ag107  MT102  lfs=1 own=7.804942e-04 b  omc=7.804942e-04 b  rel=0.00e+00  
W186   MT102        own=6.922947e-02 b  omc=6.922947e-02 b  rel=0.00e+00  
W186   MT16   lfs=0 own=8.960368e-01 b  omc=8.960368e-01 b  rel=0.00e+00  
W186   MT16   lfs=1 own=6.212343e-01 b  omc=6.212343e-01 b  rel=0.00e+00  
openmc errors: None
TENDL: {'LRP': 1, 'EL_eV': 1e-05, 'EH_eV': 850010.0, 'LRU': 1, 'LRF': 3, 'note': 'resolved-resonance reconstruction required before collapse; not attempted in P1'}
Fe56   MT102        own=1.340041e-03 b  omc=1.340041e-03 b  rel=0.00e+00  
Fe56   MT103        own=9.398681e-02 b  omc=9.398681e-02 b  rel=0.00e+00  
Fe56   MT107        own=3.641714e-02 b  omc=3.641714e-02 b  rel=0.00e+00  
Fe56   MT16         own=4.424524e-01 b  omc=4.424524e-01 b  rel=0.00e+00  
Fe56   MT105        own=8.475636e-05 b  omc=8.475636e-05 b  rel=0.00e+00  
Fe56   MT104        own=7.468242e-03 b  omc=7.468242e-03 b  rel=0.00e+00  
Fe56   MT28         own=8.297874e-02 b  omc=8.297874e-02 b  rel=0.00e+00  
Fe56   MT22         own=2.586244e-03 b  omc=2.586244e-03 b  rel=0.00e+00  
Fe56   MT32         own=0.000000e+00 b  omc=0.000000e+00 b  rel=0.00e+00  
Fe56   MT111        own=1.837272e-09 b  omc=1.837272e-09 b  rel=0.00e+00  
Ag107  MT102        own=3.028871e-02 b  omc=3.028871e-02 b  rel=0.00e+00  
Ag107  MT102  lfs=0 own=2.950822e-02 b  omc=2.950822e-02 b  rel=0.00e+00  
Ag107  MT102  lfs=1 own=7.804942e-04 b  omc=7.804942e-04 b  rel=0.00e+00  
W186   MT102        own=6.922947e-02 b  omc=6.922947e-02 b  rel=0.00e+00  
W186   MT16   lfs=0 own=8.960368e-01 b  omc=8.960368e-01 b  rel=0.00e+00  
W186   MT16   lfs=1 own=6.212343e-01 b  omc=6.212343e-01 b  rel=0.00e+00  
openmc errors: None
TENDL: {'LRP': 1, 'EL_eV': 1e-05, 'EH_eV': 850010.0, 'LRU': 1, 'LRF': 3, 'note': 'resolved-resonance reconstruction required before collapse; not attempted in P1'}
  1001/2847 n_052-Te-118_5219.dat 4.0s rows=66 led=1  total 2532s
Fe56   MT102        own=1.340041e-03 b  omc=1.340041e-03 b  rel=0.00e+00  
Fe56   MT103        own=9.398681e-02 b  omc=9.398681e-02 b  rel=0.00e+00  
Fe56   MT107        own=3.641714e-02 b  omc=3.641714e-02 b  rel=0.00e+00  
Fe56   MT16         own=4.424524e-01 b  omc=4.424524e-01 b  rel=0.00e+00  
Fe56   MT105        own=8.475636e-05 b  omc=8.475636e-05 b  rel=0.00e+00  
Fe56   MT104        own=7.468242e-03 b  omc=7.468242e-03 b  rel=0.00e+00  
Fe56   MT28         own=8.297874e-02 b  omc=8.297874e-02 b  rel=0.00e+00  
Fe56   MT22         own=2.586244e-03 b  omc=2.586244e-03 b  rel=0.00e+00  
Fe56   MT32         own=0.000000e+00 b  omc=0.000000e+00 b  rel=0.00e+00  
Fe56   MT111        own=1.837272e-09 b  omc=1.837272e-09 b  rel=0.00e+00  
Ag107  MT102        own=3.028871e-02 b  omc=3.028871e-02 b  rel=0.00e+00  
Ag107  MT102  lfs=0 own=2.950822e-02 b  omc=2.950822e-02 b  rel=0.00e+00  
Ag107  MT102  lfs=1 own=7.804942e-04 b  omc=7.804942e-04 b  rel=0.00e+00  
W186   MT102        own=6.922947e-02 b  omc=6.922947e-02 b  rel=0.00e+00  
W186   MT16   lfs=0 own=8.960368e-01 b  omc=8.960368e-01 b  rel=0.00e+00  
W186   MT16   lfs=1 own=6.212343e-01 b  omc=6.212343e-01 b  rel=0.00e+00  
openmc errors: None
TENDL: {'LRP': 1, 'EL_eV': 1e-05, 'EH_eV': 850010.0, 'LRU': 1, 'LRF': 3, 'note': 'resolved-resonance reconstruction required before collapse; not attempted in P1'}
Fe56   MT102        own=1.340041e-03 b  omc=1.340041e-03 b  rel=0.00e+00  
Fe56   MT103        own=9.398681e-02 b  omc=9.398681e-02 b  rel=0.00e+00  
Fe56   MT107        own=3.641714e-02 b  omc=3.641714e-02 b  rel=0.00e+00  
Fe56   MT16         own=4.424524e-01 b  omc=4.424524e-01 b  rel=0.00e+00  
Fe56   MT105        own=8.475636e-05 b  omc=8.475636e-05 b  rel=0.00e+00  
Fe56   MT104        own=7.468242e-03 b  omc=7.468242e-03 b  rel=0.00e+00  
Fe56   MT28         own=8.297874e-02 b  omc=8.297874e-02 b  rel=0.00e+00  
Fe56   MT22         own=2.586244e-03 b  omc=2.586244e-03 b  rel=0.00e+00  
Fe56   MT32         own=0.000000e+00 b  omc=0.000000e+00 b  rel=0.00e+00  
Fe56   MT111        own=1.837272e-09 b  omc=1.837272e-09 b  rel=0.00e+00  
Ag107  MT102        own=3.028871e-02 b  omc=3.028871e-02 b  rel=0.00e+00  
Ag107  MT102  lfs=0 own=2.950822e-02 b  omc=2.950822e-02 b  rel=0.00e+00  
Ag107  MT102  lfs=1 own=7.804942e-04 b  omc=7.804942e-04 b  rel=0.00e+00  
W186   MT102        own=6.922947e-02 b  omc=6.922947e-02 b  rel=0.00e+00  
W186   MT16   lfs=0 own=8.960368e-01 b  omc=8.960368e-01 b  rel=0.00e+00  
W186   MT16   lfs=1 own=6.212343e-01 b  omc=6.212343e-01 b  rel=0.00e+00  
openmc errors: None
TENDL: {'LRP': 1, 'EL_eV': 1e-05, 'EH_eV': 850010.0, 'LRU': 1, 'LRF': 3, 'note': 'resolved-resonance reconstruction required before collapse; not attempted in P1'}
Fe56   MT102        own=1.340041e-03 b  omc=1.340041e-03 b  rel=0.00e+00  
Fe56   MT103        own=9.398681e-02 b  omc=9.398681e-02 b  rel=0.00e+00  
Fe56   MT107        own=3.641714e-02 b  omc=3.641714e-02 b  rel=0.00e+00  
Fe56   MT16         own=4.424524e-01 b  omc=4.424524e-01 b  rel=0.00e+00  
Fe56   MT105        own=8.475636e-05 b  omc=8.475636e-05 b  rel=0.00e+00  
Fe56   MT104        own=7.468242e-03 b  omc=7.468242e-03 b  rel=0.00e+00  
Fe56   MT28         own=8.297874e-02 b  omc=8.297874e-02 b  rel=0.00e+00  
Fe56   MT22         own=2.586244e-03 b  omc=2.586244e-03 b  rel=0.00e+00  
Fe56   MT32         own=0.000000e+00 b  omc=0.000000e+00 b  rel=0.00e+00  
Fe56   MT111        own=1.837272e-09 b  omc=1.837272e-09 b  rel=0.00e+00  
Ag107  MT102        own=3.028871e-02 b  omc=3.028871e-02 b  rel=0.00e+00  
Ag107  MT102  lfs=0 own=2.950822e-02 b  omc=2.950822e-02 b  rel=0.00e+00  
Ag107  MT102  lfs=1 own=7.804942e-04 b  omc=7.804942e-04 b  rel=0.00e+00  
W186   MT102        own=6.922947e-02 b  omc=6.922947e-02 b  rel=0.00e+00  
W186   MT16   lfs=0 own=8.960368e-01 b  omc=8.960368e-01 b  rel=0.00e+00  
W186   MT16   lfs=1 own=6.212343e-01 b  omc=6.212343e-01 b  rel=0.00e+00  
openmc errors: None
TENDL: {'LRP': 1, 'EL_eV': 1e-05, 'EH_eV': 850010.0, 'LRU': 1, 'LRF': 3, 'note': 'resolved-resonance reconstruction required before collapse; not attempted in P1'}
Fe56   MT102        own=1.340041e-03 b  omc=1.340041e-03 b  rel=0.00e+00  
Fe56   MT103        own=9.398681e-02 b  omc=9.398681e-02 b  rel=0.00e+00  
Fe56   MT107        own=3.641714e-02 b  omc=3.641714e-02 b  rel=0.00e+00  
Fe56   MT16         own=4.424524e-01 b  omc=4.424524e-01 b  rel=0.00e+00  
Fe56   MT105        own=8.475636e-05 b  omc=8.475636e-05 b  rel=0.00e+00  
Fe56   MT104        own=7.468242e-03 b  omc=7.468242e-03 b  rel=0.00e+00  
Fe56   MT28         own=8.297874e-02 b  omc=8.297874e-02 b  rel=0.00e+00  
Fe56   MT22         own=2.586244e-03 b  omc=2.586244e-03 b  rel=0.00e+00  
Fe56   MT32         own=0.000000e+00 b  omc=0.000000e+00 b  rel=0.00e+00  
Fe56   MT111        own=1.837272e-09 b  omc=1.837272e-09 b  rel=0.00e+00  
Ag107  MT102        own=3.028871e-02 b  omc=3.028871e-02 b  rel=0.00e+00  
Ag107  MT102  lfs=0 own=2.950822e-02 b  omc=2.950822e-02 b  rel=0.00e+00  
Ag107  MT102  lfs=1 own=7.804942e-04 b  omc=7.804942e-04 b  rel=0.00e+00  
W186   MT102        own=6.922947e-02 b  omc=6.922947e-02 b  rel=0.00e+00  
W186   MT16   lfs=0 own=8.960368e-01 b  omc=8.960368e-01 b  rel=0.00e+00  
W186   MT16   lfs=1 own=6.212343e-01 b  omc=6.212343e-01 b  rel=0.00e+00  
openmc errors: None
TENDL: {'LRP': 1, 'EL_eV': 1e-05, 'EH_eV': 850010.0, 'LRU': 1, 'LRF': 3, 'note': 'resolved-resonance reconstruction required before collapse; not attempted in P1'}
Fe56   MT102        own=1.340041e-03 b  omc=1.340041e-03 b  rel=0.00e+00  
Fe56   MT103        own=9.398681e-02 b  omc=9.398681e-02 b  rel=0.00e+00  
Fe56   MT107        own=3.641714e-02 b  omc=3.641714e-02 b  rel=0.00e+00  
Fe56   MT16         own=4.424524e-01 b  omc=4.424524e-01 b  rel=0.00e+00  
Fe56   MT105        own=8.475636e-05 b  omc=8.475636e-05 b  rel=0.00e+00  
Fe56   MT104        own=7.468242e-03 b  omc=7.468242e-03 b  rel=0.00e+00  
Fe56   MT28         own=8.297874e-02 b  omc=8.297874e-02 b  rel=0.00e+00  
Fe56   MT22         own=2.586244e-03 b  omc=2.586244e-03 b  rel=0.00e+00  
Fe56   MT32         own=0.000000e+00 b  omc=0.000000e+00 b  rel=0.00e+00  
Fe56   MT111        own=1.837272e-09 b  omc=1.837272e-09 b  rel=0.00e+00  
Ag107  MT102        own=3.028871e-02 b  omc=3.028871e-02 b  rel=0.00e+00  
Ag107  MT102  lfs=0 own=2.950822e-02 b  omc=2.950822e-02 b  rel=0.00e+00  
Ag107  MT102  lfs=1 own=7.804942e-04 b  omc=7.804942e-04 b  rel=0.00e+00  
W186   MT102        own=6.922947e-02 b  omc=6.922947e-02 b  rel=0.00e+00  
W186   MT16   lfs=0 own=8.960368e-01 b  omc=8.960368e-01 b  rel=0.00e+00  
W186   MT16   lfs=1 own=6.212343e-01 b  omc=6.212343e-01 b  rel=0.00e+00  
openmc errors: None
TENDL: {'LRP': 1, 'EL_eV': 1e-05, 'EH_eV': 850010.0, 'LRU': 1, 'LRF': 3, 'note': 'resolved-resonance reconstruction required before collapse; not attempted in P1'}
Fe56   MT102        own=1.340041e-03 b  omc=1.340041e-03 b  rel=0.00e+00  
Fe56   MT103        own=9.398681e-02 b  omc=9.398681e-02 b  rel=0.00e+00  
Fe56   MT107        own=3.641714e-02 b  omc=3.641714e-02 b  rel=0.00e+00  
Fe56   MT16         own=4.424524e-01 b  omc=4.424524e-01 b  rel=0.00e+00  
Fe56   MT105        own=8.475636e-05 b  omc=8.475636e-05 b  rel=0.00e+00  
Fe56   MT104        own=7.468242e-03 b  omc=7.468242e-03 b  rel=0.00e+00  
Fe56   MT28         own=8.297874e-02 b  omc=8.297874e-02 b  rel=0.00e+00  
Fe56   MT22         own=2.586244e-03 b  omc=2.586244e-03 b  rel=0.00e+00  
Fe56   MT32         own=0.000000e+00 b  omc=0.000000e+00 b  rel=0.00e+00  
Fe56   MT111        own=1.837272e-09 b  omc=1.837272e-09 b  rel=0.00e+00  
Ag107  MT102        own=3.028871e-02 b  omc=3.028871e-02 b  rel=0.00e+00  
Ag107  MT102  lfs=0 own=2.950822e-02 b  omc=2.950822e-02 b  rel=0.00e+00  
Ag107  MT102  lfs=1 own=7.804942e-04 b  omc=7.804942e-04 b  rel=0.00e+00  
W186   MT102        own=6.922947e-02 b  omc=6.922947e-02 b  rel=0.00e+00  
W186   MT16   lfs=0 own=8.960368e-01 b  omc=8.960368e-01 b  rel=0.00e+00  
W186   MT16   lfs=1 own=6.212343e-01 b  omc=6.212343e-01 b  rel=0.00e+00  
openmc errors: None
TENDL: {'LRP': 1, 'EL_eV': 1e-05, 'EH_eV': 850010.0, 'LRU': 1, 'LRF': 3, 'note': 'resolved-resonance reconstruction required before collapse; not attempted in P1'}
Fe56   MT102        own=1.340041e-03 b  omc=1.340041e-03 b  rel=0.00e+00  
Fe56   MT103        own=9.398681e-02 b  omc=9.398681e-02 b  rel=0.00e+00  
Fe56   MT107        own=3.641714e-02 b  omc=3.641714e-02 b  rel=0.00e+00  
Fe56   MT16         own=4.424524e-01 b  omc=4.424524e-01 b  rel=0.00e+00  
Fe56   MT105        own=8.475636e-05 b  omc=8.475636e-05 b  rel=0.00e+00  
Fe56   MT104        own=7.468242e-03 b  omc=7.468242e-03 b  rel=0.00e+00  
Fe56   MT28         own=8.297874e-02 b  omc=8.297874e-02 b  rel=0.00e+00  
Fe56   MT22         own=2.586244e-03 b  omc=2.586244e-03 b  rel=0.00e+00  
Fe56   MT32         own=0.000000e+00 b  omc=0.000000e+00 b  rel=0.00e+00  
Fe56   MT111        own=1.837272e-09 b  omc=1.837272e-09 b  rel=0.00e+00  
Ag107  MT102        own=3.028871e-02 b  omc=3.028871e-02 b  rel=0.00e+00  
Ag107  MT102  lfs=0 own=2.950822e-02 b  omc=2.950822e-02 b  rel=0.00e+00  
Ag107  MT102  lfs=1 own=7.804942e-04 b  omc=7.804942e-04 b  rel=0.00e+00  
W186   MT102        own=6.922947e-02 b  omc=6.922947e-02 b  rel=0.00e+00  
W186   MT16   lfs=0 own=8.960368e-01 b  omc=8.960368e-01 b  rel=0.00e+00  
W186   MT16   lfs=1 own=6.212343e-01 b  omc=6.212343e-01 b  rel=0.00e+00  
openmc errors: None
TENDL: {'LRP': 1, 'EL_eV': 1e-05, 'EH_eV': 850010.0, 'LRU': 1, 'LRF': 3, 'note': 'resolved-resonance reconstruction required before collapse; not attempted in P1'}
Fe56   MT102        own=1.340041e-03 b  omc=1.340041e-03 b  rel=0.00e+00  
Fe56   MT103        own=9.398681e-02 b  omc=9.398681e-02 b  rel=0.00e+00  
Fe56   MT107        own=3.641714e-02 b  omc=3.641714e-02 b  rel=0.00e+00  
Fe56   MT16         own=4.424524e-01 b  omc=4.424524e-01 b  rel=0.00e+00  
Fe56   MT105        own=8.475636e-05 b  omc=8.475636e-05 b  rel=0.00e+00  
Fe56   MT104        own=7.468242e-03 b  omc=7.468242e-03 b  rel=0.00e+00  
Fe56   MT28         own=8.297874e-02 b  omc=8.297874e-02 b  rel=0.00e+00  
Fe56   MT22         own=2.586244e-03 b  omc=2.586244e-03 b  rel=0.00e+00  
Fe56   MT32         own=0.000000e+00 b  omc=0.000000e+00 b  rel=0.00e+00  
Fe56   MT111        own=1.837272e-09 b  omc=1.837272e-09 b  rel=0.00e+00  
Ag107  MT102        own=3.028871e-02 b  omc=3.028871e-02 b  rel=0.00e+00  
Ag107  MT102  lfs=0 own=2.950822e-02 b  omc=2.950822e-02 b  rel=0.00e+00  
Ag107  MT102  lfs=1 own=7.804942e-04 b  omc=7.804942e-04 b  rel=0.00e+00  
W186   MT102        own=6.922947e-02 b  omc=6.922947e-02 b  rel=0.00e+00  
W186   MT16   lfs=0 own=8.960368e-01 b  omc=8.960368e-01 b  rel=0.00e+00  
W186   MT16   lfs=1 own=6.212343e-01 b  omc=6.212343e-01 b  rel=0.00e+00  
openmc errors: None
TENDL: {'LRP': 1, 'EL_eV': 1e-05, 'EH_eV': 850010.0, 'LRU': 1, 'LRF': 3, 'note': 'resolved-resonance reconstruction required before collapse; not attempted in P1'}
Fe56   MT102        own=1.340041e-03 b  omc=1.340041e-03 b  rel=0.00e+00  
Fe56   MT103        own=9.398681e-02 b  omc=9.398681e-02 b  rel=0.00e+00  
Fe56   MT107        own=3.641714e-02 b  omc=3.641714e-02 b  rel=0.00e+00  
Fe56   MT16         own=4.424524e-01 b  omc=4.424524e-01 b  rel=0.00e+00  
Fe56   MT105        own=8.475636e-05 b  omc=8.475636e-05 b  rel=0.00e+00  
Fe56   MT104        own=7.468242e-03 b  omc=7.468242e-03 b  rel=0.00e+00  
Fe56   MT28         own=8.297874e-02 b  omc=8.297874e-02 b  rel=0.00e+00  
Fe56   MT22         own=2.586244e-03 b  omc=2.586244e-03 b  rel=0.00e+00  
Fe56   MT32         own=0.000000e+00 b  omc=0.000000e+00 b  rel=0.00e+00  
Fe56   MT111        own=1.837272e-09 b  omc=1.837272e-09 b  rel=0.00e+00  
Ag107  MT102        own=3.028871e-02 b  omc=3.028871e-02 b  rel=0.00e+00  
Ag107  MT102  lfs=0 own=2.950822e-02 b  omc=2.950822e-02 b  rel=0.00e+00  
Ag107  MT102  lfs=1 own=7.804942e-04 b  omc=7.804942e-04 b  rel=0.00e+00  
W186   MT102        own=6.922947e-02 b  omc=6.922947e-02 b  rel=0.00e+00  
W186   MT16   lfs=0 own=8.960368e-01 b  omc=8.960368e-01 b  rel=0.00e+00  
W186   MT16   lfs=1 own=6.212343e-01 b  omc=6.212343e-01 b  rel=0.00e+00  
openmc errors: None
TENDL: {'LRP': 1, 'EL_eV': 1e-05, 'EH_eV': 850010.0, 'LRU': 1, 'LRF': 3, 'note': 'resolved-resonance reconstruction required before collapse; not attempted in P1'}
Fe56   MT102        own=1.340041e-03 b  omc=1.340041e-03 b  rel=0.00e+00  
Fe56   MT103        own=9.398681e-02 b  omc=9.398681e-02 b  rel=0.00e+00  
Fe56   MT107        own=3.641714e-02 b  omc=3.641714e-02 b  rel=0.00e+00  
Fe56   MT16         own=4.424524e-01 b  omc=4.424524e-01 b  rel=0.00e+00  
Fe56   MT105        own=8.475636e-05 b  omc=8.475636e-05 b  rel=0.00e+00  
Fe56   MT104        own=7.468242e-03 b  omc=7.468242e-03 b  rel=0.00e+00  
Fe56   MT28         own=8.297874e-02 b  omc=8.297874e-02 b  rel=0.00e+00  
Fe56   MT22         own=2.586244e-03 b  omc=2.586244e-03 b  rel=0.00e+00  
Fe56   MT32         own=0.000000e+00 b  omc=0.000000e+00 b  rel=0.00e+00  
Fe56   MT111        own=1.837272e-09 b  omc=1.837272e-09 b  rel=0.00e+00  
Ag107  MT102        own=3.028871e-02 b  omc=3.028871e-02 b  rel=0.00e+00  
Ag107  MT102  lfs=0 own=2.950822e-02 b  omc=2.950822e-02 b  rel=0.00e+00  
Ag107  MT102  lfs=1 own=7.804942e-04 b  omc=7.804942e-04 b  rel=0.00e+00  
W186   MT102        own=6.922947e-02 b  omc=6.922947e-02 b  rel=0.00e+00  
W186   MT16   lfs=0 own=8.960368e-01 b  omc=8.960368e-01 b  rel=0.00e+00  
W186   MT16   lfs=1 own=6.212343e-01 b  omc=6.212343e-01 b  rel=0.00e+00  
openmc errors: None
TENDL: {'LRP': 1, 'EL_eV': 1e-05, 'EH_eV': 850010.0, 'LRU': 1, 'LRF': 3, 'note': 'resolved-resonance reconstruction required before collapse; not attempted in P1'}
Fe56   MT102        own=1.340041e-03 b  omc=1.340041e-03 b  rel=0.00e+00  
Fe56   MT103        own=9.398681e-02 b  omc=9.398681e-02 b  rel=0.00e+00  
Fe56   MT107        own=3.641714e-02 b  omc=3.641714e-02 b  rel=0.00e+00  
Fe56   MT16         own=4.424524e-01 b  omc=4.424524e-01 b  rel=0.00e+00  
Fe56   MT105        own=8.475636e-05 b  omc=8.475636e-05 b  rel=0.00e+00  
Fe56   MT104        own=7.468242e-03 b  omc=7.468242e-03 b  rel=0.00e+00  
Fe56   MT28         own=8.297874e-02 b  omc=8.297874e-02 b  rel=0.00e+00  
Fe56   MT22         own=2.586244e-03 b  omc=2.586244e-03 b  rel=0.00e+00  
Fe56   MT32         own=0.000000e+00 b  omc=0.000000e+00 b  rel=0.00e+00  
Fe56   MT111        own=1.837272e-09 b  omc=1.837272e-09 b  rel=0.00e+00  
Ag107  MT102        own=3.028871e-02 b  omc=3.028871e-02 b  rel=0.00e+00  
Ag107  MT102  lfs=0 own=2.950822e-02 b  omc=2.950822e-02 b  rel=0.00e+00  
Ag107  MT102  lfs=1 own=7.804942e-04 b  omc=7.804942e-04 b  rel=0.00e+00  
W186   MT102        own=6.922947e-02 b  omc=6.922947e-02 b  rel=0.00e+00  
W186   MT16   lfs=0 own=8.960368e-01 b  omc=8.960368e-01 b  rel=0.00e+00  
W186   MT16   lfs=1 own=6.212343e-01 b  omc=6.212343e-01 b  rel=0.00e+00  
openmc errors: None
TENDL: {'LRP': 1, 'EL_eV': 1e-05, 'EH_eV': 850010.0, 'LRU': 1, 'LRF': 3, 'note': 'resolved-resonance reconstruction required before collapse; not attempted in P1'}
Fe56   MT102        own=1.340041e-03 b  omc=1.340041e-03 b  rel=0.00e+00  
Fe56   MT103        own=9.398681e-02 b  omc=9.398681e-02 b  rel=0.00e+00  
Fe56   MT107        own=3.641714e-02 b  omc=3.641714e-02 b  rel=0.00e+00  
Fe56   MT16         own=4.424524e-01 b  omc=4.424524e-01 b  rel=0.00e+00  
Fe56   MT105        own=8.475636e-05 b  omc=8.475636e-05 b  rel=0.00e+00  
Fe56   MT104        own=7.468242e-03 b  omc=7.468242e-03 b  rel=0.00e+00  
Fe56   MT28         own=8.297874e-02 b  omc=8.297874e-02 b  rel=0.00e+00  
Fe56   MT22         own=2.586244e-03 b  omc=2.586244e-03 b  rel=0.00e+00  
Fe56   MT32         own=0.000000e+00 b  omc=0.000000e+00 b  rel=0.00e+00  
Fe56   MT111        own=1.837272e-09 b  omc=1.837272e-09 b  rel=0.00e+00  
Ag107  MT102        own=3.028871e-02 b  omc=3.028871e-02 b  rel=0.00e+00  
Ag107  MT102  lfs=0 own=2.950822e-02 b  omc=2.950822e-02 b  rel=0.00e+00  
Ag107  MT102  lfs=1 own=7.804942e-04 b  omc=7.804942e-04 b  rel=0.00e+00  
W186   MT102        own=6.922947e-02 b  omc=6.922947e-02 b  rel=0.00e+00  
W186   MT16   lfs=0 own=8.960368e-01 b  omc=8.960368e-01 b  rel=0.00e+00  
W186   MT16   lfs=1 own=6.212343e-01 b  omc=6.212343e-01 b  rel=0.00e+00  
openmc errors: None
TENDL: {'LRP': 1, 'EL_eV': 1e-05, 'EH_eV': 850010.0, 'LRU': 1, 'LRF': 3, 'note': 'resolved-resonance reconstruction required before collapse; not attempted in P1'}
Fe56   MT102        own=1.340041e-03 b  omc=1.340041e-03 b  rel=0.00e+00  
Fe56   MT103        own=9.398681e-02 b  omc=9.398681e-02 b  rel=0.00e+00  
Fe56   MT107        own=3.641714e-02 b  omc=3.641714e-02 b  rel=0.00e+00  
Fe56   MT16         own=4.424524e-01 b  omc=4.424524e-01 b  rel=0.00e+00  
Fe56   MT105        own=8.475636e-05 b  omc=8.475636e-05 b  rel=0.00e+00  
Fe56   MT104        own=7.468242e-03 b  omc=7.468242e-03 b  rel=0.00e+00  
Fe56   MT28         own=8.297874e-02 b  omc=8.297874e-02 b  rel=0.00e+00  
Fe56   MT22         own=2.586244e-03 b  omc=2.586244e-03 b  rel=0.00e+00  
Fe56   MT32         own=0.000000e+00 b  omc=0.000000e+00 b  rel=0.00e+00  
Fe56   MT111        own=1.837272e-09 b  omc=1.837272e-09 b  rel=0.00e+00  
Ag107  MT102        own=3.028871e-02 b  omc=3.028871e-02 b  rel=0.00e+00  
Ag107  MT102  lfs=0 own=2.950822e-02 b  omc=2.950822e-02 b  rel=0.00e+00  
Ag107  MT102  lfs=1 own=7.804942e-04 b  omc=7.804942e-04 b  rel=0.00e+00  
W186   MT102        own=6.922947e-02 b  omc=6.922947e-02 b  rel=0.00e+00  
W186   MT16   lfs=0 own=8.960368e-01 b  omc=8.960368e-01 b  rel=0.00e+00  
W186   MT16   lfs=1 own=6.212343e-01 b  omc=6.212343e-01 b  rel=0.00e+00  
openmc errors: None
TENDL: {'LRP': 1, 'EL_eV': 1e-05, 'EH_eV': 850010.0, 'LRU': 1, 'LRF': 3, 'note': 'resolved-resonance reconstruction required before collapse; not attempted in P1'}
Fe56   MT102        own=1.340041e-03 b  omc=1.340041e-03 b  rel=0.00e+00  
Fe56   MT103        own=9.398681e-02 b  omc=9.398681e-02 b  rel=0.00e+00  
Fe56   MT107        own=3.641714e-02 b  omc=3.641714e-02 b  rel=0.00e+00  
Fe56   MT16         own=4.424524e-01 b  omc=4.424524e-01 b  rel=0.00e+00  
Fe56   MT105        own=8.475636e-05 b  omc=8.475636e-05 b  rel=0.00e+00  
Fe56   MT104        own=7.468242e-03 b  omc=7.468242e-03 b  rel=0.00e+00  
Fe56   MT28         own=8.297874e-02 b  omc=8.297874e-02 b  rel=0.00e+00  
Fe56   MT22         own=2.586244e-03 b  omc=2.586244e-03 b  rel=0.00e+00  
Fe56   MT32         own=0.000000e+00 b  omc=0.000000e+00 b  rel=0.00e+00  
Fe56   MT111        own=1.837272e-09 b  omc=1.837272e-09 b  rel=0.00e+00  
Ag107  MT102        own=3.028871e-02 b  omc=3.028871e-02 b  rel=0.00e+00  
Ag107  MT102  lfs=0 own=2.950822e-02 b  omc=2.950822e-02 b  rel=0.00e+00  
Ag107  MT102  lfs=1 own=7.804942e-04 b  omc=7.804942e-04 b  rel=0.00e+00  
W186   MT102        own=6.922947e-02 b  omc=6.922947e-02 b  rel=0.00e+00  
W186   MT16   lfs=0 own=8.960368e-01 b  omc=8.960368e-01 b  rel=0.00e+00  
W186   MT16   lfs=1 own=6.212343e-01 b  omc=6.212343e-01 b  rel=0.00e+00  
openmc errors: None
TENDL: {'LRP': 1, 'EL_eV': 1e-05, 'EH_eV': 850010.0, 'LRU': 1, 'LRF': 3, 'note': 'resolved-resonance reconstruction required before collapse; not attempted in P1'}
Fe56   MT102        own=1.340041e-03 b  omc=1.340041e-03 b  rel=0.00e+00  
Fe56   MT103        own=9.398681e-02 b  omc=9.398681e-02 b  rel=0.00e+00  
Fe56   MT107        own=3.641714e-02 b  omc=3.641714e-02 b  rel=0.00e+00  
Fe56   MT16         own=4.424524e-01 b  omc=4.424524e-01 b  rel=0.00e+00  
Fe56   MT105        own=8.475636e-05 b  omc=8.475636e-05 b  rel=0.00e+00  
Fe56   MT104        own=7.468242e-03 b  omc=7.468242e-03 b  rel=0.00e+00  
Fe56   MT28         own=8.297874e-02 b  omc=8.297874e-02 b  rel=0.00e+00  
Fe56   MT22         own=2.586244e-03 b  omc=2.586244e-03 b  rel=0.00e+00  
Fe56   MT32         own=0.000000e+00 b  omc=0.000000e+00 b  rel=0.00e+00  
Fe56   MT111        own=1.837272e-09 b  omc=1.837272e-09 b  rel=0.00e+00  
Ag107  MT102        own=3.028871e-02 b  omc=3.028871e-02 b  rel=0.00e+00  
Ag107  MT102  lfs=0 own=2.950822e-02 b  omc=2.950822e-02 b  rel=0.00e+00  
Ag107  MT102  lfs=1 own=7.804942e-04 b  omc=7.804942e-04 b  rel=0.00e+00  
W186   MT102        own=6.922947e-02 b  omc=6.922947e-02 b  rel=0.00e+00  
W186   MT16   lfs=0 own=8.960368e-01 b  omc=8.960368e-01 b  rel=0.00e+00  
W186   MT16   lfs=1 own=6.212343e-01 b  omc=6.212343e-01 b  rel=0.00e+00  
openmc errors: None
TENDL: {'LRP': 1, 'EL_eV': 1e-05, 'EH_eV': 850010.0, 'LRU': 1, 'LRF': 3, 'note': 'resolved-resonance reconstruction required before collapse; not attempted in P1'}
Fe56   MT102        own=1.340041e-03 b  omc=1.340041e-03 b  rel=0.00e+00  
Fe56   MT103        own=9.398681e-02 b  omc=9.398681e-02 b  rel=0.00e+00  
Fe56   MT107        own=3.641714e-02 b  omc=3.641714e-02 b  rel=0.00e+00  
Fe56   MT16         own=4.424524e-01 b  omc=4.424524e-01 b  rel=0.00e+00  
Fe56   MT105        own=8.475636e-05 b  omc=8.475636e-05 b  rel=0.00e+00  
Fe56   MT104        own=7.468242e-03 b  omc=7.468242e-03 b  rel=0.00e+00  
Fe56   MT28         own=8.297874e-02 b  omc=8.297874e-02 b  rel=0.00e+00  
Fe56   MT22         own=2.586244e-03 b  omc=2.586244e-03 b  rel=0.00e+00  
Fe56   MT32         own=0.000000e+00 b  omc=0.000000e+00 b  rel=0.00e+00  
Fe56   MT111        own=1.837272e-09 b  omc=1.837272e-09 b  rel=0.00e+00  
Ag107  MT102        own=3.028871e-02 b  omc=3.028871e-02 b  rel=0.00e+00  
Ag107  MT102  lfs=0 own=2.950822e-02 b  omc=2.950822e-02 b  rel=0.00e+00  
Ag107  MT102  lfs=1 own=7.804942e-04 b  omc=7.804942e-04 b  rel=0.00e+00  
W186   MT102        own=6.922947e-02 b  omc=6.922947e-02 b  rel=0.00e+00  
W186   MT16   lfs=0 own=8.960368e-01 b  omc=8.960368e-01 b  rel=0.00e+00  
W186   MT16   lfs=1 own=6.212343e-01 b  omc=6.212343e-01 b  rel=0.00e+00  
openmc errors: None
TENDL: {'LRP': 1, 'EL_eV': 1e-05, 'EH_eV': 850010.0, 'LRU': 1, 'LRF': 3, 'note': 'resolved-resonance reconstruction required before collapse; not attempted in P1'}
Fe56   MT102        own=1.340041e-03 b  omc=1.340041e-03 b  rel=0.00e+00  
Fe56   MT103        own=9.398681e-02 b  omc=9.398681e-02 b  rel=0.00e+00  
Fe56   MT107        own=3.641714e-02 b  omc=3.641714e-02 b  rel=0.00e+00  
Fe56   MT16         own=4.424524e-01 b  omc=4.424524e-01 b  rel=0.00e+00  
Fe56   MT105        own=8.475636e-05 b  omc=8.475636e-05 b  rel=0.00e+00  
Fe56   MT104        own=7.468242e-03 b  omc=7.468242e-03 b  rel=0.00e+00  
Fe56   MT28         own=8.297874e-02 b  omc=8.297874e-02 b  rel=0.00e+00  
Fe56   MT22         own=2.586244e-03 b  omc=2.586244e-03 b  rel=0.00e+00  
Fe56   MT32         own=0.000000e+00 b  omc=0.000000e+00 b  rel=0.00e+00  
Fe56   MT111        own=1.837272e-09 b  omc=1.837272e-09 b  rel=0.00e+00  
Ag107  MT102        own=3.028871e-02 b  omc=3.028871e-02 b  rel=0.00e+00  
Ag107  MT102  lfs=0 own=2.950822e-02 b  omc=2.950822e-02 b  rel=0.00e+00  
Ag107  MT102  lfs=1 own=7.804942e-04 b  omc=7.804942e-04 b  rel=0.00e+00  
W186   MT102        own=6.922947e-02 b  omc=6.922947e-02 b  rel=0.00e+00  
W186   MT16   lfs=0 own=8.960368e-01 b  omc=8.960368e-01 b  rel=0.00e+00  
W186   MT16   lfs=1 own=6.212343e-01 b  omc=6.212343e-01 b  rel=0.00e+00  
openmc errors: None
TENDL: {'LRP': 1, 'EL_eV': 1e-05, 'EH_eV': 850010.0, 'LRU': 1, 'LRF': 3, 'note': 'resolved-resonance reconstruction required before collapse; not attempted in P1'}
Fe56   MT102        own=1.340041e-03 b  omc=1.340041e-03 b  rel=0.00e+00  
Fe56   MT103        own=9.398681e-02 b  omc=9.398681e-02 b  rel=0.00e+00  
Fe56   MT107        own=3.641714e-02 b  omc=3.641714e-02 b  rel=0.00e+00  
Fe56   MT16         own=4.424524e-01 b  omc=4.424524e-01 b  rel=0.00e+00  
Fe56   MT105        own=8.475636e-05 b  omc=8.475636e-05 b  rel=0.00e+00  
Fe56   MT104        own=7.468242e-03 b  omc=7.468242e-03 b  rel=0.00e+00  
Fe56   MT28         own=8.297874e-02 b  omc=8.297874e-02 b  rel=0.00e+00  
Fe56   MT22         own=2.586244e-03 b  omc=2.586244e-03 b  rel=0.00e+00  
Fe56   MT32         own=0.000000e+00 b  omc=0.000000e+00 b  rel=0.00e+00  
Fe56   MT111        own=1.837272e-09 b  omc=1.837272e-09 b  rel=0.00e+00  
Ag107  MT102        own=3.028871e-02 b  omc=3.028871e-02 b  rel=0.00e+00  
Ag107  MT102  lfs=0 own=2.950822e-02 b  omc=2.950822e-02 b  rel=0.00e+00  
Ag107  MT102  lfs=1 own=7.804942e-04 b  omc=7.804942e-04 b  rel=0.00e+00  
W186   MT102        own=6.922947e-02 b  omc=6.922947e-02 b  rel=0.00e+00  
W186   MT16   lfs=0 own=8.960368e-01 b  omc=8.960368e-01 b  rel=0.00e+00  
W186   MT16   lfs=1 own=6.212343e-01 b  omc=6.212343e-01 b  rel=0.00e+00  
openmc errors: None
TENDL: {'LRP': 1, 'EL_eV': 1e-05, 'EH_eV': 850010.0, 'LRU': 1, 'LRF': 3, 'note': 'resolved-resonance reconstruction required before collapse; not attempted in P1'}
Fe56   MT102        own=1.340041e-03 b  omc=1.340041e-03 b  rel=0.00e+00  
Fe56   MT103        own=9.398681e-02 b  omc=9.398681e-02 b  rel=0.00e+00  
Fe56   MT107        own=3.641714e-02 b  omc=3.641714e-02 b  rel=0.00e+00  
Fe56   MT16         own=4.424524e-01 b  omc=4.424524e-01 b  rel=0.00e+00  
Fe56   MT105        own=8.475636e-05 b  omc=8.475636e-05 b  rel=0.00e+00  
Fe56   MT104        own=7.468242e-03 b  omc=7.468242e-03 b  rel=0.00e+00  
Fe56   MT28         own=8.297874e-02 b  omc=8.297874e-02 b  rel=0.00e+00  
Fe56   MT22         own=2.586244e-03 b  omc=2.586244e-03 b  rel=0.00e+00  
Fe56   MT32         own=0.000000e+00 b  omc=0.000000e+00 b  rel=0.00e+00  
Fe56   MT111        own=1.837272e-09 b  omc=1.837272e-09 b  rel=0.00e+00  
Ag107  MT102        own=3.028871e-02 b  omc=3.028871e-02 b  rel=0.00e+00  
Ag107  MT102  lfs=0 own=2.950822e-02 b  omc=2.950822e-02 b  rel=0.00e+00  
Ag107  MT102  lfs=1 own=7.804942e-04 b  omc=7.804942e-04 b  rel=0.00e+00  
W186   MT102        own=6.922947e-02 b  omc=6.922947e-02 b  rel=0.00e+00  
W186   MT16   lfs=0 own=8.960368e-01 b  omc=8.960368e-01 b  rel=0.00e+00  
W186   MT16   lfs=1 own=6.212343e-01 b  omc=6.212343e-01 b  rel=0.00e+00  
openmc errors: None
TENDL: {'LRP': 1, 'EL_eV': 1e-05, 'EH_eV': 850010.0, 'LRU': 1, 'LRF': 3, 'note': 'resolved-resonance reconstruction required before collapse; not attempted in P1'}
Fe56   MT102        own=1.340041e-03 b  omc=1.340041e-03 b  rel=0.00e+00  
Fe56   MT103        own=9.398681e-02 b  omc=9.398681e-02 b  rel=0.00e+00  
Fe56   MT107        own=3.641714e-02 b  omc=3.641714e-02 b  rel=0.00e+00  
Fe56   MT16         own=4.424524e-01 b  omc=4.424524e-01 b  rel=0.00e+00  
Fe56   MT105        own=8.475636e-05 b  omc=8.475636e-05 b  rel=0.00e+00  
Fe56   MT104        own=7.468242e-03 b  omc=7.468242e-03 b  rel=0.00e+00  
Fe56   MT28         own=8.297874e-02 b  omc=8.297874e-02 b  rel=0.00e+00  
Fe56   MT22         own=2.586244e-03 b  omc=2.586244e-03 b  rel=0.00e+00  
Fe56   MT32         own=0.000000e+00 b  omc=0.000000e+00 b  rel=0.00e+00  
Fe56   MT111        own=1.837272e-09 b  omc=1.837272e-09 b  rel=0.00e+00  
Ag107  MT102        own=3.028871e-02 b  omc=3.028871e-02 b  rel=0.00e+00  
Ag107  MT102  lfs=0 own=2.950822e-02 b  omc=2.950822e-02 b  rel=0.00e+00  
Ag107  MT102  lfs=1 own=7.804942e-04 b  omc=7.804942e-04 b  rel=0.00e+00  
W186   MT102        own=6.922947e-02 b  omc=6.922947e-02 b  rel=0.00e+00  
W186   MT16   lfs=0 own=8.960368e-01 b  omc=8.960368e-01 b  rel=0.00e+00  
W186   MT16   lfs=1 own=6.212343e-01 b  omc=6.212343e-01 b  rel=0.00e+00  
openmc errors: None
TENDL: {'LRP': 1, 'EL_eV': 1e-05, 'EH_eV': 850010.0, 'LRU': 1, 'LRF': 3, 'note': 'resolved-resonance reconstruction required before collapse; not attempted in P1'}
Fe56   MT102        own=1.340041e-03 b  omc=1.340041e-03 b  rel=0.00e+00  
Fe56   MT103        own=9.398681e-02 b  omc=9.398681e-02 b  rel=0.00e+00  
Fe56   MT107        own=3.641714e-02 b  omc=3.641714e-02 b  rel=0.00e+00  
Fe56   MT16         own=4.424524e-01 b  omc=4.424524e-01 b  rel=0.00e+00  
Fe56   MT105        own=8.475636e-05 b  omc=8.475636e-05 b  rel=0.00e+00  
Fe56   MT104        own=7.468242e-03 b  omc=7.468242e-03 b  rel=0.00e+00  
Fe56   MT28         own=8.297874e-02 b  omc=8.297874e-02 b  rel=0.00e+00  
Fe56   MT22         own=2.586244e-03 b  omc=2.586244e-03 b  rel=0.00e+00  
Fe56   MT32         own=0.000000e+00 b  omc=0.000000e+00 b  rel=0.00e+00  
Fe56   MT111        own=1.837272e-09 b  omc=1.837272e-09 b  rel=0.00e+00  
Ag107  MT102        own=3.028871e-02 b  omc=3.028871e-02 b  rel=0.00e+00  
Ag107  MT102  lfs=0 own=2.950822e-02 b  omc=2.950822e-02 b  rel=0.00e+00  
Ag107  MT102  lfs=1 own=7.804942e-04 b  omc=7.804942e-04 b  rel=0.00e+00  
W186   MT102        own=6.922947e-02 b  omc=6.922947e-02 b  rel=0.00e+00  
W186   MT16   lfs=0 own=8.960368e-01 b  omc=8.960368e-01 b  rel=0.00e+00  
W186   MT16   lfs=1 own=6.212343e-01 b  omc=6.212343e-01 b  rel=0.00e+00  
openmc errors: None
TENDL: {'LRP': 1, 'EL_eV': 1e-05, 'EH_eV': 850010.0, 'LRU': 1, 'LRF': 3, 'note': 'resolved-resonance reconstruction required before collapse; not attempted in P1'}
  1051/2847 n_053-I-129_5331.dat 67.3s rows=71 led=1  total 4696s
  1101/2847 n_054-Xe-140_5473.dat 6.7s rows=40 led=1  total 4696s
  1151/2847 n_056-Ba-121_5598.dat 20.8s rows=69 led=1  total 4696s
  1201/2847 n_057-La-133_5710.dat 16.3s rows=65 led=1  total 4696s
  1251/2847 n_058-Ce-147_5858.dat 4.0s rows=42 led=1  total 4696s
  1301/2847 n_060-Nd-130_5989.dat 7.3s rows=60 led=1  total 4696s
Fe56   MT102        own=1.340041e-03 b  omc=1.340041e-03 b  rel=0.00e+00  
Fe56   MT103        own=9.398681e-02 b  omc=9.398681e-02 b  rel=0.00e+00  
Fe56   MT107        own=3.641714e-02 b  omc=3.641714e-02 b  rel=0.00e+00  
Fe56   MT16         own=4.424524e-01 b  omc=4.424524e-01 b  rel=0.00e+00  
Fe56   MT105        own=8.475636e-05 b  omc=8.475636e-05 b  rel=0.00e+00  
Fe56   MT104        own=7.468242e-03 b  omc=7.468242e-03 b  rel=0.00e+00  
Fe56   MT28         own=8.297874e-02 b  omc=8.297874e-02 b  rel=0.00e+00  
Fe56   MT22         own=2.586244e-03 b  omc=2.586244e-03 b  rel=0.00e+00  
Fe56   MT32         own=0.000000e+00 b  omc=0.000000e+00 b  rel=0.00e+00  
Fe56   MT111        own=1.837272e-09 b  omc=1.837272e-09 b  rel=0.00e+00  
Ag107  MT102        own=3.028871e-02 b  omc=3.028871e-02 b  rel=0.00e+00  
Ag107  MT102  lfs=0 own=2.950822e-02 b  omc=2.950822e-02 b  rel=0.00e+00  
Ag107  MT102  lfs=1 own=7.804942e-04 b  omc=7.804942e-04 b  rel=0.00e+00  
W186   MT102        own=6.922947e-02 b  omc=6.922947e-02 b  rel=0.00e+00  
W186   MT16   lfs=0 own=8.960368e-01 b  omc=8.960368e-01 b  rel=0.00e+00  
W186   MT16   lfs=1 own=6.212343e-01 b  omc=6.212343e-01 b  rel=0.00e+00  
openmc errors: None
TENDL: {'LRP': 1, 'EL_eV': 1e-05, 'EH_eV': 850010.0, 'LRU': 1, 'LRF': 3, 'note': 'resolved-resonance reconstruction required before collapse; not attempted in P1'}
Fe56   MT102        own=1.340041e-03 b  omc=1.340041e-03 b  rel=0.00e+00  
Fe56   MT103        own=9.398681e-02 b  omc=9.398681e-02 b  rel=0.00e+00  
Fe56   MT107        own=3.641714e-02 b  omc=3.641714e-02 b  rel=0.00e+00  
Fe56   MT16         own=4.424524e-01 b  omc=4.424524e-01 b  rel=0.00e+00  
Fe56   MT105        own=8.475636e-05 b  omc=8.475636e-05 b  rel=0.00e+00  
Fe56   MT104        own=7.468242e-03 b  omc=7.468242e-03 b  rel=0.00e+00  
Fe56   MT28         own=8.297874e-02 b  omc=8.297874e-02 b  rel=0.00e+00  
Fe56   MT22         own=2.586244e-03 b  omc=2.586244e-03 b  rel=0.00e+00  
Fe56   MT32         own=0.000000e+00 b  omc=0.000000e+00 b  rel=0.00e+00  
Fe56   MT111        own=1.837272e-09 b  omc=1.837272e-09 b  rel=0.00e+00  
Ag107  MT102        own=3.028871e-02 b  omc=3.028871e-02 b  rel=0.00e+00  
Ag107  MT102  lfs=0 own=2.950822e-02 b  omc=2.950822e-02 b  rel=0.00e+00  
Ag107  MT102  lfs=1 own=7.804942e-04 b  omc=7.804942e-04 b  rel=0.00e+00  
W186   MT102        own=6.922947e-02 b  omc=6.922947e-02 b  rel=0.00e+00  
W186   MT16   lfs=0 own=8.960368e-01 b  omc=8.960368e-01 b  rel=0.00e+00  
W186   MT16   lfs=1 own=6.212343e-01 b  omc=6.212343e-01 b  rel=0.00e+00  
openmc errors: None
TENDL: {'LRP': 1, 'EL_eV': 1e-05, 'EH_eV': 850010.0, 'LRU': 1, 'LRF': 3, 'note': 'resolved-resonance reconstruction required before collapse; not attempted in P1'}
Fe56   MT102        own=1.340041e-03 b  omc=1.340041e-03 b  rel=0.00e+00  
Fe56   MT103        own=9.398681e-02 b  omc=9.398681e-02 b  rel=0.00e+00  
Fe56   MT107        own=3.641714e-02 b  omc=3.641714e-02 b  rel=0.00e+00  
Fe56   MT16         own=4.424524e-01 b  omc=4.424524e-01 b  rel=0.00e+00  
Fe56   MT105        own=8.475636e-05 b  omc=8.475636e-05 b  rel=0.00e+00  
Fe56   MT104        own=7.468242e-03 b  omc=7.468242e-03 b  rel=0.00e+00  
Fe56   MT28         own=8.297874e-02 b  omc=8.297874e-02 b  rel=0.00e+00  
Fe56   MT22         own=2.586244e-03 b  omc=2.586244e-03 b  rel=0.00e+00  
Fe56   MT32         own=0.000000e+00 b  omc=0.000000e+00 b  rel=0.00e+00  
Fe56   MT111        own=1.837272e-09 b  omc=1.837272e-09 b  rel=0.00e+00  
Ag107  MT102        own=3.028871e-02 b  omc=3.028871e-02 b  rel=0.00e+00  
Ag107  MT102  lfs=0 own=2.950822e-02 b  omc=2.950822e-02 b  rel=0.00e+00  
Ag107  MT102  lfs=1 own=7.804942e-04 b  omc=7.804942e-04 b  rel=0.00e+00  
W186   MT102        own=6.922947e-02 b  omc=6.922947e-02 b  rel=0.00e+00  
W186   MT16   lfs=0 own=8.960368e-01 b  omc=8.960368e-01 b  rel=0.00e+00  
W186   MT16   lfs=1 own=6.212343e-01 b  omc=6.212343e-01 b  rel=0.00e+00  
openmc errors: None
TENDL: {'LRP': 1, 'EL_eV': 1e-05, 'EH_eV': 850010.0, 'LRU': 1, 'LRF': 3, 'note': 'resolved-resonance reconstruction required before collapse; not attempted in P1'}
Fe56   MT102        own=1.340041e-03 b  omc=1.340041e-03 b  rel=0.00e+00  
Fe56   MT103        own=9.398681e-02 b  omc=9.398681e-02 b  rel=0.00e+00  
Fe56   MT107        own=3.641714e-02 b  omc=3.641714e-02 b  rel=0.00e+00  
Fe56   MT16         own=4.424524e-01 b  omc=4.424524e-01 b  rel=0.00e+00  
Fe56   MT105        own=8.475636e-05 b  omc=8.475636e-05 b  rel=0.00e+00  
Fe56   MT104        own=7.468242e-03 b  omc=7.468242e-03 b  rel=0.00e+00  
Fe56   MT28         own=8.297874e-02 b  omc=8.297874e-02 b  rel=0.00e+00  
Fe56   MT22         own=2.586244e-03 b  omc=2.586244e-03 b  rel=0.00e+00  
Fe56   MT32         own=0.000000e+00 b  omc=0.000000e+00 b  rel=0.00e+00  
Fe56   MT111        own=1.837272e-09 b  omc=1.837272e-09 b  rel=0.00e+00  
Ag107  MT102        own=3.028871e-02 b  omc=3.028871e-02 b  rel=0.00e+00  
Ag107  MT102  lfs=0 own=2.950822e-02 b  omc=2.950822e-02 b  rel=0.00e+00  
Ag107  MT102  lfs=1 own=7.804942e-04 b  omc=7.804942e-04 b  rel=0.00e+00  
W186   MT102        own=6.922947e-02 b  omc=6.922947e-02 b  rel=0.00e+00  
W186   MT16   lfs=0 own=8.960368e-01 b  omc=8.960368e-01 b  rel=0.00e+00  
W186   MT16   lfs=1 own=6.212343e-01 b  omc=6.212343e-01 b  rel=0.00e+00  
openmc errors: None
TENDL: {'LRP': 1, 'EL_eV': 1e-05, 'EH_eV': 850010.0, 'LRU': 1, 'LRF': 3, 'note': 'resolved-resonance reconstruction required before collapse; not attempted in P1'}
Fe56   MT102        own=1.340041e-03 b  omc=1.340041e-03 b  rel=0.00e+00  
Fe56   MT103        own=9.398681e-02 b  omc=9.398681e-02 b  rel=0.00e+00  
Fe56   MT107        own=3.641714e-02 b  omc=3.641714e-02 b  rel=0.00e+00  
Fe56   MT16         own=4.424524e-01 b  omc=4.424524e-01 b  rel=0.00e+00  
Fe56   MT105        own=8.475636e-05 b  omc=8.475636e-05 b  rel=0.00e+00  
Fe56   MT104        own=7.468242e-03 b  omc=7.468242e-03 b  rel=0.00e+00  
Fe56   MT28         own=8.297874e-02 b  omc=8.297874e-02 b  rel=0.00e+00  
Fe56   MT22         own=2.586244e-03 b  omc=2.586244e-03 b  rel=0.00e+00  
Fe56   MT32         own=0.000000e+00 b  omc=0.000000e+00 b  rel=0.00e+00  
Fe56   MT111        own=1.837272e-09 b  omc=1.837272e-09 b  rel=0.00e+00  
Ag107  MT102        own=3.028871e-02 b  omc=3.028871e-02 b  rel=0.00e+00  
Ag107  MT102  lfs=0 own=2.950822e-02 b  omc=2.950822e-02 b  rel=0.00e+00  
Ag107  MT102  lfs=1 own=7.804942e-04 b  omc=7.804942e-04 b  rel=0.00e+00  
W186   MT102        own=6.922947e-02 b  omc=6.922947e-02 b  rel=0.00e+00  
W186   MT16   lfs=0 own=8.960368e-01 b  omc=8.960368e-01 b  rel=0.00e+00  
W186   MT16   lfs=1 own=6.212343e-01 b  omc=6.212343e-01 b  rel=0.00e+00  
openmc errors: None
TENDL: {'LRP': 1, 'EL_eV': 1e-05, 'EH_eV': 850010.0, 'LRU': 1, 'LRF': 3, 'note': 'resolved-resonance reconstruction required before collapse; not attempted in P1'}
Fe56   MT102        own=1.340041e-03 b  omc=1.340041e-03 b  rel=0.00e+00  
Fe56   MT103        own=9.398681e-02 b  omc=9.398681e-02 b  rel=0.00e+00  
Fe56   MT107        own=3.641714e-02 b  omc=3.641714e-02 b  rel=0.00e+00  
Fe56   MT16         own=4.424524e-01 b  omc=4.424524e-01 b  rel=0.00e+00  
Fe56   MT105        own=8.475636e-05 b  omc=8.475636e-05 b  rel=0.00e+00  
Fe56   MT104        own=7.468242e-03 b  omc=7.468242e-03 b  rel=0.00e+00  
Fe56   MT28         own=8.297874e-02 b  omc=8.297874e-02 b  rel=0.00e+00  
Fe56   MT22         own=2.586244e-03 b  omc=2.586244e-03 b  rel=0.00e+00  
Fe56   MT32         own=0.000000e+00 b  omc=0.000000e+00 b  rel=0.00e+00  
Fe56   MT111        own=1.837272e-09 b  omc=1.837272e-09 b  rel=0.00e+00  
Ag107  MT102        own=3.028871e-02 b  omc=3.028871e-02 b  rel=0.00e+00  
Ag107  MT102  lfs=0 own=2.950822e-02 b  omc=2.950822e-02 b  rel=0.00e+00  
Ag107  MT102  lfs=1 own=7.804942e-04 b  omc=7.804942e-04 b  rel=0.00e+00  
W186   MT102        own=6.922947e-02 b  omc=6.922947e-02 b  rel=0.00e+00  
W186   MT16   lfs=0 own=8.960368e-01 b  omc=8.960368e-01 b  rel=0.00e+00  
W186   MT16   lfs=1 own=6.212343e-01 b  omc=6.212343e-01 b  rel=0.00e+00  
openmc errors: None
TENDL: {'LRP': 1, 'EL_eV': 1e-05, 'EH_eV': 850010.0, 'LRU': 1, 'LRF': 3, 'note': 'resolved-resonance reconstruction required before collapse; not attempted in P1'}
Fe56   MT102        own=1.340041e-03 b  omc=1.340041e-03 b  rel=0.00e+00  
Fe56   MT103        own=9.398681e-02 b  omc=9.398681e-02 b  rel=0.00e+00  
Fe56   MT107        own=3.641714e-02 b  omc=3.641714e-02 b  rel=0.00e+00  
Fe56   MT16         own=4.424524e-01 b  omc=4.424524e-01 b  rel=0.00e+00  
Fe56   MT105        own=8.475636e-05 b  omc=8.475636e-05 b  rel=0.00e+00  
Fe56   MT104        own=7.468242e-03 b  omc=7.468242e-03 b  rel=0.00e+00  
Fe56   MT28         own=8.297874e-02 b  omc=8.297874e-02 b  rel=0.00e+00  
Fe56   MT22         own=2.586244e-03 b  omc=2.586244e-03 b  rel=0.00e+00  
Fe56   MT32         own=0.000000e+00 b  omc=0.000000e+00 b  rel=0.00e+00  
Fe56   MT111        own=1.837272e-09 b  omc=1.837272e-09 b  rel=0.00e+00  
Ag107  MT102        own=3.028871e-02 b  omc=3.028871e-02 b  rel=0.00e+00  
Ag107  MT102  lfs=0 own=2.950822e-02 b  omc=2.950822e-02 b  rel=0.00e+00  
Ag107  MT102  lfs=1 own=7.804942e-04 b  omc=7.804942e-04 b  rel=0.00e+00  
W186   MT102        own=6.922947e-02 b  omc=6.922947e-02 b  rel=0.00e+00  
W186   MT16   lfs=0 own=8.960368e-01 b  omc=8.960368e-01 b  rel=0.00e+00  
W186   MT16   lfs=1 own=6.212343e-01 b  omc=6.212343e-01 b  rel=0.00e+00  
openmc errors: None
TENDL: {'LRP': 1, 'EL_eV': 1e-05, 'EH_eV': 850010.0, 'LRU': 1, 'LRF': 3, 'note': 'resolved-resonance reconstruction required before collapse; not attempted in P1'}
Fe56   MT102        own=1.340041e-03 b  omc=1.340041e-03 b  rel=0.00e+00  
Fe56   MT103        own=9.398681e-02 b  omc=9.398681e-02 b  rel=0.00e+00  
Fe56   MT107        own=3.641714e-02 b  omc=3.641714e-02 b  rel=0.00e+00  
Fe56   MT16         own=4.424524e-01 b  omc=4.424524e-01 b  rel=0.00e+00  
Fe56   MT105        own=8.475636e-05 b  omc=8.475636e-05 b  rel=0.00e+00  
Fe56   MT104        own=7.468242e-03 b  omc=7.468242e-03 b  rel=0.00e+00  
Fe56   MT28         own=8.297874e-02 b  omc=8.297874e-02 b  rel=0.00e+00  
Fe56   MT22         own=2.586244e-03 b  omc=2.586244e-03 b  rel=0.00e+00  
Fe56   MT32         own=0.000000e+00 b  omc=0.000000e+00 b  rel=0.00e+00  
Fe56   MT111        own=1.837272e-09 b  omc=1.837272e-09 b  rel=0.00e+00  
Ag107  MT102        own=3.028871e-02 b  omc=3.028871e-02 b  rel=0.00e+00  
Ag107  MT102  lfs=0 own=2.950822e-02 b  omc=2.950822e-02 b  rel=0.00e+00  
Ag107  MT102  lfs=1 own=7.804942e-04 b  omc=7.804942e-04 b  rel=0.00e+00  
W186   MT102        own=6.922947e-02 b  omc=6.922947e-02 b  rel=0.00e+00  
W186   MT16   lfs=0 own=8.960368e-01 b  omc=8.960368e-01 b  rel=0.00e+00  
W186   MT16   lfs=1 own=6.212343e-01 b  omc=6.212343e-01 b  rel=0.00e+00  
openmc errors: None
TENDL: {'LRP': 1, 'EL_eV': 1e-05, 'EH_eV': 850010.0, 'LRU': 1, 'LRF': 3, 'note': 'resolved-resonance reconstruction required before collapse; not attempted in P1'}
Fe56   MT102        own=1.340041e-03 b  omc=1.340041e-03 b  rel=0.00e+00  
Fe56   MT103        own=9.398681e-02 b  omc=9.398681e-02 b  rel=0.00e+00  
Fe56   MT107        own=3.641714e-02 b  omc=3.641714e-02 b  rel=0.00e+00  
Fe56   MT16         own=4.424524e-01 b  omc=4.424524e-01 b  rel=0.00e+00  
Fe56   MT105        own=8.475636e-05 b  omc=8.475636e-05 b  rel=0.00e+00  
Fe56   MT104        own=7.468242e-03 b  omc=7.468242e-03 b  rel=0.00e+00  
Fe56   MT28         own=8.297874e-02 b  omc=8.297874e-02 b  rel=0.00e+00  
Fe56   MT22         own=2.586244e-03 b  omc=2.586244e-03 b  rel=0.00e+00  
Fe56   MT32         own=0.000000e+00 b  omc=0.000000e+00 b  rel=0.00e+00  
Fe56   MT111        own=1.837272e-09 b  omc=1.837272e-09 b  rel=0.00e+00  
Ag107  MT102        own=3.028871e-02 b  omc=3.028871e-02 b  rel=0.00e+00  
Ag107  MT102  lfs=0 own=2.950822e-02 b  omc=2.950822e-02 b  rel=0.00e+00  
Ag107  MT102  lfs=1 own=7.804942e-04 b  omc=7.804942e-04 b  rel=0.00e+00  
W186   MT102        own=6.922947e-02 b  omc=6.922947e-02 b  rel=0.00e+00  
W186   MT16   lfs=0 own=8.960368e-01 b  omc=8.960368e-01 b  rel=0.00e+00  
W186   MT16   lfs=1 own=6.212343e-01 b  omc=6.212343e-01 b  rel=0.00e+00  
openmc errors: None
TENDL: {'LRP': 1, 'EL_eV': 1e-05, 'EH_eV': 850010.0, 'LRU': 1, 'LRF': 3, 'note': 'resolved-resonance reconstruction required before collapse; not attempted in P1'}
Fe56   MT102        own=1.340041e-03 b  omc=1.340041e-03 b  rel=0.00e+00  
Fe56   MT103        own=9.398681e-02 b  omc=9.398681e-02 b  rel=0.00e+00  
Fe56   MT107        own=3.641714e-02 b  omc=3.641714e-02 b  rel=0.00e+00  
Fe56   MT16         own=4.424524e-01 b  omc=4.424524e-01 b  rel=0.00e+00  
Fe56   MT105        own=8.475636e-05 b  omc=8.475636e-05 b  rel=0.00e+00  
Fe56   MT104        own=7.468242e-03 b  omc=7.468242e-03 b  rel=0.00e+00  
Fe56   MT28         own=8.297874e-02 b  omc=8.297874e-02 b  rel=0.00e+00  
Fe56   MT22         own=2.586244e-03 b  omc=2.586244e-03 b  rel=0.00e+00  
Fe56   MT32         own=0.000000e+00 b  omc=0.000000e+00 b  rel=0.00e+00  
Fe56   MT111        own=1.837272e-09 b  omc=1.837272e-09 b  rel=0.00e+00  
Ag107  MT102        own=3.028871e-02 b  omc=3.028871e-02 b  rel=0.00e+00  
Ag107  MT102  lfs=0 own=2.950822e-02 b  omc=2.950822e-02 b  rel=0.00e+00  
Ag107  MT102  lfs=1 own=7.804942e-04 b  omc=7.804942e-04 b  rel=0.00e+00  
W186   MT102        own=6.922947e-02 b  omc=6.922947e-02 b  rel=0.00e+00  
W186   MT16   lfs=0 own=8.960368e-01 b  omc=8.960368e-01 b  rel=0.00e+00  
W186   MT16   lfs=1 own=6.212343e-01 b  omc=6.212343e-01 b  rel=0.00e+00  
openmc errors: None
TENDL: {'LRP': 1, 'EL_eV': 1e-05, 'EH_eV': 850010.0, 'LRU': 1, 'LRF': 3, 'note': 'resolved-resonance reconstruction required before collapse; not attempted in P1'}
Fe56   MT102        own=1.340041e-03 b  omc=1.340041e-03 b  rel=0.00e+00  
Fe56   MT103        own=9.398681e-02 b  omc=9.398681e-02 b  rel=0.00e+00  
Fe56   MT107        own=3.641714e-02 b  omc=3.641714e-02 b  rel=0.00e+00  
Fe56   MT16         own=4.424524e-01 b  omc=4.424524e-01 b  rel=0.00e+00  
Fe56   MT105        own=8.475636e-05 b  omc=8.475636e-05 b  rel=0.00e+00  
Fe56   MT104        own=7.468242e-03 b  omc=7.468242e-03 b  rel=0.00e+00  
Fe56   MT28         own=8.297874e-02 b  omc=8.297874e-02 b  rel=0.00e+00  
Fe56   MT22         own=2.586244e-03 b  omc=2.586244e-03 b  rel=0.00e+00  
Fe56   MT32         own=0.000000e+00 b  omc=0.000000e+00 b  rel=0.00e+00  
Fe56   MT111        own=1.837272e-09 b  omc=1.837272e-09 b  rel=0.00e+00  
Ag107  MT102        own=3.028871e-02 b  omc=3.028871e-02 b  rel=0.00e+00  
Ag107  MT102  lfs=0 own=2.950822e-02 b  omc=2.950822e-02 b  rel=0.00e+00  
Ag107  MT102  lfs=1 own=7.804942e-04 b  omc=7.804942e-04 b  rel=0.00e+00  
W186   MT102        own=6.922947e-02 b  omc=6.922947e-02 b  rel=0.00e+00  
W186   MT16   lfs=0 own=8.960368e-01 b  omc=8.960368e-01 b  rel=0.00e+00  
W186   MT16   lfs=1 own=6.212343e-01 b  omc=6.212343e-01 b  rel=0.00e+00  
openmc errors: None
TENDL: {'LRP': 1, 'EL_eV': 1e-05, 'EH_eV': 850010.0, 'LRU': 1, 'LRF': 3, 'note': 'resolved-resonance reconstruction required before collapse; not attempted in P1'}
  1351/2847 n_061-Pm-140_6128.dat 11.9s rows=71 led=1  total 7144s
  1401/2847 n_062-Sm-151_6246.dat 257.4s rows=61 led=1  total 7144s
  1451/2847 n_063-Eu-163_6361.dat 14.2s rows=40 led=1  total 7144s
  1501/2847 n_065-Tb-145_6483.dat 16.9s rows=66 led=1  total 7144s
  1551/2847 n_066-Dy-152_6613.dat 20.8s rows=68 led=1  total 7144s
Fe56   MT102        own=1.340041e-03 b  omc=1.340041e-03 b  rel=0.00e+00  
Fe56   MT103        own=9.398681e-02 b  omc=9.398681e-02 b  rel=0.00e+00  
Fe56   MT107        own=3.641714e-02 b  omc=3.641714e-02 b  rel=0.00e+00  
Fe56   MT16         own=4.424524e-01 b  omc=4.424524e-01 b  rel=0.00e+00  
Fe56   MT105        own=8.475636e-05 b  omc=8.475636e-05 b  rel=0.00e+00  
Fe56   MT104        own=7.468242e-03 b  omc=7.468242e-03 b  rel=0.00e+00  
Fe56   MT28         own=8.297874e-02 b  omc=8.297874e-02 b  rel=0.00e+00  
Fe56   MT22         own=2.586244e-03 b  omc=2.586244e-03 b  rel=0.00e+00  
Fe56   MT32         own=0.000000e+00 b  omc=0.000000e+00 b  rel=0.00e+00  
Fe56   MT111        own=1.837272e-09 b  omc=1.837272e-09 b  rel=0.00e+00  
Ag107  MT102        own=3.028871e-02 b  omc=3.028871e-02 b  rel=0.00e+00  
Ag107  MT102  lfs=0 own=2.950822e-02 b  omc=2.950822e-02 b  rel=0.00e+00  
Ag107  MT102  lfs=1 own=7.804942e-04 b  omc=7.804942e-04 b  rel=0.00e+00  
W186   MT102        own=6.922947e-02 b  omc=6.922947e-02 b  rel=0.00e+00  
W186   MT16   lfs=0 own=8.960368e-01 b  omc=8.960368e-01 b  rel=0.00e+00  
W186   MT16   lfs=1 own=6.212343e-01 b  omc=6.212343e-01 b  rel=0.00e+00  
openmc errors: None
TENDL: {'LRP': 1, 'EL_eV': 1e-05, 'EH_eV': 850010.0, 'LRU': 1, 'LRF': 3, 'note': 'resolved-resonance reconstruction required before collapse; not attempted in P1'}
Fe56   MT102        own=1.340041e-03 b  omc=1.340041e-03 b  rel=0.00e+00  
Fe56   MT103        own=9.398681e-02 b  omc=9.398681e-02 b  rel=0.00e+00  
Fe56   MT107        own=3.641714e-02 b  omc=3.641714e-02 b  rel=0.00e+00  
Fe56   MT16         own=4.424524e-01 b  omc=4.424524e-01 b  rel=0.00e+00  
Fe56   MT105        own=8.475636e-05 b  omc=8.475636e-05 b  rel=0.00e+00  
Fe56   MT104        own=7.468242e-03 b  omc=7.468242e-03 b  rel=0.00e+00  
Fe56   MT28         own=8.297874e-02 b  omc=8.297874e-02 b  rel=0.00e+00  
Fe56   MT22         own=2.586244e-03 b  omc=2.586244e-03 b  rel=0.00e+00  
Fe56   MT32         own=0.000000e+00 b  omc=0.000000e+00 b  rel=0.00e+00  
Fe56   MT111        own=1.837272e-09 b  omc=1.837272e-09 b  rel=0.00e+00  
Ag107  MT102        own=3.028871e-02 b  omc=3.028871e-02 b  rel=0.00e+00  
Ag107  MT102  lfs=0 own=2.950822e-02 b  omc=2.950822e-02 b  rel=0.00e+00  
Ag107  MT102  lfs=1 own=7.804942e-04 b  omc=7.804942e-04 b  rel=0.00e+00  
W186   MT102        own=6.922947e-02 b  omc=6.922947e-02 b  rel=0.00e+00  
W186   MT16   lfs=0 own=8.960368e-01 b  omc=8.960368e-01 b  rel=0.00e+00  
W186   MT16   lfs=1 own=6.212343e-01 b  omc=6.212343e-01 b  rel=0.00e+00  
openmc errors: None
TENDL: {'LRP': 1, 'EL_eV': 1e-05, 'EH_eV': 850010.0, 'LRU': 1, 'LRF': 3, 'note': 'resolved-resonance reconstruction required before collapse; not attempted in P1'}
Fe56   MT102        own=1.340041e-03 b  omc=1.340041e-03 b  rel=0.00e+00  
Fe56   MT103        own=9.398681e-02 b  omc=9.398681e-02 b  rel=0.00e+00  
Fe56   MT107        own=3.641714e-02 b  omc=3.641714e-02 b  rel=0.00e+00  
Fe56   MT16         own=4.424524e-01 b  omc=4.424524e-01 b  rel=0.00e+00  
Fe56   MT105        own=8.475636e-05 b  omc=8.475636e-05 b  rel=0.00e+00  
Fe56   MT104        own=7.468242e-03 b  omc=7.468242e-03 b  rel=0.00e+00  
Fe56   MT28         own=8.297874e-02 b  omc=8.297874e-02 b  rel=0.00e+00  
Fe56   MT22         own=2.586244e-03 b  omc=2.586244e-03 b  rel=0.00e+00  
Fe56   MT32         own=0.000000e+00 b  omc=0.000000e+00 b  rel=0.00e+00  
Fe56   MT111        own=1.837272e-09 b  omc=1.837272e-09 b  rel=0.00e+00  
Ag107  MT102        own=3.028871e-02 b  omc=3.028871e-02 b  rel=0.00e+00  
Ag107  MT102  lfs=0 own=2.950822e-02 b  omc=2.950822e-02 b  rel=0.00e+00  
Ag107  MT102  lfs=1 own=7.804942e-04 b  omc=7.804942e-04 b  rel=0.00e+00  
W186   MT102        own=6.922947e-02 b  omc=6.922947e-02 b  rel=0.00e+00  
W186   MT16   lfs=0 own=8.960368e-01 b  omc=8.960368e-01 b  rel=0.00e+00  
W186   MT16   lfs=1 own=6.212343e-01 b  omc=6.212343e-01 b  rel=0.00e+00  
openmc errors: None
TENDL: {'LRP': 1, 'EL_eV': 1e-05, 'EH_eV': 850010.0, 'LRU': 1, 'LRF': 3, 'note': 'resolved-resonance reconstruction required before collapse; not attempted in P1'}
  1601/2847 n_067-Ho-159_6707.dat 20.1s rows=74 led=1  total 7543s
  1651/2847 n_068-Er-166_6837.dat 33.7s rows=65 led=1  total 7543s
  1701/2847 n_069-Tm-176_6946.dat 18.7s rows=42 led=1  total 7543s
Fe56   MT102        own=1.340041e-03 b  omc=1.340041e-03 b  rel=0.00e+00  
Fe56   MT103        own=9.398681e-02 b  omc=9.398681e-02 b  rel=0.00e+00  
Fe56   MT107        own=3.641714e-02 b  omc=3.641714e-02 b  rel=0.00e+00  
Fe56   MT16         own=4.424524e-01 b  omc=4.424524e-01 b  rel=0.00e+00  
Fe56   MT105        own=8.475636e-05 b  omc=8.475636e-05 b  rel=0.00e+00  
Fe56   MT104        own=7.468242e-03 b  omc=7.468242e-03 b  rel=0.00e+00  
Fe56   MT28         own=8.297874e-02 b  omc=8.297874e-02 b  rel=0.00e+00  
Fe56   MT22         own=2.586244e-03 b  omc=2.586244e-03 b  rel=0.00e+00  
Fe56   MT32         own=0.000000e+00 b  omc=0.000000e+00 b  rel=0.00e+00  
Fe56   MT111        own=1.837272e-09 b  omc=1.837272e-09 b  rel=0.00e+00  
Ag107  MT102        own=3.028871e-02 b  omc=3.028871e-02 b  rel=0.00e+00  
Ag107  MT102  lfs=0 own=2.950822e-02 b  omc=2.950822e-02 b  rel=0.00e+00  
Ag107  MT102  lfs=1 own=7.804942e-04 b  omc=7.804942e-04 b  rel=0.00e+00  
W186   MT102        own=6.922947e-02 b  omc=6.922947e-02 b  rel=0.00e+00  
W186   MT16   lfs=0 own=8.960368e-01 b  omc=8.960368e-01 b  rel=0.00e+00  
W186   MT16   lfs=1 own=6.212343e-01 b  omc=6.212343e-01 b  rel=0.00e+00  
openmc errors: None
TENDL: {'LRP': 1, 'EL_eV': 1e-05, 'EH_eV': 850010.0, 'LRU': 1, 'LRF': 3, 'note': 'resolved-resonance reconstruction required before collapse; not attempted in P1'}
Fe56   MT102        own=1.340041e-03 b  omc=1.340041e-03 b  rel=0.00e+00  
Fe56   MT103        own=9.398681e-02 b  omc=9.398681e-02 b  rel=0.00e+00  
Fe56   MT107        own=3.641714e-02 b  omc=3.641714e-02 b  rel=0.00e+00  
Fe56   MT16         own=4.424524e-01 b  omc=4.424524e-01 b  rel=0.00e+00  
Fe56   MT105        own=8.475636e-05 b  omc=8.475636e-05 b  rel=0.00e+00  
Fe56   MT104        own=7.468242e-03 b  omc=7.468242e-03 b  rel=0.00e+00  
Fe56   MT28         own=8.297874e-02 b  omc=8.297874e-02 b  rel=0.00e+00  
Fe56   MT22         own=2.586244e-03 b  omc=2.586244e-03 b  rel=0.00e+00  
Fe56   MT32         own=0.000000e+00 b  omc=0.000000e+00 b  rel=0.00e+00  
Fe56   MT111        own=1.837272e-09 b  omc=1.837272e-09 b  rel=0.00e+00  
Ag107  MT102        own=3.028871e-02 b  omc=3.028871e-02 b  rel=0.00e+00  
Ag107  MT102  lfs=0 own=2.950822e-02 b  omc=2.950822e-02 b  rel=0.00e+00  
Ag107  MT102  lfs=1 own=7.804942e-04 b  omc=7.804942e-04 b  rel=0.00e+00  
W186   MT102        own=6.922947e-02 b  omc=6.922947e-02 b  rel=0.00e+00  
W186   MT16   lfs=0 own=8.960368e-01 b  omc=8.960368e-01 b  rel=0.00e+00  
W186   MT16   lfs=1 own=6.212343e-01 b  omc=6.212343e-01 b  rel=0.00e+00  
openmc errors: None
TENDL: {'LRP': 1, 'EL_eV': 1e-05, 'EH_eV': 850010.0, 'LRU': 1, 'LRF': 3, 'note': 'resolved-resonance reconstruction required before collapse; not attempted in P1'}
  1751/2847 n_071-Lu-159_7077.dat 14.3s rows=74 led=1  total 7645s
Fe56   MT102        own=1.340041e-03 b  omc=1.340041e-03 b  rel=0.00e+00  
Fe56   MT103        own=9.398681e-02 b  omc=9.398681e-02 b  rel=0.00e+00  
Fe56   MT107        own=3.641714e-02 b  omc=3.641714e-02 b  rel=0.00e+00  
Fe56   MT16         own=4.424524e-01 b  omc=4.424524e-01 b  rel=0.00e+00  
Fe56   MT105        own=8.475636e-05 b  omc=8.475636e-05 b  rel=0.00e+00  
Fe56   MT104        own=7.468242e-03 b  omc=7.468242e-03 b  rel=0.00e+00  
Fe56   MT28         own=8.297874e-02 b  omc=8.297874e-02 b  rel=0.00e+00  
Fe56   MT22         own=2.586244e-03 b  omc=2.586244e-03 b  rel=0.00e+00  
Fe56   MT32         own=0.000000e+00 b  omc=0.000000e+00 b  rel=0.00e+00  
Fe56   MT111        own=1.837272e-09 b  omc=1.837272e-09 b  rel=0.00e+00  
Ag107  MT102        own=3.028871e-02 b  omc=3.028871e-02 b  rel=0.00e+00  
Ag107  MT102  lfs=0 own=2.950822e-02 b  omc=2.950822e-02 b  rel=0.00e+00  
Ag107  MT102  lfs=1 own=7.804942e-04 b  omc=7.804942e-04 b  rel=0.00e+00  
W186   MT102        own=6.922947e-02 b  omc=6.922947e-02 b  rel=0.00e+00  
W186   MT16   lfs=0 own=8.960368e-01 b  omc=8.960368e-01 b  rel=0.00e+00  
W186   MT16   lfs=1 own=6.212343e-01 b  omc=6.212343e-01 b  rel=0.00e+00  
openmc errors: None
TENDL: {'LRP': 1, 'EL_eV': 1e-05, 'EH_eV': 850010.0, 'LRU': 1, 'LRF': 3, 'note': 'resolved-resonance reconstruction required before collapse; not attempted in P1'}
  1801/2847 n_072-Hf-163_7192.dat 24.3s rows=67 led=1  total 7976s
Fe56   MT102        own=1.340041e-03 b  omc=1.340041e-03 b  rel=0.00e+00  
Fe56   MT103        own=9.398681e-02 b  omc=9.398681e-02 b  rel=0.00e+00  
Fe56   MT107        own=3.641714e-02 b  omc=3.641714e-02 b  rel=0.00e+00  
Fe56   MT16         own=4.424524e-01 b  omc=4.424524e-01 b  rel=0.00e+00  
Fe56   MT105        own=8.475636e-05 b  omc=8.475636e-05 b  rel=0.00e+00  
Fe56   MT104        own=7.468242e-03 b  omc=7.468242e-03 b  rel=0.00e+00  
Fe56   MT28         own=8.297874e-02 b  omc=8.297874e-02 b  rel=0.00e+00  
Fe56   MT22         own=2.586244e-03 b  omc=2.586244e-03 b  rel=0.00e+00  
Fe56   MT32         own=0.000000e+00 b  omc=0.000000e+00 b  rel=0.00e+00  
Fe56   MT111        own=1.837272e-09 b  omc=1.837272e-09 b  rel=0.00e+00  
Ag107  MT102        own=3.028871e-02 b  omc=3.028871e-02 b  rel=0.00e+00  
Ag107  MT102  lfs=0 own=2.950822e-02 b  omc=2.950822e-02 b  rel=0.00e+00  
Ag107  MT102  lfs=1 own=7.804942e-04 b  omc=7.804942e-04 b  rel=0.00e+00  
W186   MT102        own=6.922947e-02 b  omc=6.922947e-02 b  rel=0.00e+00  
W186   MT16   lfs=0 own=8.960368e-01 b  omc=8.960368e-01 b  rel=0.00e+00  
W186   MT16   lfs=1 own=6.212343e-01 b  omc=6.212343e-01 b  rel=0.00e+00  
openmc errors: None
TENDL: {'LRP': 1, 'EL_eV': 1e-05, 'EH_eV': 850010.0, 'LRU': 1, 'LRF': 3, 'note': 'resolved-resonance reconstruction required before collapse; not attempted in P1'}
Fe56   MT102        own=1.340041e-03 b  omc=1.340041e-03 b  rel=0.00e+00  
Fe56   MT103        own=9.398681e-02 b  omc=9.398681e-02 b  rel=0.00e+00  
Fe56   MT107        own=3.641714e-02 b  omc=3.641714e-02 b  rel=0.00e+00  
Fe56   MT16         own=4.424524e-01 b  omc=4.424524e-01 b  rel=0.00e+00  
Fe56   MT105        own=8.475636e-05 b  omc=8.475636e-05 b  rel=0.00e+00  
Fe56   MT104        own=7.468242e-03 b  omc=7.468242e-03 b  rel=0.00e+00  
Fe56   MT28         own=8.297874e-02 b  omc=8.297874e-02 b  rel=0.00e+00  
Fe56   MT22         own=2.586244e-03 b  omc=2.586244e-03 b  rel=0.00e+00  
Fe56   MT32         own=0.000000e+00 b  omc=0.000000e+00 b  rel=0.00e+00  
Fe56   MT111        own=1.837272e-09 b  omc=1.837272e-09 b  rel=0.00e+00  
Ag107  MT102        own=3.028871e-02 b  omc=3.028871e-02 b  rel=0.00e+00  
Ag107  MT102  lfs=0 own=2.950822e-02 b  omc=2.950822e-02 b  rel=0.00e+00  
Ag107  MT102  lfs=1 own=7.804942e-04 b  omc=7.804942e-04 b  rel=0.00e+00  
W186   MT102        own=6.922947e-02 b  omc=6.922947e-02 b  rel=0.00e+00  
W186   MT16   lfs=0 own=8.960368e-01 b  omc=8.960368e-01 b  rel=0.00e+00  
W186   MT16   lfs=1 own=6.212343e-01 b  omc=6.212343e-01 b  rel=0.00e+00  
openmc errors: None
TENDL: {'LRP': 1, 'EL_eV': 1e-05, 'EH_eV': 850010.0, 'LRU': 1, 'LRF': 3, 'note': 'resolved-resonance reconstruction required before collapse; not attempted in P1'}
Fe56   MT102        own=1.340041e-03 b  omc=1.340041e-03 b  rel=0.00e+00  
Fe56   MT103        own=9.398681e-02 b  omc=9.398681e-02 b  rel=0.00e+00  
Fe56   MT107        own=3.641714e-02 b  omc=3.641714e-02 b  rel=0.00e+00  
Fe56   MT16         own=4.424524e-01 b  omc=4.424524e-01 b  rel=0.00e+00  
Fe56   MT105        own=8.475636e-05 b  omc=8.475636e-05 b  rel=0.00e+00  
Fe56   MT104        own=7.468242e-03 b  omc=7.468242e-03 b  rel=0.00e+00  
Fe56   MT28         own=8.297874e-02 b  omc=8.297874e-02 b  rel=0.00e+00  
Fe56   MT22         own=2.586244e-03 b  omc=2.586244e-03 b  rel=0.00e+00  
Fe56   MT32         own=0.000000e+00 b  omc=0.000000e+00 b  rel=0.00e+00  
Fe56   MT111        own=1.837272e-09 b  omc=1.837272e-09 b  rel=0.00e+00  
Ag107  MT102        own=3.028871e-02 b  omc=3.028871e-02 b  rel=0.00e+00  
Ag107  MT102  lfs=0 own=2.950822e-02 b  omc=2.950822e-02 b  rel=0.00e+00  
Ag107  MT102  lfs=1 own=7.804942e-04 b  omc=7.804942e-04 b  rel=0.00e+00  
W186   MT102        own=6.922947e-02 b  omc=6.922947e-02 b  rel=0.00e+00  
W186   MT16   lfs=0 own=8.960368e-01 b  omc=8.960368e-01 b  rel=0.00e+00  
W186   MT16   lfs=1 own=6.212343e-01 b  omc=6.212343e-01 b  rel=0.00e+00  
openmc errors: None
TENDL: {'LRP': 1, 'EL_eV': 1e-05, 'EH_eV': 850010.0, 'LRU': 1, 'LRF': 3, 'note': 'resolved-resonance reconstruction required before collapse; not attempted in P1'}
Fe56   MT102        own=1.340041e-03 b  omc=1.340041e-03 b  rel=0.00e+00  
Fe56   MT103        own=9.398681e-02 b  omc=9.398681e-02 b  rel=0.00e+00  
Fe56   MT107        own=3.641714e-02 b  omc=3.641714e-02 b  rel=0.00e+00  
Fe56   MT16         own=4.424524e-01 b  omc=4.424524e-01 b  rel=0.00e+00  
Fe56   MT105        own=8.475636e-05 b  omc=8.475636e-05 b  rel=0.00e+00  
Fe56   MT104        own=7.468242e-03 b  omc=7.468242e-03 b  rel=0.00e+00  
Fe56   MT28         own=8.297874e-02 b  omc=8.297874e-02 b  rel=0.00e+00  
Fe56   MT22         own=2.586244e-03 b  omc=2.586244e-03 b  rel=0.00e+00  
Fe56   MT32         own=0.000000e+00 b  omc=0.000000e+00 b  rel=0.00e+00  
Fe56   MT111        own=1.837272e-09 b  omc=1.837272e-09 b  rel=0.00e+00  
Ag107  MT102        own=3.028871e-02 b  omc=3.028871e-02 b  rel=0.00e+00  
Ag107  MT102  lfs=0 own=2.950822e-02 b  omc=2.950822e-02 b  rel=0.00e+00  
Ag107  MT102  lfs=1 own=7.804942e-04 b  omc=7.804942e-04 b  rel=0.00e+00  
W186   MT102        own=6.922947e-02 b  omc=6.922947e-02 b  rel=0.00e+00  
W186   MT16   lfs=0 own=8.960368e-01 b  omc=8.960368e-01 b  rel=0.00e+00  
W186   MT16   lfs=1 own=6.212343e-01 b  omc=6.212343e-01 b  rel=0.00e+00  
openmc errors: None
TENDL: {'LRP': 1, 'EL_eV': 1e-05, 'EH_eV': 850010.0, 'LRU': 1, 'LRF': 3, 'note': 'resolved-resonance reconstruction required before collapse; not attempted in P1'}
  1851/2847 n_073-Ta-171_7298.dat 22.0s rows=69 led=1  total 8146s
Fe56   MT102        own=1.340041e-03 b  omc=1.340041e-03 b  rel=0.00e+00  
Fe56   MT103        own=9.398681e-02 b  omc=9.398681e-02 b  rel=0.00e+00  
Fe56   MT107        own=3.641714e-02 b  omc=3.641714e-02 b  rel=0.00e+00  
Fe56   MT16         own=4.424524e-01 b  omc=4.424524e-01 b  rel=0.00e+00  
Fe56   MT105        own=8.475636e-05 b  omc=8.475636e-05 b  rel=0.00e+00  
Fe56   MT104        own=7.468242e-03 b  omc=7.468242e-03 b  rel=0.00e+00  
Fe56   MT28         own=8.297874e-02 b  omc=8.297874e-02 b  rel=0.00e+00  
Fe56   MT22         own=2.586244e-03 b  omc=2.586244e-03 b  rel=0.00e+00  
Fe56   MT32         own=0.000000e+00 b  omc=0.000000e+00 b  rel=0.00e+00  
Fe56   MT111        own=1.837272e-09 b  omc=1.837272e-09 b  rel=0.00e+00  
Ag107  MT102        own=3.028871e-02 b  omc=3.028871e-02 b  rel=0.00e+00  
Ag107  MT102  lfs=0 own=2.950822e-02 b  omc=2.950822e-02 b  rel=0.00e+00  
Ag107  MT102  lfs=1 own=7.804942e-04 b  omc=7.804942e-04 b  rel=0.00e+00  
W186   MT102        own=6.922947e-02 b  omc=6.922947e-02 b  rel=0.00e+00  
W186   MT16   lfs=0 own=8.960368e-01 b  omc=8.960368e-01 b  rel=0.00e+00  
W186   MT16   lfs=1 own=6.212343e-01 b  omc=6.212343e-01 b  rel=0.00e+00  
openmc errors: None
TENDL: {'LRP': 1, 'EL_eV': 1e-05, 'EH_eV': 850010.0, 'LRU': 1, 'LRF': 3, 'note': 'resolved-resonance reconstruction required before collapse; not attempted in P1'}
Fe56   MT102        own=1.340041e-03 b  omc=1.340041e-03 b  rel=0.00e+00  
Fe56   MT103        own=9.398681e-02 b  omc=9.398681e-02 b  rel=0.00e+00  
Fe56   MT107        own=3.641714e-02 b  omc=3.641714e-02 b  rel=0.00e+00  
Fe56   MT16         own=4.424524e-01 b  omc=4.424524e-01 b  rel=0.00e+00  
Fe56   MT105        own=8.475636e-05 b  omc=8.475636e-05 b  rel=0.00e+00  
Fe56   MT104        own=7.468242e-03 b  omc=7.468242e-03 b  rel=0.00e+00  
Fe56   MT28         own=8.297874e-02 b  omc=8.297874e-02 b  rel=0.00e+00  
Fe56   MT22         own=2.586244e-03 b  omc=2.586244e-03 b  rel=0.00e+00  
Fe56   MT32         own=0.000000e+00 b  omc=0.000000e+00 b  rel=0.00e+00  
Fe56   MT111        own=1.837272e-09 b  omc=1.837272e-09 b  rel=0.00e+00  
Ag107  MT102        own=3.028871e-02 b  omc=3.028871e-02 b  rel=0.00e+00  
Ag107  MT102  lfs=0 own=2.950822e-02 b  omc=2.950822e-02 b  rel=0.00e+00  
Ag107  MT102  lfs=1 own=7.804942e-04 b  omc=7.804942e-04 b  rel=0.00e+00  
W186   MT102        own=6.922947e-02 b  omc=6.922947e-02 b  rel=0.00e+00  
W186   MT16   lfs=0 own=8.960368e-01 b  omc=8.960368e-01 b  rel=0.00e+00  
W186   MT16   lfs=1 own=6.212343e-01 b  omc=6.212343e-01 b  rel=0.00e+00  
openmc errors: None
TENDL: {'LRP': 1, 'EL_eV': 1e-05, 'EH_eV': 850010.0, 'LRU': 1, 'LRF': 3, 'note': 'resolved-resonance reconstruction required before collapse; not attempted in P1'}
Fe56   MT102        own=1.340041e-03 b  omc=1.340041e-03 b  rel=0.00e+00  
Fe56   MT103        own=9.398681e-02 b  omc=9.398681e-02 b  rel=0.00e+00  
Fe56   MT107        own=3.641714e-02 b  omc=3.641714e-02 b  rel=0.00e+00  
Fe56   MT16         own=4.424524e-01 b  omc=4.424524e-01 b  rel=0.00e+00  
Fe56   MT105        own=8.475636e-05 b  omc=8.475636e-05 b  rel=0.00e+00  
Fe56   MT104        own=7.468242e-03 b  omc=7.468242e-03 b  rel=0.00e+00  
Fe56   MT28         own=8.297874e-02 b  omc=8.297874e-02 b  rel=0.00e+00  
Fe56   MT22         own=2.586244e-03 b  omc=2.586244e-03 b  rel=0.00e+00  
Fe56   MT32         own=0.000000e+00 b  omc=0.000000e+00 b  rel=0.00e+00  
Fe56   MT111        own=1.837272e-09 b  omc=1.837272e-09 b  rel=0.00e+00  
Ag107  MT102        own=3.028871e-02 b  omc=3.028871e-02 b  rel=0.00e+00  
Ag107  MT102  lfs=0 own=2.950822e-02 b  omc=2.950822e-02 b  rel=0.00e+00  
Ag107  MT102  lfs=1 own=7.804942e-04 b  omc=7.804942e-04 b  rel=0.00e+00  
W186   MT102        own=6.922947e-02 b  omc=6.922947e-02 b  rel=0.00e+00  
W186   MT16   lfs=0 own=8.960368e-01 b  omc=8.960368e-01 b  rel=0.00e+00  
W186   MT16   lfs=1 own=6.212343e-01 b  omc=6.212343e-01 b  rel=0.00e+00  
openmc errors: None
TENDL: {'LRP': 1, 'EL_eV': 1e-05, 'EH_eV': 850010.0, 'LRU': 1, 'LRF': 3, 'note': 'resolved-resonance reconstruction required before collapse; not attempted in P1'}
  1901/2847 n_074-W-185M_7441.dat 5.2s rows=55 led=1  total 8571s
Fe56   MT102        own=1.340041e-03 b  omc=1.340041e-03 b  rel=0.00e+00  
Fe56   MT103        own=9.398681e-02 b  omc=9.398681e-02 b  rel=0.00e+00  
Fe56   MT107        own=3.641714e-02 b  omc=3.641714e-02 b  rel=0.00e+00  
Fe56   MT16         own=4.424524e-01 b  omc=4.424524e-01 b  rel=0.00e+00  
Fe56   MT105        own=8.475636e-05 b  omc=8.475636e-05 b  rel=0.00e+00  
Fe56   MT104        own=7.468242e-03 b  omc=7.468242e-03 b  rel=0.00e+00  
Fe56   MT28         own=8.297874e-02 b  omc=8.297874e-02 b  rel=0.00e+00  
Fe56   MT22         own=2.586244e-03 b  omc=2.586244e-03 b  rel=0.00e+00  
Fe56   MT32         own=0.000000e+00 b  omc=0.000000e+00 b  rel=0.00e+00  
Fe56   MT111        own=1.837272e-09 b  omc=1.837272e-09 b  rel=0.00e+00  
Ag107  MT102        own=3.028871e-02 b  omc=3.028871e-02 b  rel=0.00e+00  
Ag107  MT102  lfs=0 own=2.950822e-02 b  omc=2.950822e-02 b  rel=0.00e+00  
Ag107  MT102  lfs=1 own=7.804942e-04 b  omc=7.804942e-04 b  rel=0.00e+00  
W186   MT102        own=6.922947e-02 b  omc=6.922947e-02 b  rel=0.00e+00  
W186   MT16   lfs=0 own=8.960368e-01 b  omc=8.960368e-01 b  rel=0.00e+00  
W186   MT16   lfs=1 own=6.212343e-01 b  omc=6.212343e-01 b  rel=0.00e+00  
openmc errors: None
TENDL: {'LRP': 1, 'EL_eV': 1e-05, 'EH_eV': 850010.0, 'LRU': 1, 'LRF': 3, 'note': 'resolved-resonance reconstruction required before collapse; not attempted in P1'}
Fe56   MT102        own=1.340041e-03 b  omc=1.340041e-03 b  rel=0.00e+00  
Fe56   MT103        own=9.398681e-02 b  omc=9.398681e-02 b  rel=0.00e+00  
Fe56   MT107        own=3.641714e-02 b  omc=3.641714e-02 b  rel=0.00e+00  
Fe56   MT16         own=4.424524e-01 b  omc=4.424524e-01 b  rel=0.00e+00  
Fe56   MT105        own=8.475636e-05 b  omc=8.475636e-05 b  rel=0.00e+00  
Fe56   MT104        own=7.468242e-03 b  omc=7.468242e-03 b  rel=0.00e+00  
Fe56   MT28         own=8.297874e-02 b  omc=8.297874e-02 b  rel=0.00e+00  
Fe56   MT22         own=2.586244e-03 b  omc=2.586244e-03 b  rel=0.00e+00  
Fe56   MT32         own=0.000000e+00 b  omc=0.000000e+00 b  rel=0.00e+00  
Fe56   MT111        own=1.837272e-09 b  omc=1.837272e-09 b  rel=0.00e+00  
Ag107  MT102        own=3.028871e-02 b  omc=3.028871e-02 b  rel=0.00e+00  
Ag107  MT102  lfs=0 own=2.950822e-02 b  omc=2.950822e-02 b  rel=0.00e+00  
Ag107  MT102  lfs=1 own=7.804942e-04 b  omc=7.804942e-04 b  rel=0.00e+00  
W186   MT102        own=6.922947e-02 b  omc=6.922947e-02 b  rel=0.00e+00  
W186   MT16   lfs=0 own=8.960368e-01 b  omc=8.960368e-01 b  rel=0.00e+00  
W186   MT16   lfs=1 own=6.212343e-01 b  omc=6.212343e-01 b  rel=0.00e+00  
openmc errors: None
TENDL: {'LRP': 1, 'EL_eV': 1e-05, 'EH_eV': 850010.0, 'LRU': 1, 'LRF': 3, 'note': 'resolved-resonance reconstruction required before collapse; not attempted in P1'}
  1951/2847 n_075-Re-192_7546.dat 19.6s rows=44 led=1  total 8902s
Fe56   MT102        own=1.340041e-03 b  omc=1.340041e-03 b  rel=0.00e+00  
Fe56   MT103        own=9.398681e-02 b  omc=9.398681e-02 b  rel=0.00e+00  
Fe56   MT107        own=3.641714e-02 b  omc=3.641714e-02 b  rel=0.00e+00  
Fe56   MT16         own=4.424524e-01 b  omc=4.424524e-01 b  rel=0.00e+00  
Fe56   MT105        own=8.475636e-05 b  omc=8.475636e-05 b  rel=0.00e+00  
Fe56   MT104        own=7.468242e-03 b  omc=7.468242e-03 b  rel=0.00e+00  
Fe56   MT28         own=8.297874e-02 b  omc=8.297874e-02 b  rel=0.00e+00  
Fe56   MT22         own=2.586244e-03 b  omc=2.586244e-03 b  rel=0.00e+00  
Fe56   MT32         own=0.000000e+00 b  omc=0.000000e+00 b  rel=0.00e+00  
Fe56   MT111        own=1.837272e-09 b  omc=1.837272e-09 b  rel=0.00e+00  
Ag107  MT102        own=3.028871e-02 b  omc=3.028871e-02 b  rel=0.00e+00  
Ag107  MT102  lfs=0 own=2.950822e-02 b  omc=2.950822e-02 b  rel=0.00e+00  
Ag107  MT102  lfs=1 own=7.804942e-04 b  omc=7.804942e-04 b  rel=0.00e+00  
W186   MT102        own=6.922947e-02 b  omc=6.922947e-02 b  rel=0.00e+00  
W186   MT16   lfs=0 own=8.960368e-01 b  omc=8.960368e-01 b  rel=0.00e+00  
W186   MT16   lfs=1 own=6.212343e-01 b  omc=6.212343e-01 b  rel=0.00e+00  
openmc errors: None
TENDL: {'LRP': 1, 'EL_eV': 1e-05, 'EH_eV': 850010.0, 'LRU': 1, 'LRF': 3, 'note': 'resolved-resonance reconstruction required before collapse; not attempted in P1'}
Fe56   MT102        own=1.340041e-03 b  omc=1.340041e-03 b  rel=0.00e+00  
Fe56   MT103        own=9.398681e-02 b  omc=9.398681e-02 b  rel=0.00e+00  
Fe56   MT107        own=3.641714e-02 b  omc=3.641714e-02 b  rel=0.00e+00  
Fe56   MT16         own=4.424524e-01 b  omc=4.424524e-01 b  rel=0.00e+00  
Fe56   MT105        own=8.475636e-05 b  omc=8.475636e-05 b  rel=0.00e+00  
Fe56   MT104        own=7.468242e-03 b  omc=7.468242e-03 b  rel=0.00e+00  
Fe56   MT28         own=8.297874e-02 b  omc=8.297874e-02 b  rel=0.00e+00  
Fe56   MT22         own=2.586244e-03 b  omc=2.586244e-03 b  rel=0.00e+00  
Fe56   MT32         own=0.000000e+00 b  omc=0.000000e+00 b  rel=0.00e+00  
Fe56   MT111        own=1.837272e-09 b  omc=1.837272e-09 b  rel=0.00e+00  
Ag107  MT102        own=3.028871e-02 b  omc=3.028871e-02 b  rel=0.00e+00  
Ag107  MT102  lfs=0 own=2.950822e-02 b  omc=2.950822e-02 b  rel=0.00e+00  
Ag107  MT102  lfs=1 own=7.804942e-04 b  omc=7.804942e-04 b  rel=0.00e+00  
W186   MT102        own=6.922947e-02 b  omc=6.922947e-02 b  rel=0.00e+00  
W186   MT16   lfs=0 own=8.960368e-01 b  omc=8.960368e-01 b  rel=0.00e+00  
W186   MT16   lfs=1 own=6.212343e-01 b  omc=6.212343e-01 b  rel=0.00e+00  
openmc errors: None
TENDL: {'LRP': 1, 'EL_eV': 1e-05, 'EH_eV': 850010.0, 'LRU': 1, 'LRF': 3, 'note': 'resolved-resonance reconstruction required before collapse; not attempted in P1'}
Fe56   MT102        own=1.340041e-03 b  omc=1.340041e-03 b  rel=0.00e+00  
Fe56   MT103        own=9.398681e-02 b  omc=9.398681e-02 b  rel=0.00e+00  
Fe56   MT107        own=3.641714e-02 b  omc=3.641714e-02 b  rel=0.00e+00  
Fe56   MT16         own=4.424524e-01 b  omc=4.424524e-01 b  rel=0.00e+00  
Fe56   MT105        own=8.475636e-05 b  omc=8.475636e-05 b  rel=0.00e+00  
Fe56   MT104        own=7.468242e-03 b  omc=7.468242e-03 b  rel=0.00e+00  
Fe56   MT28         own=8.297874e-02 b  omc=8.297874e-02 b  rel=0.00e+00  
Fe56   MT22         own=2.586244e-03 b  omc=2.586244e-03 b  rel=0.00e+00  
Fe56   MT32         own=0.000000e+00 b  omc=0.000000e+00 b  rel=0.00e+00  
Fe56   MT111        own=1.837272e-09 b  omc=1.837272e-09 b  rel=0.00e+00  
Ag107  MT102        own=3.028871e-02 b  omc=3.028871e-02 b  rel=0.00e+00  
Ag107  MT102  lfs=0 own=2.950822e-02 b  omc=2.950822e-02 b  rel=0.00e+00  
Ag107  MT102  lfs=1 own=7.804942e-04 b  omc=7.804942e-04 b  rel=0.00e+00  
W186   MT102        own=6.922947e-02 b  omc=6.922947e-02 b  rel=0.00e+00  
W186   MT16   lfs=0 own=8.960368e-01 b  omc=8.960368e-01 b  rel=0.00e+00  
W186   MT16   lfs=1 own=6.212343e-01 b  omc=6.212343e-01 b  rel=0.00e+00  
openmc errors: None
TENDL: {'LRP': 1, 'EL_eV': 1e-05, 'EH_eV': 850010.0, 'LRU': 1, 'LRF': 3, 'note': 'resolved-resonance reconstruction required before collapse; not attempted in P1'}
Fe56   MT102        own=1.340041e-03 b  omc=1.340041e-03 b  rel=0.00e+00  
Fe56   MT103        own=9.398681e-02 b  omc=9.398681e-02 b  rel=0.00e+00  
Fe56   MT107        own=3.641714e-02 b  omc=3.641714e-02 b  rel=0.00e+00  
Fe56   MT16         own=4.424524e-01 b  omc=4.424524e-01 b  rel=0.00e+00  
Fe56   MT105        own=8.475636e-05 b  omc=8.475636e-05 b  rel=0.00e+00  
Fe56   MT104        own=7.468242e-03 b  omc=7.468242e-03 b  rel=0.00e+00  
Fe56   MT28         own=8.297874e-02 b  omc=8.297874e-02 b  rel=0.00e+00  
Fe56   MT22         own=2.586244e-03 b  omc=2.586244e-03 b  rel=0.00e+00  
Fe56   MT32         own=0.000000e+00 b  omc=0.000000e+00 b  rel=0.00e+00  
Fe56   MT111        own=1.837272e-09 b  omc=1.837272e-09 b  rel=0.00e+00  
Ag107  MT102        own=3.028871e-02 b  omc=3.028871e-02 b  rel=0.00e+00  
Ag107  MT102  lfs=0 own=2.950822e-02 b  omc=2.950822e-02 b  rel=0.00e+00  
Ag107  MT102  lfs=1 own=7.804942e-04 b  omc=7.804942e-04 b  rel=0.00e+00  
W186   MT102        own=6.922947e-02 b  omc=6.922947e-02 b  rel=0.00e+00  
W186   MT16   lfs=0 own=8.960368e-01 b  omc=8.960368e-01 b  rel=0.00e+00  
W186   MT16   lfs=1 own=6.212343e-01 b  omc=6.212343e-01 b  rel=0.00e+00  
openmc errors: None
TENDL: {'LRP': 1, 'EL_eV': 1e-05, 'EH_eV': 850010.0, 'LRU': 1, 'LRF': 3, 'note': 'resolved-resonance reconstruction required before collapse; not attempted in P1'}
Fe56   MT102        own=1.340041e-03 b  omc=1.340041e-03 b  rel=0.00e+00  
Fe56   MT103        own=9.398681e-02 b  omc=9.398681e-02 b  rel=0.00e+00  
Fe56   MT107        own=3.641714e-02 b  omc=3.641714e-02 b  rel=0.00e+00  
Fe56   MT16         own=4.424524e-01 b  omc=4.424524e-01 b  rel=0.00e+00  
Fe56   MT105        own=8.475636e-05 b  omc=8.475636e-05 b  rel=0.00e+00  
Fe56   MT104        own=7.468242e-03 b  omc=7.468242e-03 b  rel=0.00e+00  
Fe56   MT28         own=8.297874e-02 b  omc=8.297874e-02 b  rel=0.00e+00  
Fe56   MT22         own=2.586244e-03 b  omc=2.586244e-03 b  rel=0.00e+00  
Fe56   MT32         own=0.000000e+00 b  omc=0.000000e+00 b  rel=0.00e+00  
Fe56   MT111        own=1.837272e-09 b  omc=1.837272e-09 b  rel=0.00e+00  
Ag107  MT102        own=3.028871e-02 b  omc=3.028871e-02 b  rel=0.00e+00  
Ag107  MT102  lfs=0 own=2.950822e-02 b  omc=2.950822e-02 b  rel=0.00e+00  
Ag107  MT102  lfs=1 own=7.804942e-04 b  omc=7.804942e-04 b  rel=0.00e+00  
W186   MT102        own=6.922947e-02 b  omc=6.922947e-02 b  rel=0.00e+00  
W186   MT16   lfs=0 own=8.960368e-01 b  omc=8.960368e-01 b  rel=0.00e+00  
W186   MT16   lfs=1 own=6.212343e-01 b  omc=6.212343e-01 b  rel=0.00e+00  
openmc errors: None
TENDL: {'LRP': 1, 'EL_eV': 1e-05, 'EH_eV': 850010.0, 'LRU': 1, 'LRF': 3, 'note': 'resolved-resonance reconstruction required before collapse; not attempted in P1'}
  2001/2847 n_077-Ir-171M_7666.dat 31.0s rows=71 led=1  total 9244s
  2051/2847 n_077-Ir-205_7767.dat 2.6s rows=40 led=1  total 9244s
Fe56   MT102        own=1.340041e-03 b  omc=1.340041e-03 b  rel=0.00e+00  
Fe56   MT103        own=9.398681e-02 b  omc=9.398681e-02 b  rel=0.00e+00  
Fe56   MT107        own=3.641714e-02 b  omc=3.641714e-02 b  rel=0.00e+00  
Fe56   MT16         own=4.424524e-01 b  omc=4.424524e-01 b  rel=0.00e+00  
Fe56   MT105        own=8.475636e-05 b  omc=8.475636e-05 b  rel=0.00e+00  
Fe56   MT104        own=7.468242e-03 b  omc=7.468242e-03 b  rel=0.00e+00  
Fe56   MT28         own=8.297874e-02 b  omc=8.297874e-02 b  rel=0.00e+00  
Fe56   MT22         own=2.586244e-03 b  omc=2.586244e-03 b  rel=0.00e+00  
Fe56   MT32         own=0.000000e+00 b  omc=0.000000e+00 b  rel=0.00e+00  
Fe56   MT111        own=1.837272e-09 b  omc=1.837272e-09 b  rel=0.00e+00  
Ag107  MT102        own=3.028871e-02 b  omc=3.028871e-02 b  rel=0.00e+00  
Ag107  MT102  lfs=0 own=2.950822e-02 b  omc=2.950822e-02 b  rel=0.00e+00  
Ag107  MT102  lfs=1 own=7.804942e-04 b  omc=7.804942e-04 b  rel=0.00e+00  
W186   MT102        own=6.922947e-02 b  omc=6.922947e-02 b  rel=0.00e+00  
W186   MT16   lfs=0 own=8.960368e-01 b  omc=8.960368e-01 b  rel=0.00e+00  
W186   MT16   lfs=1 own=6.212343e-01 b  omc=6.212343e-01 b  rel=0.00e+00  
openmc errors: None
TENDL: {'LRP': 1, 'EL_eV': 1e-05, 'EH_eV': 850010.0, 'LRU': 1, 'LRF': 3, 'note': 'resolved-resonance reconstruction required before collapse; not attempted in P1'}
Fe56   MT102        own=1.340041e-03 b  omc=1.340041e-03 b  rel=0.00e+00  
Fe56   MT103        own=9.398681e-02 b  omc=9.398681e-02 b  rel=0.00e+00  
Fe56   MT107        own=3.641714e-02 b  omc=3.641714e-02 b  rel=0.00e+00  
Fe56   MT16         own=4.424524e-01 b  omc=4.424524e-01 b  rel=0.00e+00  
Fe56   MT105        own=8.475636e-05 b  omc=8.475636e-05 b  rel=0.00e+00  
Fe56   MT104        own=7.468242e-03 b  omc=7.468242e-03 b  rel=0.00e+00  
Fe56   MT28         own=8.297874e-02 b  omc=8.297874e-02 b  rel=0.00e+00  
Fe56   MT22         own=2.586244e-03 b  omc=2.586244e-03 b  rel=0.00e+00  
Fe56   MT32         own=0.000000e+00 b  omc=0.000000e+00 b  rel=0.00e+00  
Fe56   MT111        own=1.837272e-09 b  omc=1.837272e-09 b  rel=0.00e+00  
Ag107  MT102        own=3.028871e-02 b  omc=3.028871e-02 b  rel=0.00e+00  
Ag107  MT102  lfs=0 own=2.950822e-02 b  omc=2.950822e-02 b  rel=0.00e+00  
Ag107  MT102  lfs=1 own=7.804942e-04 b  omc=7.804942e-04 b  rel=0.00e+00  
W186   MT102        own=6.922947e-02 b  omc=6.922947e-02 b  rel=0.00e+00  
W186   MT16   lfs=0 own=8.960368e-01 b  omc=8.960368e-01 b  rel=0.00e+00  
W186   MT16   lfs=1 own=6.212343e-01 b  omc=6.212343e-01 b  rel=0.00e+00  
openmc errors: None
TENDL: {'LRP': 1, 'EL_eV': 1e-05, 'EH_eV': 850010.0, 'LRU': 1, 'LRF': 3, 'note': 'resolved-resonance reconstruction required before collapse; not attempted in P1'}
Fe56   MT102        own=1.340041e-03 b  omc=1.340041e-03 b  rel=0.00e+00  
Fe56   MT103        own=9.398681e-02 b  omc=9.398681e-02 b  rel=0.00e+00  
Fe56   MT107        own=3.641714e-02 b  omc=3.641714e-02 b  rel=0.00e+00  
Fe56   MT16         own=4.424524e-01 b  omc=4.424524e-01 b  rel=0.00e+00  
Fe56   MT105        own=8.475636e-05 b  omc=8.475636e-05 b  rel=0.00e+00  
Fe56   MT104        own=7.468242e-03 b  omc=7.468242e-03 b  rel=0.00e+00  
Fe56   MT28         own=8.297874e-02 b  omc=8.297874e-02 b  rel=0.00e+00  
Fe56   MT22         own=2.586244e-03 b  omc=2.586244e-03 b  rel=0.00e+00  
Fe56   MT32         own=0.000000e+00 b  omc=0.000000e+00 b  rel=0.00e+00  
Fe56   MT111        own=1.837272e-09 b  omc=1.837272e-09 b  rel=0.00e+00  
Ag107  MT102        own=3.028871e-02 b  omc=3.028871e-02 b  rel=0.00e+00  
Ag107  MT102  lfs=0 own=2.950822e-02 b  omc=2.950822e-02 b  rel=0.00e+00  
Ag107  MT102  lfs=1 own=7.804942e-04 b  omc=7.804942e-04 b  rel=0.00e+00  
W186   MT102        own=6.922947e-02 b  omc=6.922947e-02 b  rel=0.00e+00  
W186   MT16   lfs=0 own=8.960368e-01 b  omc=8.960368e-01 b  rel=0.00e+00  
W186   MT16   lfs=1 own=6.212343e-01 b  omc=6.212343e-01 b  rel=0.00e+00  
openmc errors: None
TENDL: {'LRP': 1, 'EL_eV': 1e-05, 'EH_eV': 850010.0, 'LRU': 1, 'LRF': 3, 'note': 'resolved-resonance reconstruction required before collapse; not attempted in P1'}
Fe56   MT102        own=1.340041e-03 b  omc=1.340041e-03 b  rel=0.00e+00  
Fe56   MT103        own=9.398681e-02 b  omc=9.398681e-02 b  rel=0.00e+00  
Fe56   MT107        own=3.641714e-02 b  omc=3.641714e-02 b  rel=0.00e+00  
Fe56   MT16         own=4.424524e-01 b  omc=4.424524e-01 b  rel=0.00e+00  
Fe56   MT105        own=8.475636e-05 b  omc=8.475636e-05 b  rel=0.00e+00  
Fe56   MT104        own=7.468242e-03 b  omc=7.468242e-03 b  rel=0.00e+00  
Fe56   MT28         own=8.297874e-02 b  omc=8.297874e-02 b  rel=0.00e+00  
Fe56   MT22         own=2.586244e-03 b  omc=2.586244e-03 b  rel=0.00e+00  
Fe56   MT32         own=0.000000e+00 b  omc=0.000000e+00 b  rel=0.00e+00  
Fe56   MT111        own=1.837272e-09 b  omc=1.837272e-09 b  rel=0.00e+00  
Ag107  MT102        own=3.028871e-02 b  omc=3.028871e-02 b  rel=0.00e+00  
Ag107  MT102  lfs=0 own=2.950822e-02 b  omc=2.950822e-02 b  rel=0.00e+00  
Ag107  MT102  lfs=1 own=7.804942e-04 b  omc=7.804942e-04 b  rel=0.00e+00  
W186   MT102        own=6.922947e-02 b  omc=6.922947e-02 b  rel=0.00e+00  
W186   MT16   lfs=0 own=8.960368e-01 b  omc=8.960368e-01 b  rel=0.00e+00  
W186   MT16   lfs=1 own=6.212343e-01 b  omc=6.212343e-01 b  rel=0.00e+00  
openmc errors: None
TENDL: {'LRP': 1, 'EL_eV': 1e-05, 'EH_eV': 850010.0, 'LRU': 1, 'LRF': 3, 'note': 'resolved-resonance reconstruction required before collapse; not attempted in P1'}
Fe56   MT102        own=1.340041e-03 b  omc=1.340041e-03 b  rel=0.00e+00  
Fe56   MT103        own=9.398681e-02 b  omc=9.398681e-02 b  rel=0.00e+00  
Fe56   MT107        own=3.641714e-02 b  omc=3.641714e-02 b  rel=0.00e+00  
Fe56   MT16         own=4.424524e-01 b  omc=4.424524e-01 b  rel=0.00e+00  
Fe56   MT105        own=8.475636e-05 b  omc=8.475636e-05 b  rel=0.00e+00  
Fe56   MT104        own=7.468242e-03 b  omc=7.468242e-03 b  rel=0.00e+00  
Fe56   MT28         own=8.297874e-02 b  omc=8.297874e-02 b  rel=0.00e+00  
Fe56   MT22         own=2.586244e-03 b  omc=2.586244e-03 b  rel=0.00e+00  
Fe56   MT32         own=0.000000e+00 b  omc=0.000000e+00 b  rel=0.00e+00  
Fe56   MT111        own=1.837272e-09 b  omc=1.837272e-09 b  rel=0.00e+00  
Ag107  MT102        own=3.028871e-02 b  omc=3.028871e-02 b  rel=0.00e+00  
Ag107  MT102  lfs=0 own=2.950822e-02 b  omc=2.950822e-02 b  rel=0.00e+00  
Ag107  MT102  lfs=1 own=7.804942e-04 b  omc=7.804942e-04 b  rel=0.00e+00  
W186   MT102        own=6.922947e-02 b  omc=6.922947e-02 b  rel=0.00e+00  
W186   MT16   lfs=0 own=8.960368e-01 b  omc=8.960368e-01 b  rel=0.00e+00  
W186   MT16   lfs=1 own=6.212343e-01 b  omc=6.212343e-01 b  rel=0.00e+00  
openmc errors: None
TENDL: {'LRP': 1, 'EL_eV': 1e-05, 'EH_eV': 850010.0, 'LRU': 1, 'LRF': 3, 'note': 'resolved-resonance reconstruction required before collapse; not attempted in P1'}
Fe56   MT102        own=1.340041e-03 b  omc=1.340041e-03 b  rel=0.00e+00  
Fe56   MT103        own=9.398681e-02 b  omc=9.398681e-02 b  rel=0.00e+00  
Fe56   MT107        own=3.641714e-02 b  omc=3.641714e-02 b  rel=0.00e+00  
Fe56   MT16         own=4.424524e-01 b  omc=4.424524e-01 b  rel=0.00e+00  
Fe56   MT105        own=8.475636e-05 b  omc=8.475636e-05 b  rel=0.00e+00  
Fe56   MT104        own=7.468242e-03 b  omc=7.468242e-03 b  rel=0.00e+00  
Fe56   MT28         own=8.297874e-02 b  omc=8.297874e-02 b  rel=0.00e+00  
Fe56   MT22         own=2.586244e-03 b  omc=2.586244e-03 b  rel=0.00e+00  
Fe56   MT32         own=0.000000e+00 b  omc=0.000000e+00 b  rel=0.00e+00  
Fe56   MT111        own=1.837272e-09 b  omc=1.837272e-09 b  rel=0.00e+00  
Ag107  MT102        own=3.028871e-02 b  omc=3.028871e-02 b  rel=0.00e+00  
Ag107  MT102  lfs=0 own=2.950822e-02 b  omc=2.950822e-02 b  rel=0.00e+00  
Ag107  MT102  lfs=1 own=7.804942e-04 b  omc=7.804942e-04 b  rel=0.00e+00  
W186   MT102        own=6.922947e-02 b  omc=6.922947e-02 b  rel=0.00e+00  
W186   MT16   lfs=0 own=8.960368e-01 b  omc=8.960368e-01 b  rel=0.00e+00  
W186   MT16   lfs=1 own=6.212343e-01 b  omc=6.212343e-01 b  rel=0.00e+00  
openmc errors: None
TENDL: {'LRP': 1, 'EL_eV': 1e-05, 'EH_eV': 850010.0, 'LRU': 1, 'LRF': 3, 'note': 'resolved-resonance reconstruction required before collapse; not attempted in P1'}
Fe56   MT102        own=1.340041e-03 b  omc=1.340041e-03 b  rel=0.00e+00  
Fe56   MT103        own=9.398681e-02 b  omc=9.398681e-02 b  rel=0.00e+00  
Fe56   MT107        own=3.641714e-02 b  omc=3.641714e-02 b  rel=0.00e+00  
Fe56   MT16         own=4.424524e-01 b  omc=4.424524e-01 b  rel=0.00e+00  
Fe56   MT105        own=8.475636e-05 b  omc=8.475636e-05 b  rel=0.00e+00  
Fe56   MT104        own=7.468242e-03 b  omc=7.468242e-03 b  rel=0.00e+00  
Fe56   MT28         own=8.297874e-02 b  omc=8.297874e-02 b  rel=0.00e+00  
Fe56   MT22         own=2.586244e-03 b  omc=2.586244e-03 b  rel=0.00e+00  
Fe56   MT32         own=0.000000e+00 b  omc=0.000000e+00 b  rel=0.00e+00  
Fe56   MT111        own=1.837272e-09 b  omc=1.837272e-09 b  rel=0.00e+00  
Ag107  MT102        own=3.028871e-02 b  omc=3.028871e-02 b  rel=0.00e+00  
Ag107  MT102  lfs=0 own=2.950822e-02 b  omc=2.950822e-02 b  rel=0.00e+00  
Ag107  MT102  lfs=1 own=7.804942e-04 b  omc=7.804942e-04 b  rel=0.00e+00  
W186   MT102        own=6.922947e-02 b  omc=6.922947e-02 b  rel=0.00e+00  
W186   MT16   lfs=0 own=8.960368e-01 b  omc=8.960368e-01 b  rel=0.00e+00  
W186   MT16   lfs=1 own=6.212343e-01 b  omc=6.212343e-01 b  rel=0.00e+00  
openmc errors: None
TENDL: {'LRP': 1, 'EL_eV': 1e-05, 'EH_eV': 850010.0, 'LRU': 1, 'LRF': 3, 'note': 'resolved-resonance reconstruction required before collapse; not attempted in P1'}
Fe56   MT102        own=1.340041e-03 b  omc=1.340041e-03 b  rel=0.00e+00  
Fe56   MT103        own=9.398681e-02 b  omc=9.398681e-02 b  rel=0.00e+00  
Fe56   MT107        own=3.641714e-02 b  omc=3.641714e-02 b  rel=0.00e+00  
Fe56   MT16         own=4.424524e-01 b  omc=4.424524e-01 b  rel=0.00e+00  
Fe56   MT105        own=8.475636e-05 b  omc=8.475636e-05 b  rel=0.00e+00  
Fe56   MT104        own=7.468242e-03 b  omc=7.468242e-03 b  rel=0.00e+00  
Fe56   MT28         own=8.297874e-02 b  omc=8.297874e-02 b  rel=0.00e+00  
Fe56   MT22         own=2.586244e-03 b  omc=2.586244e-03 b  rel=0.00e+00  
Fe56   MT32         own=0.000000e+00 b  omc=0.000000e+00 b  rel=0.00e+00  
Fe56   MT111        own=1.837272e-09 b  omc=1.837272e-09 b  rel=0.00e+00  
Ag107  MT102        own=3.028871e-02 b  omc=3.028871e-02 b  rel=0.00e+00  
Ag107  MT102  lfs=0 own=2.950822e-02 b  omc=2.950822e-02 b  rel=0.00e+00  
Ag107  MT102  lfs=1 own=7.804942e-04 b  omc=7.804942e-04 b  rel=0.00e+00  
W186   MT102        own=6.922947e-02 b  omc=6.922947e-02 b  rel=0.00e+00  
W186   MT16   lfs=0 own=8.960368e-01 b  omc=8.960368e-01 b  rel=0.00e+00  
W186   MT16   lfs=1 own=6.212343e-01 b  omc=6.212343e-01 b  rel=0.00e+00  
openmc errors: None
TENDL: {'LRP': 1, 'EL_eV': 1e-05, 'EH_eV': 850010.0, 'LRU': 1, 'LRF': 3, 'note': 'resolved-resonance reconstruction required before collapse; not attempted in P1'}
Fe56   MT102        own=1.340041e-03 b  omc=1.340041e-03 b  rel=0.00e+00  
Fe56   MT103        own=9.398681e-02 b  omc=9.398681e-02 b  rel=0.00e+00  
Fe56   MT107        own=3.641714e-02 b  omc=3.641714e-02 b  rel=0.00e+00  
Fe56   MT16         own=4.424524e-01 b  omc=4.424524e-01 b  rel=0.00e+00  
Fe56   MT105        own=8.475636e-05 b  omc=8.475636e-05 b  rel=0.00e+00  
Fe56   MT104        own=7.468242e-03 b  omc=7.468242e-03 b  rel=0.00e+00  
Fe56   MT28         own=8.297874e-02 b  omc=8.297874e-02 b  rel=0.00e+00  
Fe56   MT22         own=2.586244e-03 b  omc=2.586244e-03 b  rel=0.00e+00  
Fe56   MT32         own=0.000000e+00 b  omc=0.000000e+00 b  rel=0.00e+00  
Fe56   MT111        own=1.837272e-09 b  omc=1.837272e-09 b  rel=0.00e+00  
Ag107  MT102        own=3.028871e-02 b  omc=3.028871e-02 b  rel=0.00e+00  
Ag107  MT102  lfs=0 own=2.950822e-02 b  omc=2.950822e-02 b  rel=0.00e+00  
Ag107  MT102  lfs=1 own=7.804942e-04 b  omc=7.804942e-04 b  rel=0.00e+00  
W186   MT102        own=6.922947e-02 b  omc=6.922947e-02 b  rel=0.00e+00  
W186   MT16   lfs=0 own=8.960368e-01 b  omc=8.960368e-01 b  rel=0.00e+00  
W186   MT16   lfs=1 own=6.212343e-01 b  omc=6.212343e-01 b  rel=0.00e+00  
openmc errors: None
TENDL: {'LRP': 1, 'EL_eV': 1e-05, 'EH_eV': 850010.0, 'LRU': 1, 'LRF': 3, 'note': 'resolved-resonance reconstruction required before collapse; not attempted in P1'}
Fe56   MT102        own=1.340041e-03 b  omc=1.340041e-03 b  rel=0.00e+00  
Fe56   MT103        own=9.398681e-02 b  omc=9.398681e-02 b  rel=0.00e+00  
Fe56   MT107        own=3.641714e-02 b  omc=3.641714e-02 b  rel=0.00e+00  
Fe56   MT16         own=4.424524e-01 b  omc=4.424524e-01 b  rel=0.00e+00  
Fe56   MT105        own=8.475636e-05 b  omc=8.475636e-05 b  rel=0.00e+00  
Fe56   MT104        own=7.468242e-03 b  omc=7.468242e-03 b  rel=0.00e+00  
Fe56   MT28         own=8.297874e-02 b  omc=8.297874e-02 b  rel=0.00e+00  
Fe56   MT22         own=2.586244e-03 b  omc=2.586244e-03 b  rel=0.00e+00  
Fe56   MT32         own=0.000000e+00 b  omc=0.000000e+00 b  rel=0.00e+00  
Fe56   MT111        own=1.837272e-09 b  omc=1.837272e-09 b  rel=0.00e+00  
Ag107  MT102        own=3.028871e-02 b  omc=3.028871e-02 b  rel=0.00e+00  
Ag107  MT102  lfs=0 own=2.950822e-02 b  omc=2.950822e-02 b  rel=0.00e+00  
Ag107  MT102  lfs=1 own=7.804942e-04 b  omc=7.804942e-04 b  rel=0.00e+00  
W186   MT102        own=6.922947e-02 b  omc=6.922947e-02 b  rel=0.00e+00  
W186   MT16   lfs=0 own=8.960368e-01 b  omc=8.960368e-01 b  rel=0.00e+00  
W186   MT16   lfs=1 own=6.212343e-01 b  omc=6.212343e-01 b  rel=0.00e+00  
openmc errors: None
TENDL: {'LRP': 1, 'EL_eV': 1e-05, 'EH_eV': 850010.0, 'LRU': 1, 'LRF': 3, 'note': 'resolved-resonance reconstruction required before collapse; not attempted in P1'}
Fe56   MT102        own=1.340041e-03 b  omc=1.340041e-03 b  rel=0.00e+00  
Fe56   MT103        own=9.398681e-02 b  omc=9.398681e-02 b  rel=0.00e+00  
Fe56   MT107        own=3.641714e-02 b  omc=3.641714e-02 b  rel=0.00e+00  
Fe56   MT16         own=4.424524e-01 b  omc=4.424524e-01 b  rel=0.00e+00  
Fe56   MT105        own=8.475636e-05 b  omc=8.475636e-05 b  rel=0.00e+00  
Fe56   MT104        own=7.468242e-03 b  omc=7.468242e-03 b  rel=0.00e+00  
Fe56   MT28         own=8.297874e-02 b  omc=8.297874e-02 b  rel=0.00e+00  
Fe56   MT22         own=2.586244e-03 b  omc=2.586244e-03 b  rel=0.00e+00  
Fe56   MT32         own=0.000000e+00 b  omc=0.000000e+00 b  rel=0.00e+00  
Fe56   MT111        own=1.837272e-09 b  omc=1.837272e-09 b  rel=0.00e+00  
Ag107  MT102        own=3.028871e-02 b  omc=3.028871e-02 b  rel=0.00e+00  
Ag107  MT102  lfs=0 own=2.950822e-02 b  omc=2.950822e-02 b  rel=0.00e+00  
Ag107  MT102  lfs=1 own=7.804942e-04 b  omc=7.804942e-04 b  rel=0.00e+00  
W186   MT102        own=6.922947e-02 b  omc=6.922947e-02 b  rel=0.00e+00  
W186   MT16   lfs=0 own=8.960368e-01 b  omc=8.960368e-01 b  rel=0.00e+00  
W186   MT16   lfs=1 own=6.212343e-01 b  omc=6.212343e-01 b  rel=0.00e+00  
openmc errors: None
TENDL: {'LRP': 1, 'EL_eV': 1e-05, 'EH_eV': 850010.0, 'LRU': 1, 'LRF': 3, 'note': 'resolved-resonance reconstruction required before collapse; not attempted in P1'}
  2101/2847 n_079-Au-184_7886.dat 26.9s rows=63 led=1  total 10573s
  2151/2847 n_080-Hg-189M_8005.dat 24.3s rows=68 led=1  total 10573s
  2201/2847 n_081-Tl-190_8086.dat 23.9s rows=77 led=1  total 10573s
  2251/2847 n_082-Pb-193M_8193.dat 185.4s rows=77 led=1  total 10577s
Fe56   MT102        own=1.340041e-03 b  omc=1.340041e-03 b  rel=0.00e+00  
Fe56   MT103        own=9.398681e-02 b  omc=9.398681e-02 b  rel=0.00e+00  
Fe56   MT107        own=3.641714e-02 b  omc=3.641714e-02 b  rel=0.00e+00  
Fe56   MT16         own=4.424524e-01 b  omc=4.424524e-01 b  rel=0.00e+00  
Fe56   MT105        own=8.475636e-05 b  omc=8.475636e-05 b  rel=0.00e+00  
Fe56   MT104        own=7.468242e-03 b  omc=7.468242e-03 b  rel=0.00e+00  
Fe56   MT28         own=8.297874e-02 b  omc=8.297874e-02 b  rel=0.00e+00  
Fe56   MT22         own=2.586244e-03 b  omc=2.586244e-03 b  rel=0.00e+00  
Fe56   MT32         own=0.000000e+00 b  omc=0.000000e+00 b  rel=0.00e+00  
Fe56   MT111        own=1.837272e-09 b  omc=1.837272e-09 b  rel=0.00e+00  
Ag107  MT102        own=3.028871e-02 b  omc=3.028871e-02 b  rel=0.00e+00  
Ag107  MT102  lfs=0 own=2.950822e-02 b  omc=2.950822e-02 b  rel=0.00e+00  
Ag107  MT102  lfs=1 own=7.804942e-04 b  omc=7.804942e-04 b  rel=0.00e+00  
W186   MT102        own=6.922947e-02 b  omc=6.922947e-02 b  rel=0.00e+00  
W186   MT16   lfs=0 own=8.960368e-01 b  omc=8.960368e-01 b  rel=0.00e+00  
W186   MT16   lfs=1 own=6.212343e-01 b  omc=6.212343e-01 b  rel=0.00e+00  
openmc errors: None
TENDL: {'LRP': 1, 'EL_eV': 1e-05, 'EH_eV': 850010.0, 'LRU': 1, 'LRF': 3, 'note': 'resolved-resonance reconstruction required before collapse; not attempted in P1'}
Fe56   MT102        own=1.340041e-03 b  omc=1.340041e-03 b  rel=0.00e+00  
Fe56   MT103        own=9.398681e-02 b  omc=9.398681e-02 b  rel=0.00e+00  
Fe56   MT107        own=3.641714e-02 b  omc=3.641714e-02 b  rel=0.00e+00  
Fe56   MT16         own=4.424524e-01 b  omc=4.424524e-01 b  rel=0.00e+00  
Fe56   MT105        own=8.475636e-05 b  omc=8.475636e-05 b  rel=0.00e+00  
Fe56   MT104        own=7.468242e-03 b  omc=7.468242e-03 b  rel=0.00e+00  
Fe56   MT28         own=8.297874e-02 b  omc=8.297874e-02 b  rel=0.00e+00  
Fe56   MT22         own=2.586244e-03 b  omc=2.586244e-03 b  rel=0.00e+00  
Fe56   MT32         own=0.000000e+00 b  omc=0.000000e+00 b  rel=0.00e+00  
Fe56   MT111        own=1.837272e-09 b  omc=1.837272e-09 b  rel=0.00e+00  
Ag107  MT102        own=3.028871e-02 b  omc=3.028871e-02 b  rel=0.00e+00  
Ag107  MT102  lfs=0 own=2.950822e-02 b  omc=2.950822e-02 b  rel=0.00e+00  
Ag107  MT102  lfs=1 own=7.804942e-04 b  omc=7.804942e-04 b  rel=0.00e+00  
W186   MT102        own=6.922947e-02 b  omc=6.922947e-02 b  rel=0.00e+00  
W186   MT16   lfs=0 own=8.960368e-01 b  omc=8.960368e-01 b  rel=0.00e+00  
W186   MT16   lfs=1 own=6.212343e-01 b  omc=6.212343e-01 b  rel=0.00e+00  
openmc errors: None
TENDL: {'LRP': 1, 'EL_eV': 1e-05, 'EH_eV': 850010.0, 'LRU': 1, 'LRF': 3, 'note': 'resolved-resonance reconstruction required before collapse; not attempted in P1'}
Fe56   MT102        own=1.340041e-03 b  omc=1.340041e-03 b  rel=0.00e+00  
Fe56   MT103        own=9.398681e-02 b  omc=9.398681e-02 b  rel=0.00e+00  
Fe56   MT107        own=3.641714e-02 b  omc=3.641714e-02 b  rel=0.00e+00  
Fe56   MT16         own=4.424524e-01 b  omc=4.424524e-01 b  rel=0.00e+00  
Fe56   MT105        own=8.475636e-05 b  omc=8.475636e-05 b  rel=0.00e+00  
Fe56   MT104        own=7.468242e-03 b  omc=7.468242e-03 b  rel=0.00e+00  
Fe56   MT28         own=8.297874e-02 b  omc=8.297874e-02 b  rel=0.00e+00  
Fe56   MT22         own=2.586244e-03 b  omc=2.586244e-03 b  rel=0.00e+00  
Fe56   MT32         own=0.000000e+00 b  omc=0.000000e+00 b  rel=0.00e+00  
Fe56   MT111        own=1.837272e-09 b  omc=1.837272e-09 b  rel=0.00e+00  
Ag107  MT102        own=3.028871e-02 b  omc=3.028871e-02 b  rel=0.00e+00  
Ag107  MT102  lfs=0 own=2.950822e-02 b  omc=2.950822e-02 b  rel=0.00e+00  
Ag107  MT102  lfs=1 own=7.804942e-04 b  omc=7.804942e-04 b  rel=0.00e+00  
W186   MT102        own=6.922947e-02 b  omc=6.922947e-02 b  rel=0.00e+00  
W186   MT16   lfs=0 own=8.960368e-01 b  omc=8.960368e-01 b  rel=0.00e+00  
W186   MT16   lfs=1 own=6.212343e-01 b  omc=6.212343e-01 b  rel=0.00e+00  
openmc errors: None
TENDL: {'LRP': 1, 'EL_eV': 1e-05, 'EH_eV': 850010.0, 'LRU': 1, 'LRF': 3, 'note': 'resolved-resonance reconstruction required before collapse; not attempted in P1'}
  2301/2847 n_083-Bi-197M_8290.dat 11.3s rows=81 led=1  total 11248s
  2351/2847 n_084-Po-201_8410.dat 9.5s rows=84 led=1  total 11252s
Fe56   MT102        own=1.340041e-03 b  omc=1.340041e-03 b  rel=0.00e+00  
Fe56   MT103        own=9.398681e-02 b  omc=9.398681e-02 b  rel=0.00e+00  
Fe56   MT107        own=3.641714e-02 b  omc=3.641714e-02 b  rel=0.00e+00  
Fe56   MT16         own=4.424524e-01 b  omc=4.424524e-01 b  rel=0.00e+00  
Fe56   MT105        own=8.475636e-05 b  omc=8.475636e-05 b  rel=0.00e+00  
Fe56   MT104        own=7.468242e-03 b  omc=7.468242e-03 b  rel=0.00e+00  
Fe56   MT28         own=8.297874e-02 b  omc=8.297874e-02 b  rel=0.00e+00  
Fe56   MT22         own=2.586244e-03 b  omc=2.586244e-03 b  rel=0.00e+00  
Fe56   MT32         own=0.000000e+00 b  omc=0.000000e+00 b  rel=0.00e+00  
Fe56   MT111        own=1.837272e-09 b  omc=1.837272e-09 b  rel=0.00e+00  
Ag107  MT102        own=3.028871e-02 b  omc=3.028871e-02 b  rel=0.00e+00  
Ag107  MT102  lfs=0 own=2.950822e-02 b  omc=2.950822e-02 b  rel=0.00e+00  
Ag107  MT102  lfs=1 own=7.804942e-04 b  omc=7.804942e-04 b  rel=0.00e+00  
W186   MT102        own=6.922947e-02 b  omc=6.922947e-02 b  rel=0.00e+00  
W186   MT16   lfs=0 own=8.960368e-01 b  omc=8.960368e-01 b  rel=0.00e+00  
W186   MT16   lfs=1 own=6.212343e-01 b  omc=6.212343e-01 b  rel=0.00e+00  
openmc errors: None
TENDL: {'LRP': 1, 'EL_eV': 1e-05, 'EH_eV': 850010.0, 'LRU': 1, 'LRF': 3, 'note': 'resolved-resonance reconstruction required before collapse; not attempted in P1'}
Fe56   MT102        own=1.340041e-03 b  omc=1.340041e-03 b  rel=0.00e+00  
Fe56   MT103        own=9.398681e-02 b  omc=9.398681e-02 b  rel=0.00e+00  
Fe56   MT107        own=3.641714e-02 b  omc=3.641714e-02 b  rel=0.00e+00  
Fe56   MT16         own=4.424524e-01 b  omc=4.424524e-01 b  rel=0.00e+00  
Fe56   MT105        own=8.475636e-05 b  omc=8.475636e-05 b  rel=0.00e+00  
Fe56   MT104        own=7.468242e-03 b  omc=7.468242e-03 b  rel=0.00e+00  
Fe56   MT28         own=8.297874e-02 b  omc=8.297874e-02 b  rel=0.00e+00  
Fe56   MT22         own=2.586244e-03 b  omc=2.586244e-03 b  rel=0.00e+00  
Fe56   MT32         own=0.000000e+00 b  omc=0.000000e+00 b  rel=0.00e+00  
Fe56   MT111        own=1.837272e-09 b  omc=1.837272e-09 b  rel=0.00e+00  
Ag107  MT102        own=3.028871e-02 b  omc=3.028871e-02 b  rel=0.00e+00  
Ag107  MT102  lfs=0 own=2.950822e-02 b  omc=2.950822e-02 b  rel=0.00e+00  
Ag107  MT102  lfs=1 own=7.804942e-04 b  omc=7.804942e-04 b  rel=0.00e+00  
W186   MT102        own=6.922947e-02 b  omc=6.922947e-02 b  rel=0.00e+00  
W186   MT16   lfs=0 own=8.960368e-01 b  omc=8.960368e-01 b  rel=0.00e+00  
W186   MT16   lfs=1 own=6.212343e-01 b  omc=6.212343e-01 b  rel=0.00e+00  
openmc errors: None
TENDL: {'LRP': 1, 'EL_eV': 1e-05, 'EH_eV': 850010.0, 'LRU': 1, 'LRF': 3, 'note': 'resolved-resonance reconstruction required before collapse; not attempted in P1'}
Fe56   MT102        own=1.340041e-03 b  omc=1.340041e-03 b  rel=0.00e+00  
Fe56   MT103        own=9.398681e-02 b  omc=9.398681e-02 b  rel=0.00e+00  
Fe56   MT107        own=3.641714e-02 b  omc=3.641714e-02 b  rel=0.00e+00  
Fe56   MT16         own=4.424524e-01 b  omc=4.424524e-01 b  rel=0.00e+00  
Fe56   MT105        own=8.475636e-05 b  omc=8.475636e-05 b  rel=0.00e+00  
Fe56   MT104        own=7.468242e-03 b  omc=7.468242e-03 b  rel=0.00e+00  
Fe56   MT28         own=8.297874e-02 b  omc=8.297874e-02 b  rel=0.00e+00  
Fe56   MT22         own=2.586244e-03 b  omc=2.586244e-03 b  rel=0.00e+00  
Fe56   MT32         own=0.000000e+00 b  omc=0.000000e+00 b  rel=0.00e+00  
Fe56   MT111        own=1.837272e-09 b  omc=1.837272e-09 b  rel=0.00e+00  
Ag107  MT102        own=3.028871e-02 b  omc=3.028871e-02 b  rel=0.00e+00  
Ag107  MT102  lfs=0 own=2.950822e-02 b  omc=2.950822e-02 b  rel=0.00e+00  
Ag107  MT102  lfs=1 own=7.804942e-04 b  omc=7.804942e-04 b  rel=0.00e+00  
W186   MT102        own=6.922947e-02 b  omc=6.922947e-02 b  rel=0.00e+00  
W186   MT16   lfs=0 own=8.960368e-01 b  omc=8.960368e-01 b  rel=0.00e+00  
W186   MT16   lfs=1 own=6.212343e-01 b  omc=6.212343e-01 b  rel=0.00e+00  
openmc errors: None
TENDL: {'LRP': 1, 'EL_eV': 1e-05, 'EH_eV': 850010.0, 'LRU': 1, 'LRF': 3, 'note': 'resolved-resonance reconstruction required before collapse; not attempted in P1'}
Fe56   MT102        own=1.340041e-03 b  omc=1.340041e-03 b  rel=0.00e+00  
Fe56   MT103        own=9.398681e-02 b  omc=9.398681e-02 b  rel=0.00e+00  
Fe56   MT107        own=3.641714e-02 b  omc=3.641714e-02 b  rel=0.00e+00  
Fe56   MT16         own=4.424524e-01 b  omc=4.424524e-01 b  rel=0.00e+00  
Fe56   MT105        own=8.475636e-05 b  omc=8.475636e-05 b  rel=0.00e+00  
Fe56   MT104        own=7.468242e-03 b  omc=7.468242e-03 b  rel=0.00e+00  
Fe56   MT28         own=8.297874e-02 b  omc=8.297874e-02 b  rel=0.00e+00  
Fe56   MT22         own=2.586244e-03 b  omc=2.586244e-03 b  rel=0.00e+00  
Fe56   MT32         own=0.000000e+00 b  omc=0.000000e+00 b  rel=0.00e+00  
Fe56   MT111        own=1.837272e-09 b  omc=1.837272e-09 b  rel=0.00e+00  
Ag107  MT102        own=3.028871e-02 b  omc=3.028871e-02 b  rel=0.00e+00  
Ag107  MT102  lfs=0 own=2.950822e-02 b  omc=2.950822e-02 b  rel=0.00e+00  
Ag107  MT102  lfs=1 own=7.804942e-04 b  omc=7.804942e-04 b  rel=0.00e+00  
W186   MT102        own=6.922947e-02 b  omc=6.922947e-02 b  rel=0.00e+00  
W186   MT16   lfs=0 own=8.960368e-01 b  omc=8.960368e-01 b  rel=0.00e+00  
W186   MT16   lfs=1 own=6.212343e-01 b  omc=6.212343e-01 b  rel=0.00e+00  
openmc errors: None
TENDL: {'LRP': 1, 'EL_eV': 1e-05, 'EH_eV': 850010.0, 'LRU': 1, 'LRF': 3, 'note': 'resolved-resonance reconstruction required before collapse; not attempted in P1'}
Fe56   MT102        own=1.340041e-03 b  omc=1.340041e-03 b  rel=0.00e+00  
Fe56   MT103        own=9.398681e-02 b  omc=9.398681e-02 b  rel=0.00e+00  
Fe56   MT107        own=3.641714e-02 b  omc=3.641714e-02 b  rel=0.00e+00  
Fe56   MT16         own=4.424524e-01 b  omc=4.424524e-01 b  rel=0.00e+00  
Fe56   MT105        own=8.475636e-05 b  omc=8.475636e-05 b  rel=0.00e+00  
Fe56   MT104        own=7.468242e-03 b  omc=7.468242e-03 b  rel=0.00e+00  
Fe56   MT28         own=8.297874e-02 b  omc=8.297874e-02 b  rel=0.00e+00  
Fe56   MT22         own=2.586244e-03 b  omc=2.586244e-03 b  rel=0.00e+00  
Fe56   MT32         own=0.000000e+00 b  omc=0.000000e+00 b  rel=0.00e+00  
Fe56   MT111        own=1.837272e-09 b  omc=1.837272e-09 b  rel=0.00e+00  
Ag107  MT102        own=3.028871e-02 b  omc=3.028871e-02 b  rel=0.00e+00  
Ag107  MT102  lfs=0 own=2.950822e-02 b  omc=2.950822e-02 b  rel=0.00e+00  
Ag107  MT102  lfs=1 own=7.804942e-04 b  omc=7.804942e-04 b  rel=0.00e+00  
W186   MT102        own=6.922947e-02 b  omc=6.922947e-02 b  rel=0.00e+00  
W186   MT16   lfs=0 own=8.960368e-01 b  omc=8.960368e-01 b  rel=0.00e+00  
W186   MT16   lfs=1 own=6.212343e-01 b  omc=6.212343e-01 b  rel=0.00e+00  
openmc errors: None
TENDL: {'LRP': 1, 'EL_eV': 1e-05, 'EH_eV': 850010.0, 'LRU': 1, 'LRF': 3, 'note': 'resolved-resonance reconstruction required before collapse; not attempted in P1'}
Fe56   MT102        own=1.340041e-03 b  omc=1.340041e-03 b  rel=0.00e+00  
Fe56   MT103        own=9.398681e-02 b  omc=9.398681e-02 b  rel=0.00e+00  
Fe56   MT107        own=3.641714e-02 b  omc=3.641714e-02 b  rel=0.00e+00  
Fe56   MT16         own=4.424524e-01 b  omc=4.424524e-01 b  rel=0.00e+00  
Fe56   MT105        own=8.475636e-05 b  omc=8.475636e-05 b  rel=0.00e+00  
Fe56   MT104        own=7.468242e-03 b  omc=7.468242e-03 b  rel=0.00e+00  
Fe56   MT28         own=8.297874e-02 b  omc=8.297874e-02 b  rel=0.00e+00  
Fe56   MT22         own=2.586244e-03 b  omc=2.586244e-03 b  rel=0.00e+00  
Fe56   MT32         own=0.000000e+00 b  omc=0.000000e+00 b  rel=0.00e+00  
Fe56   MT111        own=1.837272e-09 b  omc=1.837272e-09 b  rel=0.00e+00  
Ag107  MT102        own=3.028871e-02 b  omc=3.028871e-02 b  rel=0.00e+00  
Ag107  MT102  lfs=0 own=2.950822e-02 b  omc=2.950822e-02 b  rel=0.00e+00  
Ag107  MT102  lfs=1 own=7.804942e-04 b  omc=7.804942e-04 b  rel=0.00e+00  
W186   MT102        own=6.922947e-02 b  omc=6.922947e-02 b  rel=0.00e+00  
W186   MT16   lfs=0 own=8.960368e-01 b  omc=8.960368e-01 b  rel=0.00e+00  
W186   MT16   lfs=1 own=6.212343e-01 b  omc=6.212343e-01 b  rel=0.00e+00  
openmc errors: None
TENDL: {'LRP': 1, 'EL_eV': 1e-05, 'EH_eV': 850010.0, 'LRU': 1, 'LRF': 3, 'note': 'resolved-resonance reconstruction required before collapse; not attempted in P1'}
  2401/2847 n_085-At-224_8588.dat 575.0s rows=46 led=1  total 12958s
  2451/2847 n_087-Fr-223_8758.dat 53.4s rows=60 led=1  total 13272s
Fe56   MT102        own=1.340041e-03 b  omc=1.340041e-03 b  rel=0.00e+00  
Fe56   MT103        own=9.398681e-02 b  omc=9.398681e-02 b  rel=0.00e+00  
Fe56   MT107        own=3.641714e-02 b  omc=3.641714e-02 b  rel=0.00e+00  
Fe56   MT16         own=4.424524e-01 b  omc=4.424524e-01 b  rel=0.00e+00  
Fe56   MT105        own=8.475636e-05 b  omc=8.475636e-05 b  rel=0.00e+00  
Fe56   MT104        own=7.468242e-03 b  omc=7.468242e-03 b  rel=0.00e+00  
Fe56   MT28         own=8.297874e-02 b  omc=8.297874e-02 b  rel=0.00e+00  
Fe56   MT22         own=2.586244e-03 b  omc=2.586244e-03 b  rel=0.00e+00  
Fe56   MT32         own=0.000000e+00 b  omc=0.000000e+00 b  rel=0.00e+00  
Fe56   MT111        own=1.837272e-09 b  omc=1.837272e-09 b  rel=0.00e+00  
Ag107  MT102        own=3.028871e-02 b  omc=3.028871e-02 b  rel=0.00e+00  
Ag107  MT102  lfs=0 own=2.950822e-02 b  omc=2.950822e-02 b  rel=0.00e+00  
Ag107  MT102  lfs=1 own=7.804942e-04 b  omc=7.804942e-04 b  rel=0.00e+00  
W186   MT102        own=6.922947e-02 b  omc=6.922947e-02 b  rel=0.00e+00  
W186   MT16   lfs=0 own=8.960368e-01 b  omc=8.960368e-01 b  rel=0.00e+00  
W186   MT16   lfs=1 own=6.212343e-01 b  omc=6.212343e-01 b  rel=0.00e+00  
openmc errors: None
TENDL: {'LRP': 1, 'EL_eV': 1e-05, 'EH_eV': 850010.0, 'LRU': 1, 'LRF': 3, 'note': 'resolved-resonance reconstruction required before collapse; not attempted in P1'}
Fe56   MT102        own=1.340041e-03 b  omc=1.340041e-03 b  rel=0.00e+00  
Fe56   MT103        own=9.398681e-02 b  omc=9.398681e-02 b  rel=0.00e+00  
Fe56   MT107        own=3.641714e-02 b  omc=3.641714e-02 b  rel=0.00e+00  
Fe56   MT16         own=4.424524e-01 b  omc=4.424524e-01 b  rel=0.00e+00  
Fe56   MT105        own=8.475636e-05 b  omc=8.475636e-05 b  rel=0.00e+00  
Fe56   MT104        own=7.468242e-03 b  omc=7.468242e-03 b  rel=0.00e+00  
Fe56   MT28         own=8.297874e-02 b  omc=8.297874e-02 b  rel=0.00e+00  
Fe56   MT22         own=2.586244e-03 b  omc=2.586244e-03 b  rel=0.00e+00  
Fe56   MT32         own=0.000000e+00 b  omc=0.000000e+00 b  rel=0.00e+00  
Fe56   MT111        own=1.837272e-09 b  omc=1.837272e-09 b  rel=0.00e+00  
Ag107  MT102        own=3.028871e-02 b  omc=3.028871e-02 b  rel=0.00e+00  
Ag107  MT102  lfs=0 own=2.950822e-02 b  omc=2.950822e-02 b  rel=0.00e+00  
Ag107  MT102  lfs=1 own=7.804942e-04 b  omc=7.804942e-04 b  rel=0.00e+00  
W186   MT102        own=6.922947e-02 b  omc=6.922947e-02 b  rel=0.00e+00  
W186   MT16   lfs=0 own=8.960368e-01 b  omc=8.960368e-01 b  rel=0.00e+00  
W186   MT16   lfs=1 own=6.212343e-01 b  omc=6.212343e-01 b  rel=0.00e+00  
openmc errors: None
TENDL: {'LRP': 1, 'EL_eV': 1e-05, 'EH_eV': 850010.0, 'LRU': 1, 'LRF': 3, 'note': 'resolved-resonance reconstruction required before collapse; not attempted in P1'}
